treatment,t_h,E_umol,R_umol,G_umol,exported_umol,B_units,U_umol_h,A_umol_h
depleted,0.0,20.0,1.0,10.0,0.0,1.0,3.4224598930481283,0.2333333333333333
depleted,0.02,19.931803196589815,1.0634322666324048,10.004764536777781,0.0,1.0004764536777782,3.397085805790678,0.2430364388637271
depleted,0.04,19.864121605613917,1.126160169791865,10.009718224594216,0.0,1.0009718224594217,3.370955909827691,0.25225448546995155
depleted,0.06,19.79696932134415,1.1881789645831207,10.01485171407273,0.0,1.001485171407273,3.3441716932962433,0.26102211133608677
depleted,0.08,19.730358451958736,1.2494852307430546,10.020156317298209,0.0,1.002015631729821,3.3168302039978332,0.26937088363795997
depleted,0.1,19.664299212383092,1.3100768378285426,10.025623949788368,0.0,1.002562394978837,3.28902366421497,0.27732962990601784
depleted,0.12,19.59880002376963,1.3699528975802795,10.03124707865009,0.0,1.003124707865009,3.2608391908588166,0.2849247263202787
depleted,0.14,19.533867617588477,1.4291137062859194,10.037018676125607,0.0,1.0037018676125606,3.2323586117735608,0.29218034952833627
depleted,0.16,19.469507142525245,1.4875606796163283,10.042932177858429,0.0,1.0042932177858428,3.2036583681544726,0.29911869742708636
depleted,0.18,19.40572227254782,1.5452962821509424,10.048981445301242,0.0,1.0048981445301242,3.174809492590571,0.30576018342825123
depleted,0.2,19.342515314748532,1.6023239534747244,10.055160731776748,0.0,1.0055160731776749,3.1458776522371332,0.3121236079700366
depleted,0.22,19.279887315752294,1.6586480324805415,10.061464651767166,0.0,1.0061464651767165,3.116923246892088,0.31822631042668237
depleted,0.24,19.217838165701664,1.7142736812290433,10.067888153069294,0.0,1.0067888153069293,3.0880015522875937,0.3240843040620765
depleted,0.26,19.156366698994745,1.7692068095080504,10.074426491497206,0.0,1.0074426491497206,3.0591628995856084,0.32971239626301213
depleted,0.28,19.09547079114261,1.823454000998561,10.08107520785883,0.0,1.0081075207858832,3.030452882882558,0.3351242959440723
depleted,0.3,19.03514745125655,1.8770224417777497,10.087830106965704,0.0,1.0087830106965705,3.001912587383204,0.34033270973486957
depleted,0.32,18.97539290982209,1.9299198517116267,10.094687238466284,0.0,1.0094687238466284,2.973578831792312,0.34534942832425225
depleted,0.34,18.91620270152826,1.9821544191543514,10.101642879317389,0.0,1.010164287931739,2.9454844193357066,0.3501854041408163
depleted,0.36,18.85757174303119,2.033734739237538,10.108693517731272,0.0,1.010869351773127,2.9176583926599378,0.35485082138381524
depleted,0.38,18.799494405614517,2.084669755931245,10.115835838454238,0.0,1.011583583845424,2.8901262886357455,0.3593551592807019
depleted,0.4,18.74196458278269,2.134968707968185,10.123066709249128,0.0,1.0123066709249129,2.8629103898054926,0.3637072493306596
depleted,0.42,18.68497575288084,2.1846410786511092,10.130383168468054,0.0,1.0130383168468053,2.836029969857525,0.36791532719468806
depleted,0.44,18.628521036882326,2.2336965495034344,10.137782413614241,0.0,1.013778241361424,2.8095015310818963,0.3719870798086174
depleted,0.46,18.572593251521184,2.28214495767609,10.14526179080273,0.0,1.0145261790802729,2.783339032261334,0.37592968822360384
depleted,0.48,18.517184957971352,2.3299962569898507,10.1528187850388,0.0,1.01528187850388,2.75755410587994,0.37974986661735516
depleted,0.5,18.462288506295543,2.3772604824627788,10.160451011241681,0.0,1.0160451011241682,2.7321562638996624,0.3834538978662438
depleted,0.52,18.407896075896367,2.4239477181554943,10.16815620594814,0.0,1.016815620594814,2.707153091659512,0.38704766602304497
depleted,0.54,18.353999712210843,2.470068068151791,10.17593221963737,0.0,1.017593221963737,2.6825504297072995,0.3905366860053812
depleted,0.56,18.30059135988798,2.515631630488076,10.183777009623945,0.0,1.0183777009623944,2.6583525435770263,0.39392613076591115
depleted,0.58,18.24766289269074,2.560648473838188,10.191688633471072,0.0,1.0191688633471072,2.63456228169157,0.39722085618516056
depleted,0.6,18.19520614035565,2.605128616763659,10.199665242880691,0.0,1.019966524288069,2.6111812216962247,0.40042542390201114
depleted,0.62,18.143212912638912,2.649082009339833,10.207705078021258,0.0,1.0207705078021259,2.5882098056275096,0.4035441222737937
depleted,0.64,18.091675020765965,2.6925185169766412,10.215806462257397,0.0,1.0215806462257397,2.5656474643905613,0.4065809856380371
depleted,0.66,18.040584296494764,2.735447906256086,10.223967797249152,0.0,1.0223967797249152,2.543492732069779,0.4095398120299636
depleted,0.68,17.98993260898945,2.777879832619291,10.232187558391264,0.0,1.0232187558391264,2.521743350626634,0.41242417949435867
depleted,0.7000000000000001,17.93971187969199,2.8198238297422633,10.240464290565747,0.0,1.0240464290565747,2.5003963655563695,0.41523746111642107
depleted,0.72,17.889914095365665,2.861289300451185,10.248796604183154,0.0,1.0248796604183155,2.4794482130782627,0.4179828388840496
depleted,0.74,17.84053131947508,2.902285509034631,10.257183171490292,0.0,1.0257183171490292,2.458894799430943,0.42066331648290034
depleted,0.76,17.79155570205431,2.9428215748217794,10.265622723123913,0.0,1.0265622723123913,2.4387315728307812,0.42328173111593587
depleted,0.78,17.742979488205066,2.9829064669031657,10.274114044891771,0.0,1.0274114044891771,2.418953588634817,0.4258407644303582
depleted,0.8,17.694795025354722,3.0225489998813826,10.282655974763898,0.0,1.02826559747639,2.3995555682269933,0.4283429526271383
depleted,0.8200000000000001,17.646994769395647,3.0617578305458863,10.291247400058472,0.0,1.0291247400058472,2.38053195212321,0.4307906958212488
depleted,0.84,17.59957128981603,3.100541455376052,10.29988725480792,0.0,1.029988725480792,2.3618769477635433,0.43318626671453925
depleted,0.86,17.55251727392462,3.1389082087832785,10.308574517292104,0.0,1.0308574517292104,2.3435845724334583,0.4355318186374844
depleted,0.88,17.505825530261895,3.1768662620117003,10.317308207726407,0.0,1.0317308207726408,2.3256486917275034,0.4378293930110402
depleted,0.9,17.459488991283568,3.2144236226227307,10.326087386093704,0.0,1.0326087386093703,2.308063053942364,0.44008092627519696
depleted,0.92,17.41350071539376,3.251588134496354,10.334911150109889,0.0,1.033491115010989,2.290821320758466,0.4422882563267606
depleted,0.9400000000000001,17.367853888399036,3.2883674782873618,10.343778633313606,0.0,1.0343778633313607,2.273917094543726,0.44445312850512214
depleted,0.96,17.322541824447327,3.3247691722812274,10.352689003271449,0.0,1.035268900327145,2.257343942587447,0.44657720116145483
depleted,0.98,17.277557966510663,3.360800573598672,10.361641459890668,0.0,1.036164145989067,2.241095418548879,0.44866205084368327
depleted,1.0,17.23289588646449,3.3964688797035474,10.370635233831967,0.0,1.0370635233831966,2.2251650813818666,0.45070917712684144
depleted,1.02,17.188549284811803,3.4317811301725882,10.37966958501561,0.0,1.0379669585015612,2.2095465119759323,0.45272000711591215
depleted,1.04,17.144511990095342,3.4667442086901565,10.388743801214503,0.0,1.0388743801214502,2.1942333277337687,0.45469589964598045
depleted,1.06,17.100777958037256,3.501364845234308,10.39785719672844,0.0,1.039785719672844,2.179219195286744,0.4566381492024498
depleted,1.08,17.05734127044147,3.5356496184243915,10.407009111134144,0.0,1.0407009111134145,2.164497841532284,0.4585479895822044
depleted,1.1,17.01419613389076,3.569604958003151,10.416198908106091,0.0,1.0416198908106091,2.1500630631610695,0.4604265973148815
depleted,1.12,16.97133687826701,3.603237147429479,10.425425974303513,0.0,1.0425425974303513,2.1359087348268497,0.4622750948618652
depleted,1.1400000000000001,16.928757955120517,3.636552326560194,10.43468971831929,0.0,1.043468971831929,2.1220288160980556,0.46409455360918456
depleted,1.16,16.88645393591138,3.669556494401851,10.44398956968677,0.0,1.0443989569686771,2.108417357317569,0.46588599666920993
depleted,1.18,16.84441951014366,3.70225551191552,10.453324977940824,0.0,1.0453324977940823,2.0950685044854462,0.46765040150485243
depleted,1.2,16.802649483410747,3.7346551048595544,10.462695411729703,0.0,1.0462695411729703,2.0819765032686086,0.46938870238889313
depleted,1.22,16.761138775368497,3.766760866656946,10.472100357974561,0.0,1.047210035797456,2.0691357022318053,0.47110179271007907
depleted,1.24,16.719882417650812,3.798578261275567,10.481539321073626,0.0,1.0481539321073625,2.056540555375167,0.47279052713671693
depleted,1.26,16.678875551740752,3.8301126261109344,10.491011822148318,0.0,1.0491011822148317,2.0441856240554843,0.47445572364766747
depleted,1.28,16.638113426808797,3.8613691748624723,10.500517398328736,0.0,1.0500517398328735,2.032065578360928,0.47609816543989
depleted,1.3,16.59759139752855,3.8923530003953277,10.510055602076127,0.0,1.0510055602076127,2.0201751980021294,0.47771860272097966
depleted,1.32,16.557304921878984,3.9230690775808954,10.519626000540127,0.0,1.0519626000540128,2.008509372776349,0.47931775439451535
depleted,1.34,16.51724955894123,3.95352226611008,10.529228174948694,0.0,1.0529228174948693,1.9970631026558758,0.48089630964543834
depleted,1.36,16.47742096669699,3.9837173132742056,10.538861720028807,0.0,1.0538861720028807,1.9858314975466842,0.4824549294321547
depleted,1.3800000000000001,16.4378148998347,4.013658856709177,10.548526243456127,0.0,1.0548526243456127,1.974809776758735,0.4839942478915498
depleted,1.4000000000000001,16.398427207568865,4.043351427099203,10.558221365331933,0.0,1.0558221365331932,1.9639932682251582,0.48551487366265667
depleted,1.42,16.359253831477268,4.07279945083697,10.567946717685762,0.0,1.0567946717685763,1.9533774075036936,0.48701739113429887
depleted,1.44,16.320290803360024,4.102007252637691,10.577701944002289,0.0,1.057770194400229,1.9429577365903599,0.4885023616216417
depleted,1.46,16.281534243124046,4.130979058104899,10.587486698771055,0.0,1.0587486698771056,1.932729902572206,0.48997032447623395
depleted,1.48,16.242980356695877,4.1597189962463395,10.597300647057784,0.0,1.0597300647057784,1.9226896561431515,0.4914217981337947
depleted,1.5,16.204625433965347,4.188231101938613,10.607143464096042,0.0,1.0607143464096043,1.9128328500044023,0.4928572811036944
depleted,1.52,16.166465846762247,4.216519318339597,10.617014834898155,0.0,1.0617014834898155,1.9031554371686152,0.49427725290380975
depleted,1.54,16.128498046867744,4.244587499247958,10.6269144538843,0.0,1.06269144538843,1.8936534691849134,0.4956821749441648
depleted,1.56,16.090718564061927,4.272439411409302,10.636842024528772,0.0,1.0636842024528772,1.8843230942999563,0.4970724913625429
depleted,1.58,16.053124004208694,4.300078736768781,10.646797259022524,0.0,1.0646797259022525,1.875160555568609,0.49844862981502686
depleted,1.6,16.015711047378797,4.327509074670116,10.656779877951088,0.0,1.0656779877951088,1.8661621889262134,0.4998110022242295
depleted,1.62,15.97847644601175,4.354733944001205,10.666789609987044,0.0,1.0666789609987044,1.8573244212330824,0.5011600054877816
depleted,1.6400000000000001,15.941417023117062,4.381756785286638,10.676826191596302,0.0,1.0676826191596303,1.8486437683006167,0.5024960221494784
depleted,1.6600000000000001,15.904529670515016,4.4085809627275525,10.686889366757432,0.0,1.0686889366757433,1.8401168329073248,0.5038194210353175
depleted,1.68,15.867811347117225,4.435209766189373,10.696978886693403,0.0,1.0696978886693402,1.8317403028120405,0.5051305578565188
depleted,1.7,15.831259077246846,4.461646413138104,10.70709450961505,0.0,1.070709450961505,1.8235109487706904,0.5064297757814739
depleted,1.72,15.794869948998414,4.4878940505258935,10.717236000475694,0.0,1.0717236000475694,1.8154256225622158,0.5077174059784461
depleted,1.74,15.758641112636997,4.513955756626671,10.727403130736333,0.0,1.0727403130736333,1.8074812550284818,0.5089937681307258
depleted,1.76,15.7225697790364,4.539834542822719,10.737595678140881,0.0,1.073759567814088,1.7996748541323881,0.5102591709258301
depleted,1.78,15.68665321815598,4.565533355343084,10.747813426500937,0.0,1.0747813426500936,1.7920035030377868,0.5115139125202379
depleted,1.8,15.650888757555622,4.591055076954763,10.758056165489615,0.0,1.0758056165489616,1.7844643582143234,0.5127582809810555
depleted,1.82,15.615273780948346,4.616402528607655,10.768323690444,0.0,1.0768323690444,1.7770546475698146,0.5139925547059143
depleted,1.84,15.57980572678998,4.641578471034251,10.778615802175771,0.0,1.077861580217577,1.769771668612409,0.5152170028223304
depleted,1.86,15.544482086905258,4.666585606305096,10.788932306789647,0.0,1.0788932306789647,1.762612786644351,0.5164318855676652
depleted,1.8800000000000001,15.50930040514974,4.691426579341048,10.799273015509215,0.0,1.0799273015509214,1.7555754329888806,0.5176374546507667
depleted,1.9000000000000001,15.474258276106822,4.716103979383341,10.809637744509839,0.0,1.080963774450984,1.7486571032514915,0.5188339535962995
depleted,1.92,15.4393533438192,4.740620341422521,10.820026314758282,0.0,1.0820026314758282,1.7418553556165124,0.5200216180727073
depleted,1.94,15.404583300554012,4.764978147587262,10.830438551858729,0.0,1.0830438551858728,1.7351678091797291,0.5212006762046998
depleted,1.96,15.369945885600997,4.789179828494093,10.840874285904913,0.0,1.0840874285904913,1.7285921423175994,0.5223713488710958
depleted,1.98,15.335438884102862,4.813227764559073,10.851333351338067,0.0,1.0851333351338066,1.7221260910933827,0.5235338499888089
depleted,2.0,15.30106012591719,4.837124287272405,10.861815586810408,0.0,1.0861815586810408,1.715767447700384,0.5246883867837127
depleted,2.02,15.266807484509085,4.860871680436991,10.872320835053927,0.0,1.0872320835053926,1.7095140589423563,0.5258351600490766
depleted,2.04,15.232678875873868,4.884472181371923,10.882848942754212,0.0,1.088284894275421,1.7033638247509897,0.5269743643922294
depleted,2.06,15.198672257489012,4.907927982081872,10.89339976042912,0.0,1.0893399760429119,1.6973146967402957,0.5281061884700592
depleted,2.08,15.164785627294668,4.931241230393322,10.903973142312013,0.0,1.0903973142312013,1.6913646767976176,0.5292308152139317
depleted,2.1,15.13101702270197,4.9544140310586,10.914568946239433,0.0,1.0914568946239434,1.685511815710916,0.5303484220445704
depleted,2.12,15.09736451962846,4.977448446828598,10.925187033542946,0.0,1.0925187033542945,1.6797542118318884,0.5314591810774115
depleted,2.14,15.063826231559881,5.000346499495107,10.935827268945014,0.0,1.0935827268945013,1.6740900097744602,0.5325632593189172
depleted,2.16,15.030400308637663,5.023110170903624,10.946489520458714,0.0,1.0946489520458713,1.668517399148088,0.5336608188543046
depleted,2.18,14.99708493677139,5.045741403937495,10.957173659291117,0.0,1.0957173659291117,1.6630346133253229,0.5347520170271195
depleted,2.2,14.96387833677558,5.068242103474237,10.967879559750186,0.0,1.0967879559750187,1.6576399282430045,0.5358370066110619
depleted,2.22,14.930778763530112,5.090614137314856,10.978607099155033,0.0,1.0978607099155033,1.6523316612364471,0.5369159359744476
depleted,2.24,14.897784505163651,5.112859337086946,10.989356157749405,0.0,1.0989356157749406,1.6471081699059715,0.5379889492376656
depleted,2.2600000000000002,14.864893882259407,5.134979499122356,11.00012661861824,0.0,1.100012661861824,1.6419678510150741,0.5390561864239755
depleted,2.2800000000000002,14.832105247082644,5.1569763853101875,11.01091836760717,0.0,1.101091836760717,1.6369091394195567,0.5401177836039686
depleted,2.3000000000000003,14.799416982829282,5.178851723925839,11.021731293244882,0.0,1.102173129324488,1.6319305070269101,0.5411738730339967
depleted,2.32,14.766827502895019,5.200607210436831,11.032565286668152,0.0,1.1032565286668152,1.6270304617852376,0.5422245832888594
depleted,2.34,14.7343352501644,5.2222445082861,11.0434202415495,0.0,1.10434202415495,1.6222075467009924,0.5432700393890224
depleted,2.36,14.70193869631923,5.243765249653433,11.054296054027338,0.0,1.1054296054027337,1.617460338884848,0.5443103629226265
depleted,2.38,14.669636341165804,5.265171036195705,11.065192622638493,0.0,1.1065192622638493,1.6127874486249518,0.5453456721625324
depleted,2.4,14.637426711980398,5.2864634397665675,11.076109848253036,0.0,1.1076109848253037,1.6081875184868661,0.5463760821786325
depleted,2.42,14.605308362872513,5.307644003116178,11.08704763401131,0.0,1.1087047634011309,1.603659222439512,0.5474017049456514
depleted,2.44,14.573279874165328,5.328714240571608,11.098005885263065,0.0,1.1098005885263065,1.5992012650063958,0.5484226494466427
depleted,2.46,14.541339851792898,5.349675638698475,11.108984509508629,0.0,1.1108984509508628,1.5948123804414376,0.5494390217723775
depleted,2.48,14.509486926713578,5.370529656944404,11.119983416342018,0.0,1.1119983416342019,1.590491331928734,0.5504509252168178
depleted,2.5,14.477719754339239,5.391277728264829,11.131002517395933,0.0,1.1131002517395934,1.5862369108055818,0.5514584603688455
depleted,2.52,14.446037013979776,5.4119212597316935,11.142041726288532,0.0,1.1142041726288532,1.5820479358081043,0.5524617252004212
depleted,2.54,14.414437408302495,5.43246163312555,11.153100958571956,0.0,1.1153100958571955,1.577923252338844,0.5534608151513302
depleted,2.56,14.382919662805929,5.452900205511571,11.164180131682501,0.0,1.1164180131682502,1.573861731755692,0.554455823210668
depleted,2.58,14.351482525307672,5.473238309799935,11.175279164892395,0.0,1.1175279164892395,1.5698622706815288,0.5554468399952112
depleted,2.6,14.320124765445811,5.493477255291086,11.186397979263104,0.0,1.1186397979263103,1.56592379033398,0.5564339538248089
depleted,2.62,14.288845174193572,5.513618328206294,11.197536497600135,0.0,1.1197536497600136,1.562045235874703,0.5574172507949261
depleted,2.64,14.257642563386787,5.533662792203974,11.208694644409242,0.0,1.1208694644409243,1.558225575777605,0.5583968148464639
depleted,2.66,14.226515765263812,5.553611888882179,11.21987234585401,0.0,1.1219872345854012,1.5544638012154652,0.559372727832972
depleted,2.68,14.195463632017544,5.57346683826769,11.23106952971477,0.0,1.123106952971477,1.550758925464385,0.5603450695853682
depleted,2.7,14.164485035359148,5.593228839292098,11.242286125348757,0.0,1.1242286125348757,1.5471099833255402,0.5613139179742703
depleted,2.72,14.133578866093213,5.612899070255263,11.253522063651529,0.0,1.1253522063651529,1.5435160305637308,0.5622793489700411
depleted,2.74,14.10274403370395,5.632478689276532,11.264777277019522,0.0,1.1264777277019522,1.5399761433621881,0.5632414367006447
depleted,2.7600000000000002,14.071979465952147,5.651968834734077,11.276051699313781,0.0,1.127605169931378,1.5364894177931878,0.5642002535074067
depleted,2.7800000000000002,14.04128410848255,5.671370625692696,11.287345265824756,0.0,1.1287345265824755,1.5330549693039601,0.5651558699987626
depleted,2.8000000000000003,14.01065692444139,5.69068516232044,11.298657913238173,0.0,1.1298657913238173,1.5296719322174441,0.5661083551020816
depleted,2.82,13.980096894103726,5.709913526294366,11.309989579601913,0.0,1.1309989579601913,1.5263394592474355,0.5670577761136443
depleted,2.84,13.949603014510371,5.729056781195761,11.321340204293872,0.0,1.1321340204293873,1.5230567210276784,0.5680041987468484
depleted,2.86,13.91917429911409,5.748115972895139,11.332709727990776,0.0,1.1332709727990777,1.5198229056544919,0.5689476871787175
depleted,2.88,13.888809777434803,5.767092129927297,11.344098092637903,0.0,1.1344098092637904,1.5166372182425014,0.5698883040947804
depleted,2.9,13.858508494723566,5.785986263856749,11.35550524141969,0.0,1.135550524141969,1.5134988804930807,0.5708261107323876
depleted,2.92,13.828269511635039,5.80479936963378,11.366931118731186,0.0,1.1366931118731185,1.5104071302751205,0.571761166922526
depleted,2.94,13.798091903908237,5.823532425941431,11.378375670150335,0.0,1.1378375670150336,1.507361221217732,0.5726935311301949
depleted,2.96,13.767974762055296,5.842186395533657,11.38983884241105,0.0,1.138983884241105,1.5043604223145306,0.5736232604933982
depleted,2.98,13.737917191058049,5.86076222556491,11.401320583377045,0.0,1.1401320583377044,1.501404017539145,0.5745504108608072
depleted,3.0,13.707918310072177,5.879260847911408,11.41282084201642,0.0,1.141282084201642,1.4984913054715991,0.5754750368281497
depleted,3.02,13.67797725213873,5.8976831794843205,11.424339568376952,0.0,1.1424339568376953,1.4956215989352377,0.5763971917733698
depleted,3.04,13.64809316390281,5.916030122535103,11.43587671356209,0.0,1.143587671356209,1.4927942246438808,0.5773169278906116
depleted,3.06,13.618265205339203,5.934302564953207,11.447432229707594,0.0,1.1447432229707595,1.4900085228588738,0.5782342962230695
depleted,3.08,13.588492549484773,5.95250138055638,11.45900606995885,0.0,1.145900606995885,1.4872638470557529,0.5791493466947483
depleted,3.1,13.558774382177448,5.97062742937377,11.470598188448784,0.0,1.1470598188448784,1.4845595636002142,0.5800621281411766
depleted,3.12,13.529109901801569,5.988681557922033,11.482208540276403,0.0,1.1482208540276404,1.4818950514331153,0.5809726883391129
depleted,3.14,13.499498319039462,6.0066645994746475,11.493837081485895,0.0,1.1493837081485894,1.4792697017642156,0.5818810740352813
depleted,3.16,13.469938856629067,6.02457737432462,11.505483769046316,0.0,1.1505483769046316,1.4766829177744187,0.5827873309741755
depleted,3.18,13.440430749127408,6.042420690040777,11.517148560831817,0.0,1.1517148560831818,1.4741341143262185,0.5836915039249635
depleted,3.2,13.410973242679797,6.060195341717808,11.528831415602397,0.0,1.1528831415602396,1.4716227176821364,0.5845936367075298
depleted,3.22,13.381565594794584,6.07790211222025,11.54053229298517,0.0,1.1540532292985168,1.4691481652308855,0.5854937722176838
depleted,3.24,13.352207074123307,6.095541772420571,11.552251153456124,0.0,1.1552251153456123,1.4667099052210268,0.5863919524515672
depleted,3.2600000000000002,13.322896960246103,6.113115081431519,11.56398795832238,0.0,1.1563987958322381,1.4643073965019087,0.5872882185292896
depleted,3.2800000000000002,13.293634543462217,6.130622786832899,11.575742669704885,0.0,1.1575742669704885,1.4619401082716403,0.5881826107178195
depleted,3.3000000000000003,13.264419124585492,6.148065624892925,11.587515250521585,0.0,1.1587515250521585,1.4596075198319223,0.5890751684531607
depleted,3.3200000000000003,13.235250014744699,6.165444320784293,11.59930566447101,0.0,1.1599305664471011,1.4573091203494923,0.5899659303618333
depleted,3.34,13.206126535188558,6.182759588795141,11.611113876016304,0.0,1.1611113876016304,1.4550444086240097,0.5908549342816946
depleted,3.36,13.177048017095357,6.200012132534999,11.622939850369647,0.0,1.1622939850369647,1.4528128928621828,0.5917422172821138
depleted,3.38,13.148013801387014,6.217202645135899,11.63478355347709,0.0,1.163478355347709,1.4506140904579419,0.5926278156835287
depleted,3.4,13.119023238547488,6.234331809448759,11.646644952003758,0.0,1.1646644952003757,1.4484475277784847,0.5935117650764047
depleted,3.42,13.090075688445397,6.25140029823517,11.658524013319436,0.0,1.1658524013319436,1.4463127399560205,0.5943941003396191
depleted,3.44,13.061170520160763,6.268408774354713,11.67042070548453,0.0,1.167042070548453,1.444209270685039,0.5952748556582883
depleted,3.46,13.03230711181574,6.285357890947922,11.682334997236342,0.0,1.1682334997236343,1.4421366720249345,0.5961540645410582
depleted,3.48,13.003484850409253,6.302248291615017,11.694266857975736,0.0,1.1694266857975735,1.440094504207848,0.597031759836878
depleted,3.5,12.97470313165542,6.319080610590502,11.70621625775408,0.0,1.170621625775408,1.4380823354515404,0.5979079737512734
depleted,3.52,12.945961359825674,6.335855472913767,11.718183167260566,0.0,1.1718183167260565,1.4360997417771804,0.5987827378621371
depleted,3.54,12.917258947594464,6.352573494595763,11.73016755780978,0.0,1.173016755780978,1.4341463068318745,0.5996560831350529
depleted,3.56,12.88859531588849,6.369235282781886,11.742169401329631,0.0,1.1742169401329632,1.4322216217158252,0.6005280399381709
depleted,3.58,12.859969893739319,6.385841435911152,11.754188670349535,0.0,1.1754188670349535,1.4303252848139596,0.6013986380566466
depleted,3.6,12.831382118139345,6.402392543871763,11.766225337988898,0.0,1.1766225337988898,1.4284569016319149,0.6022679067066596
depleted,3.62,12.802831433900977,6.418889188153156,11.778279377945871,0.0,1.177827937794587,1.4266160846362361,0.6031358745490274
depleted,3.64,12.774317293518985,6.435331941994636,11.790350764486384,0.0,1.1790350764486384,1.4248024530986891,0.6040025697024255
depleted,3.66,12.745839157035919,6.451721370530666,11.80243947243342,0.0,1.180243947243342,1.4230156329445358,0.6048680197562287
depleted,3.68,12.717396491910522,6.468058030932918,11.814545477156564,0.0,1.1814545477156564,1.421255256604687,0.6057322517829857
depleted,3.7,12.688988772889068,6.484342472549149,11.826668754561787,0.0,1.1826668754561787,1.4195209628716052,0.6065952923505389
depleted,3.72,12.66061548187954,6.500575237038999,11.838809281081465,0.0,1.1838809281081466,1.4178123967588532,0.6074571675338003
depleted,3.74,12.632276107828583,6.516756858506784,11.850967033664638,0.0,1.1850967033664639,1.4161292093641773,0.6083179029261967
depleted,3.7600000000000002,12.603970146601156,6.532887863631352,11.863141989767497,0.0,1.1863141989767496,1.4144710577360426,0.6091775236507931
depleted,3.7800000000000002,12.575697100862836,6.548968771793095,11.875334127344075,0.0,1.1875334127344075,1.4128376047434932,0.610036054371107
depleted,3.8000000000000003,12.547456479964666,6.565000095198166,11.887543424837173,0.0,1.1887543424837173,1.411228518949272,0.6108935193016184
depleted,3.8200000000000003,12.519247799830536,6.580982338999996,11.899769861169474,0.0,1.1899769861169474,1.4096434744860808,0.6117499422179934
depleted,3.84,12.491070582846989,6.596916001418148,11.91201341573487,0.0,1.191201341573487,1.4080821509359176,0.6126053464670231
depleted,3.86,12.462924357755416,6.61280157385461,11.924274068389982,0.0,1.1924274068389982,1.4065442332123783,0.6134597549762906
depleted,3.88,12.434808659546581,6.628639541007561,11.936551799445866,0.0,1.1936551799445865,1.4050294114458568,0.614313190263574
depleted,3.9,12.40672302935741,6.644430380982685,11.948846589659912,0.0,1.1948846589659912,1.4035373808715599,0.6151656744459939
depleted,3.92,12.378667014369984,6.660174565402096,11.961158420227926,0.0,1.1961158420227926,1.4020678417202492,0.6160172292489126
depleted,3.94,12.350640167712712,6.675872559510926,11.97348727277637,0.0,1.197348727277637,1.4006204991116413,0.6168678760145933
depleted,3.96,12.322642048363578,6.691524822281636,11.985833129354793,0.0,1.1985833129354793,1.3991950629503898,0.6177176357106278
depleted,3.98,12.294672221055478,6.707131806516111,11.998195972428418,0.0,1.1998195972428418,1.397791247824578,0.6185665289381377
depleted,4.0,12.26673025618354,6.722693958945578,12.010575784870891,0.0,1.2010575784870892,1.3964087729066508,0.6194145759397577
depleted,4.0200000000000005,12.2388157297144,6.738211720328415,12.022972549957192,0.0,1.2022972549957192,1.3950473618567196,0.6202617966074069
depleted,4.04,12.210928223097417,6.753685525545897,12.035386251356693,0.0,1.2035386251356692,1.3937067427281769,0.6211082104898554
depleted,4.0600000000000005,12.183067323177703,6.769115803695927,12.047816873126378,0.0,1.2047816873126378,1.3923866478755509,0.6219538368000928
depleted,4.08,12.155232622111033,6.784502978184791,12.060264399704183,0.0,1.2060264399704184,1.3910868138645405,0.6227986944224997
depleted,4.1,12.127423717280482,6.799847466817012,12.072728815902511,0.0,1.2072728815902511,1.389806981384181,0.6236428019198386
depleted,4.12,12.09964021121483,6.815149681883313,12.085210106901863,0.0,1.2085210106901862,1.3885468951610658,0.6244861775400568
depleted,4.14,12.07188171150865,6.8304100302467585,12.0977082582446,0.0,1.20977082582446,1.3873063038755793,0.6253288392229185
depleted,4.16,12.04414783074405,6.845628913427107,12.110223255828851,0.0,1.2110223255828851,1.386084960080081,0.6261708046064614
depleted,4.18,12.016438186414042,6.860806727683421,12.122755085902543,0.0,1.2122755085902543,1.3848826201189954,0.6270120910332915
depleted,4.2,11.98875240084748,6.875943864094973,12.135303735057557,0.0,1.2135303735057557,1.3836990440507442,0.627852715556715
depleted,4.22,11.961090101135545,6.891040708640478,12.147869190223984,0.0,1.2147869190223983,1.382533995571483,0.6286926949467132
depleted,4.24,11.933450919059739,6.906097642275722,12.160451438664547,0.0,1.2160451438664546,1.381387241940585,0.6295320456957693
depleted,4.26,11.90583449102136,6.921115041009575,12.173050467969073,0.0,1.2173050467969073,1.380258553907831,0.6303707840245425
depleted,4.28,11.878240457972389,6.936093275978473,12.185666266049147,0.0,1.2185666266049147,1.3791477056422574,0.6312089258874055
depleted,4.3,11.850668465347825,6.951032713519372,12.198298821132811,0.0,1.2198298821132811,1.3780544746626167,0.6320464869778379
depleted,4.32,11.823118162999357,6.965933715241234,12.210948121759419,0.0,1.221094812175942,1.3769786417694099,0.6328834827336881
depleted,4.34,11.795589205130401,6.980796638095043,12.223614156774564,0.0,1.2223614156774565,1.3759199909784499,0.6337199283423022
depleted,4.36,11.768081250232449,6.995621834442432,12.236296915325129,0.0,1.2236296915325129,1.3748783094559118,0.6345558387455276
depleted,4.38,11.740593961022693,7.010409652122905,12.24899638685441,0.0,1.224899638685441,1.3738533874548318,0.6353912286445913
depleted,4.4,11.713127004382917,7.0251604345197185,12.26171256109737,0.0,1.226171256109737,1.3728450182530216,0.6362261125048597
depleted,4.42,11.68568005129961,7.039874520624441,12.274445428075957,0.0,1.2274445428075957,1.3718529980923504,0.6370605045604792
depleted,4.44,11.658252776805272,7.054552245100211,12.287194978094524,0.0,1.2287194978094524,1.370877126119373,0.6378944188189068
depleted,4.46,11.630844859920916,7.069193938343743,12.299961201735348,0.0,1.2299961201735348,1.3699172043272556,0.6387278690653273
depleted,4.48,11.603455983599698,7.0837999265460905,12.31274408985422,0.0,1.231274408985422,1.368973037498973,0.6395608688669647
depleted,4.5,11.57608583467168,7.098370531752197,12.325543633576132,0.0,1.2325543633576133,1.3680444331517412,0.64039343157729
depleted,4.5200000000000005,11.548734103789691,7.1129060719192765,12.338359824291041,0.0,1.233835982429104,1.3671312014826527,0.6412255703401254
depleted,4.54,11.521400485376267,7.127406860974023,12.351192653649719,0.0,1.2351192653649719,1.3662331553154914,0.6420572980936528
depleted,4.5600000000000005,11.49408467757163,7.1418732088687005,12.364042113559679,0.0,1.236404211355968,1.3653501100486818,0.6428886275743237
depleted,4.58,11.46678638218272,7.156305421636117,12.376908196181173,0.0,1.2376908196181173,1.3644818836043546,0.6437195713206776
depleted,4.6000000000000005,11.439505304633204,7.170703801443523,12.389790893923282,0.0,1.2389790893923283,1.3636282963784996,0.6445501416770689
depleted,4.62,11.412241153914511,7.185068646645442,12.402690199440055,0.0,1.2402690199440056,1.3627891711921722,0.6453803507973055
depleted,4.64,11.384993642537784,7.199400251835473,12.41560610562675,0.0,1.241560610562675,1.361964333243729,0.6462102106482015
depleted,4.66,11.357762486486823,7.213698907897068,12.428538605616117,0.0,1.2428538605616117,1.3611536100620707,0.6470397330130468
depleted,4.68,11.330547405171929,7.227964902053319,12.44148769277476,0.0,1.244148769277476,1.3603568314608583,0.6478689294949942
depleted,4.7,11.30334812138465,7.24219851791578,12.454453360699578,0.0,1.2454453360699578,1.3595738294936859,0.6486978115203677
depleted,4.72,11.276164361253436,7.256400035532319,12.467435603214254,0.0,1.2467435603214254,1.3588044384101807,0.6495263903418944
depleted,4.74,11.248995854200135,7.270569731434057,12.480434414365813,0.0,1.2480434414365813,1.3580484946130065,0.6503546770418602
depleted,4.76,11.221842332897376,7.284707878681379,12.493449788421254,0.0,1.2493449788421254,1.3573058366157538,0.6511826825351932
depleted,4.78,11.194703533226736,7.298814746909055,12.506481719864217,0.0,1.2506481719864218,1.3565763050016861,0.6520104175724742
depleted,4.8,11.16757919423778,7.312890602370487,12.519530203391742,0.0,1.2519530203391742,1.3558597423833265,0.6528378927428806
depleted,4.82,11.14046905810785,7.326935707981099,12.532595233911058,0.0,1.253259523391106,1.355155993362861,0.6536651184770598
depleted,4.84,11.113372870102683,7.340950323360875,12.545676806536449,0.0,1.2545676806536448,1.3544649044933406,0.6544921050499386
depleted,4.86,11.086290378537754,7.354934704876093,12.55877491658616,0.0,1.255877491658616,1.353786324240657,0.655318862583468
depleted,4.88,11.05922133474041,7.368889105680228,12.571889559579368,0.0,1.2571889559579368,1.3531201029462774,0.6561454010493045
depleted,4.9,11.03216549301271,7.38281377575409,12.585020731233206,0.0,1.2585020731233205,1.3524660927907197,0.6569717302714319
depleted,4.92,11.005122610595024,7.3967089619451585,12.598168427459825,0.0,1.2598168427459826,1.3518241477577457,0.6577978599287226
depleted,4.94,10.97809244763029,7.410574908006188,12.611332644363529,0.0,1.2611332644363529,1.3511941235992553,0.6586237995574419
depleted,4.96,10.95107476712903,7.42441185463304,12.624513378237937,0.0,1.2624513378237938,1.35057587780087,0.6594495585536947
depleted,4.98,10.924069334934988,7.4382200395018065,12.637710625563212,0.0,1.2637710625563212,1.3499692695481793,0.6602751461758181
depleted,5.0,10.89707591969148,7.451999697305204,12.650924383003325,0.0,1.2650924383003326,1.3493741596936442,0.6611005715467204
depleted,5.0200000000000005,10.870094292808366,7.465751059788275,12.664154647403368,0.0,1.2664154647403367,1.348790410724127,0.6619258436561666
depleted,5.04,10.843124228429701,7.479474355783392,12.677401415786916,0.0,1.2677401415786915,1.3482178867290522,0.6627509713630138
depleted,5.0600000000000005,10.816165503401978,7.493169811244597,12.690664685353434,0.0,1.2690664685353434,1.3476564533691613,0.6635759633973977
depleted,5.08,10.789217897243025,7.506837649281269,12.703944453475714,0.0,1.2703944453475713,1.3471059778458612,0.6644008283628674
depleted,5.1000000000000005,10.762281192111482,7.520478090191149,12.717240717697377,0.0,1.2717240717697378,1.3465663288711514,0.6652255747384772
depleted,5.12,10.735355172776892,7.534091351492726,12.73055347573039,0.0,1.273055347573039,1.3460373766381006,0.666050210880827
depleted,5.14,10.708439626590364,7.5476776479569905,12.743882725452654,0.0,1.2743882725452653,1.3455189927918862,0.6668747450260634
depleted,5.16,10.681534343455821,7.5612371916385905,12.757228464905596,0.0,1.2757228464905597,1.3450110504013522,0.6676991852918314
depleted,5.18,10.654639115801812,7.574770191906366,12.770590692291831,0.0,1.2770590692291832,1.344513423931095,0.6685235396791861
depleted,5.2,10.627753738553855,7.588276855473312,12.783969405972842,0.0,1.2783969405972841,1.3440259892140558,0.6693478160744624
depleted,5.22,10.600878009107358,7.601757386425942,12.79736460446671,0.0,1.279736460446671,1.3435486234246115,0.6701720222511017
depleted,5.24,10.574011727301043,7.615211986253097,12.810776286445869,0.0,1.2810776286445869,1.3430812050521381,0.6709961658714416
depleted,5.26,10.547154695390917,7.62864085387419,12.824204450734902,0.0,1.2824204450734902,1.342623613875059,0.6718202544884629
depleted,5.28,10.520306718024734,7.642044185666897,12.837649096308377,0.0,1.2837649096308377,1.3421757309353421,0.6726442955475024
depleted,5.3,10.493467602216988,7.655422175494319,12.851110222288701,0.0,1.2851110222288702,1.3417374385134506,0.6734682963879249
depleted,5.32,10.46663715732438,7.668775014731604,12.864587827944026,0.0,1.2864587827944027,1.3413086201037314,0.6742922642447614
depleted,5.34,10.43981519502179,7.682102892292047,12.878081912686172,0.0,1.2878081912686172,1.340889160390227,0.6751162062503098
depleted,5.36,10.413001529278716,7.6954059946527,12.891592476068594,0.0,1.2891592476068594,1.3404789452229064,0.6759401294357024
depleted,5.38,10.386195976336197,7.7086845058794475,12.905119517784364,0.0,1.2905119517784365,1.340077861594301,0.6767640407324382
depleted,5.4,10.359398354684181,7.721938607651617,12.91866303766421,0.0,1.291866303766421,1.3396857976165375,0.6775879469738832
depleted,5.42,10.332608485039374,7.735168479286084,12.93222303567455,0.0,1.293222303567455,1.339302642498754,0.678411854896737
depleted,5.44,10.305826190323506,7.7483742977609165,12.945799511915586,0.0,1.2945799511915586,1.3389282865248995,0.6792357711424688
depleted,5.46,10.27905129564207,7.761556237738533,12.959392466619406,0.0,1.2959392466619406,1.3385626210318937,0.6800597022587215
depleted,5.48,10.25228362826346,7.774714471588422,12.973001900148127,0.0,1.2973001900148127,1.3382055383881482,0.6808836547006863
depleted,5.5,10.225523017598576,7.78784916940938,12.986627812992053,0.0,1.2986627812992053,1.3378569319724398,0.6817076348324471
depleted,5.5200000000000005,10.198769295180803,7.800960499051335,13.000270205767873,0.0,1.3000270205767872,1.3375166961531229,0.6825316489282959
depleted,5.54,10.172022294646437,7.814048626136703,13.013929079216869,0.0,1.3013929079216868,1.3371847262676717,0.6833557031740207
depleted,5.5600000000000005,10.1452818517155,7.827113714081335,13.027604434203175,0.0,1.3027604434203175,1.3368609186025544,0.6841798036681646
depleted,5.58,10.118547804172962,7.840155924115025,13.04129627171202,0.0,1.3041296271712022,1.3365451703734124,0.6850039564232573
depleted,5.6000000000000005,10.091819991850352,7.853175415301609,13.055004592848048,0.0,1.3055004592848047,1.336237379705561,0.6858281673670229
depleted,5.62,10.065098256607754,7.86617234455865,13.068729398833606,0.0,1.3068729398833605,1.3359374456147808,0.6866524423435584
depleted,5.64,10.03838244231619,7.8791468666767175,13.082470691007105,0.0,1.3082470691007104,1.3356452679884074,0.6874767871144883
depleted,5.66,10.011672394840371,7.89209913433827,13.096228470821368,0.0,1.3096228470821367,1.3353607475667042,0.6883012073600946
depleted,5.68,9.984967962021837,7.905029298136148,13.110002739842024,0.0,1.3110002739842024,1.335083785924517,0.6891257086804211
depleted,5.7,9.95826899366243,7.917937506591675,13.123793499745906,0.0,1.3123793499745906,1.3348142854531981,0.6899502965963566
depleted,5.72,9.931575341508145,7.930823906172381,13.137600752319484,0.0,1.3137600752319485,1.3345521493427954,0.6907749765506911
depleted,5.74,9.90488685923334,7.943688641309358,13.151424499457312,0.0,1.3151424499457312,1.3342972815645004,0.6915997539091514
depleted,5.76,9.878203402425283,7.9565318544142345,13.165264743160494,0.0,1.3165264743160494,1.334049586853348,0.6924246339614147
depleted,5.78,9.85152482856904,7.969353685895793,13.179121485535175,0.0,1.3179121485535175,1.3338089706911576,0.6932496219220984
depleted,5.8,9.824850997032723,7.982154274176234,13.192994728791053,0.0,1.3192994728791052,1.333575339289721,0.6940747229317301
depleted,5.82,9.798181769053034,7.994933755707073,13.206884475239903,0.0,1.3206884475239904,1.3333485995742145,0.6948999420576961
depleted,5.84,9.771517007721185,8.007692264984705,13.22079072729412,0.0,1.3220790727294118,1.3331286591668388,0.6957252842951678
depleted,5.86,9.744856577969099,8.020429934565616,13.234713487465294,0.0,1.3234713487465295,1.3329154263706895,0.6965507545680107
depleted,5.88,9.718200346555973,8.033146895081256,13.24865275836278,0.0,1.324865275836278,1.332708810153824,0.6973763577296707
depleted,5.9,9.69154818205511,8.045843275252585,13.262608542692314,0.0,1.3262608542692313,1.3325087201335577,0.6982020985640435
depleted,5.92,9.664899954841117,8.058519201904282,13.27658084325461,0.0,1.327658084325461,1.332315066560947,0.6990279817863231
depleted,5.94,9.638255537077358,8.071174799978635,13.290569662944016,0.0,1.3290569662944016,1.3321277603054802,0.6998540120438317
depleted,5.96,9.61161480270376,8.0838101925491,13.304575004747148,0.0,1.3304575004747148,1.3319467128399607,0.7006801939168329
depleted,5.98,9.584977627424879,8.096425500833561,13.318596871741567,0.0,1.3318596871741568,1.331771836225571,0.7015065319193252
depleted,6.0,9.558343888698289,8.109020844207263,13.332635267094455,0.0,1.3332635267094455,1.3316030430971244,0.7023330304998187
depleted,6.0,0.0,8.109020844207263,13.332635267094455,9.558343888698289,1.3332635267094455,0.0,0.7023330304998187
depleted,6.02,0.0,8.09497163228577,13.346684479015948,9.558343888698289,1.334668447901595,0.0,0.7025878380626344
depleted,6.04,0.0,8.080917343659214,13.360738767642504,9.558343888698289,1.3360738767642504,0.0,0.7028406994564323
depleted,6.06,0.0,8.066858017344018,13.3747980939577,9.558343888698289,1.33747980939577,0.0,0.7030916053736942
depleted,6.08,0.0,8.052793692542968,13.38886241875875,9.558343888698289,1.338886241875875,0.0,0.7033405464848917
depleted,6.1,0.0,8.038724408645667,13.402931702656051,9.558343888698289,1.3402931702656051,0.0,0.7035875134385651
depleted,6.12,0.0,8.024650205228959,13.41700590607276,9.558343888698289,1.3417005906072759,0.0,0.7038324968614029
depleted,6.14,0.0,8.010571122057378,13.43108498924434,9.558343888698289,1.343108498924434,0.0,0.704075487358325
depleted,6.16,0.0,7.996487199083573,13.445168912218145,9.558343888698289,1.3445168912218146,0.0,0.7043164755125663
depleted,6.18,0.0,7.982398476448744,13.459257634852975,9.558343888698289,1.3459257634852975,0.0,0.7045554518857617
depleted,6.2,0.0,7.968304994483077,13.473351116818643,9.558343888698289,1.3473351116818644,0.0,0.7047924070180352
depleted,6.22,0.0,7.954206793706167,13.487449317595553,9.558343888698289,1.3487449317595552,0.0,0.7050273314280887
depleted,6.24,0.0,7.940103914827447,13.501552196474272,9.558343888698289,1.3501552196474271,0.0,0.7052602156132931
depleted,6.26,0.0,7.925996398746621,13.515659712555097,9.558343888698289,1.3515659712555097,0.0,0.7054910500497823
depleted,6.28,0.0,7.911884286554076,13.529771824747643,9.558343888698289,1.3529771824747643,0.0,0.7057198251925482
depleted,6.3,0.0,7.897767619531313,13.543888491770405,9.558343888698289,1.3543888491770404,0.0,0.7059465314755375
depleted,6.32,0.0,7.883646439151362,13.558009672150357,9.558343888698289,1.3558009672150357,0.0,0.7061711593117517
depleted,6.34,0.0,7.869520787079202,13.572135324222515,9.558343888698289,1.3572135324222514,0.0,0.706393699093347
depleted,6.36,0.0,7.855390705172177,13.58626540612954,9.558343888698289,1.358626540612954,0.0,0.7066141411917392
depleted,6.38,0.0,7.841256235480411,13.600399875821306,9.558343888698289,1.3600399875821307,0.0,0.7068324759577067
depleted,6.4,0.0,7.8271174202472125,13.614538691054504,9.558343888698289,1.3614538691054503,0.0,0.7070486937214997
depleted,6.42,0.0,7.812974301909495,13.628681809392223,9.558343888698289,1.3628681809392222,0.0,0.7072627847929482
depleted,6.44,0.0,7.798826923098176,13.642829188203542,9.558343888698289,1.3642829188203542,0.0,0.7074747394615737
depleted,6.46,0.0,7.784675326638585,13.656980784663133,9.558343888698289,1.3656980784663133,0.0,0.7076845479967023
depleted,6.48,0.0,7.770519555550865,13.671136555750854,9.558343888698289,1.3671136555750854,0.0,0.7078922006475814
depleted,6.5,0.0,7.756359653050376,13.685296458251342,9.558343888698289,1.3685296458251341,0.0,0.7080976876434953
depleted,6.52,0.0,7.742195662548091,13.699460448753626,9.558343888698289,1.3699460448753626,0.0,0.7083009991938874
depleted,6.54,0.0,7.728027627650989,13.71362848365073,9.558343888698289,1.371362848365073,0.0,0.7085021254884805
depleted,6.5600000000000005,0.0,7.713855592162451,13.727800519139267,9.558343888698289,1.3727800519139266,0.0,0.708701056697401
depleted,6.58,0.0,7.699679600082654,13.741976511219063,9.558343888698289,1.3741976511219063,0.0,0.7088977829713072
depleted,6.6,0.0,7.685499695608954,13.756156415692764,9.558343888698289,1.3756156415692764,0.0,0.7090922944415154
depleted,6.62,0.0,7.671315923136267,13.77034018816545,9.558343888698289,1.377034018816545,0.0,0.7092845812201326
depleted,6.64,0.0,7.6571283272574675,13.78452778404425,9.558343888698289,1.3784527784044251,0.0,0.7094746334001892
depleted,6.66,0.0,7.642936952763752,13.798719158537967,9.558343888698289,1.3798719158537966,0.0,0.7096624410557739
depleted,6.68,0.0,7.6287418446450275,13.812914266656692,9.558343888698289,1.3812914266656693,0.0,0.7098479942421726
depleted,6.7,0.0,7.614543048090278,13.82711306321144,9.558343888698289,1.382711306321144,0.0,0.7100312829960076
depleted,6.72,0.0,7.600340608487946,13.841315502813773,9.558343888698289,1.3841315502813774,0.0,0.7102122973353808
depleted,6.74,0.0,7.586134571426291,13.85552153987543,9.558343888698289,1.3855521539875428,0.0,0.7103910272600182
depleted,6.76,0.0,7.571924982693763,13.869731128607956,9.558343888698289,1.3869731128607956,0.0,0.7105674627514171
depleted,6.78,0.0,7.557711888279362,13.883944223022358,9.558343888698289,1.3883944223022358,0.0,0.7107415937729964
depleted,6.8,0.0,7.543495334373001,13.898160776928718,9.558343888698289,1.3898160776928719,0.0,0.710913410270248
depleted,6.82,0.0,7.52927536736586,13.912380743935861,9.558343888698289,1.3912380743935862,0.0,0.7110829021708923
depleted,6.84,0.0,7.515052033850739,13.926604077450982,9.558343888698289,1.3926604077450981,0.0,0.7112500593850346
depleted,6.86,0.0,7.500825380622413,13.940830730679307,9.558343888698289,1.3940830730679308,0.0,0.7114148718053254
depleted,6.88,0.0,7.486595454677978,13.955060656623742,9.558343888698289,1.3955060656623741,0.0,0.7115773293071217
depleted,6.9,0.0,7.472362303217193,13.969293808084526,9.558343888698289,1.3969293808084526,0.0,0.7117374217486528
depleted,6.92,0.0,7.458125973642821,13.983530137658898,9.558343888698289,1.3983530137658897,0.0,0.7118951389711872
depleted,6.94,0.0,7.4438865135609715,13.997769597740747,9.558343888698289,1.3997769597740748,0.0,0.7120504707992018
depleted,6.96,0.0,7.429643970781428,14.01201214052029,9.558343888698289,1.4012012140520291,0.0,0.7122034070405557
depleted,6.98,0.0,7.415398393317981,14.026257717983738,9.558343888698289,1.4026257717983737,0.0,0.7123539374866645
depleted,7.0,0.0,7.401149829388758,14.04050628191296,9.558343888698289,1.404050628191296,0.0,0.7125020519126789
depleted,7.02,0.0,7.386898327416544,14.054757783885174,9.558343888698289,1.4054757783885174,0.0,0.7126477400776641
depleted,7.04,0.0,7.3726439360291005,14.069012175272618,9.558343888698289,1.406901217527262,0.0,0.7127909917247843
depleted,7.0600000000000005,0.0,7.358386704059485,14.083269407242234,9.558343888698289,1.4083269407242234,0.0,0.7129317965814882
depleted,7.08,0.0,7.344126680546361,14.097529430755358,9.558343888698289,1.4097529430755358,0.0,0.7130701443596972
depleted,7.1,0.0,7.3298639147343065,14.111792196567412,9.558343888698289,1.4111792196567412,0.0,0.7132060247559981
depleted,7.12,0.0,7.31559845607412,14.126057655227598,9.558343888698289,1.4126057655227597,0.0,0.7133394274518365
depleted,7.140000000000001,0.0,7.301330354223122,14.140325757078596,9.558343888698289,1.4140325757078596,0.0,0.7134703421137147
depleted,7.16,0.0,7.2870596590454495,14.15459645225627,9.558343888698289,1.415459645225627,0.0,0.7135987583933912
depleted,7.18,0.0,7.27278642061235,14.168869690689368,9.558343888698289,1.4168869690689367,0.0,0.7137246659280827
depleted,7.2,0.0,7.2585106892024704,14.183145422099248,9.558343888698289,1.4183145422099248,0.0,0.7138480543406729
depleted,7.22,0.0,7.2442325153021425,14.197423595999576,9.558343888698289,1.4197423595999576,0.0,0.7139689132399174
depleted,7.24,0.0,7.229951949605661,14.211704161696058,9.558343888698289,1.421170416169606,0.0,0.7140872322206585
depleted,7.26,0.0,7.215669043015562,14.225987068286157,9.558343888698289,1.4225987068286157,0.0,0.714203000864038
depleted,7.28,0.0,7.201383846642893,14.240272264658824,9.558343888698289,1.4240272264658824,0.0,0.7143162087377151
depleted,7.3,0.0,7.187096411807485,14.254559699494232,9.558343888698289,1.4254559699494231,0.0,0.714426845396088
depleted,7.32,0.0,7.172806790038207,14.268849321263511,9.558343888698289,1.426884932126351,0.0,0.7145349003805165
depleted,7.34,0.0,7.158515033073231,14.283141078228486,9.558343888698289,1.4283141078228485,0.0,0.7146403632195489
depleted,7.36,0.0,7.144221192860285,14.297434918441432,9.558343888698289,1.4297434918441432,0.0,0.7147432234291524
depleted,7.38,0.0,7.129925321556901,14.311730789744816,9.558343888698289,1.4311730789744816,0.0,0.7148434705129455
depleted,7.4,0.0,7.11562747153066,14.326028639771058,9.558343888698289,1.4326028639771058,0.0,0.7149410939624341
depleted,7.42,0.0,7.101327695359432,14.340328415942285,9.558343888698289,1.4340328415942285,0.0,0.715036083257251
depleted,7.4399999999999995,0.0,7.087026045831612,14.354630065470106,9.558343888698289,1.4354630065470106,0.0,0.7151284278653981
depleted,7.46,0.0,7.072722575946347,14.36893353535537,9.558343888698289,1.436893353535537,0.0,0.7152181172434919
depleted,7.48,0.0,7.058417338913766,14.383238772387951,9.558343888698289,1.4383238772387952,0.0,0.7153051408370125
depleted,7.5,0.0,7.044110388155198,14.39754572314652,9.558343888698289,1.4397545723146519,0.0,0.7153894880805557
depleted,7.52,0.0,7.0298017773033825,14.411854333998335,9.558343888698289,1.4411854333998335,0.0,0.7154711483980886
depleted,7.54,0.0,7.015491560202688,14.42616455109903,9.558343888698289,1.442616455109903,0.0,0.7155501112032071
depleted,7.5600000000000005,0.0,7.00117979090931,14.440476320392406,9.558343888698289,1.4440476320392406,0.0,0.7156263658994
depleted,7.58,0.0,6.986866523691478,14.454789587610238,9.558343888698289,1.4454789587610237,0.0,0.7156999018803119
depleted,7.6,0.0,6.972551813029638,14.469104298272079,9.558343888698289,1.446910429827208,0.0,0.715770708530014
depleted,7.62,0.0,6.958235713616651,14.483420397685064,9.558343888698289,1.4483420397685065,0.0,0.7158387752232747
depleted,7.640000000000001,0.0,6.943918280357976,14.49773783094374,9.558343888698289,1.449773783094374,0.0,0.715904091325836
depleted,7.66,0.0,6.929599568371841,14.512056542929875,9.558343888698289,1.4512056542929874,0.0,0.7159666461946921
depleted,7.68,0.0,6.915279632989422,14.526376478312294,9.558343888698289,1.4526376478312293,0.0,0.7160264291783723
depleted,7.7,0.0,6.900958529755004,14.540697581546713,9.558343888698289,1.4540697581546713,0.0,0.7160834296172265
depleted,7.72,0.0,6.886636314426147,14.55501979687557,9.558343888698289,1.455501979687557,0.0,0.7161376368437139
depleted,7.74,0.0,6.872313042973836,14.56934306832788,9.558343888698289,1.456934306832788,0.0,0.7161890401826984
depleted,7.76,0.0,6.857988771582637,14.58366733971908,9.558343888698289,1.458366733971908,0.0,0.7162376289517423
depleted,7.78,0.0,6.843663556650828,14.597992554650888,9.558343888698289,1.459799255465089,0.0,0.7162833924614085
depleted,7.8,0.0,6.829337454790549,14.612318656511167,9.558343888698289,1.4612318656511167,0.0,0.7163263200155635
depleted,7.82,0.0,6.815010522827924,14.626645588473792,9.558343888698289,1.4626645588473792,0.0,0.7163664009116847
depleted,7.84,0.0,6.8006828178031915,14.640973293498526,9.558343888698289,1.4640973293498525,0.0,0.7164036244411719
depleted,7.86,0.0,6.786354396970816,14.6553017143309,9.558343888698289,1.46553017143309,0.0,0.7164379798896617
depleted,7.88,0.0,6.772025317799609,14.669630793502106,9.558343888698289,1.4669630793502106,0.0,0.7164694565373465
depleted,7.9,0.0,6.757695637972826,14.68396047332889,9.558343888698289,1.468396047332889,0.0,0.7164980436592957
depleted,7.92,0.0,6.743365415388273,14.698290695913444,9.558343888698289,1.4698290695913445,0.0,0.7165237305257833
depleted,7.9399999999999995,0.0,6.729034708158392,14.712621403143324,9.558343888698289,1.4712621403143324,0.0,0.7165465064026159
depleted,7.96,0.0,6.714703574610353,14.726952536691362,9.558343888698289,1.4726952536691362,0.0,0.7165663605514674
depleted,7.98,0.0,6.7003720732861325,14.741284038015584,9.558343888698289,1.4741284038015583,0.0,0.7165832822302163
depleted,8.0,0.0,6.686040262942582,14.755615848359133,9.558343888698289,1.4755615848359134,0.0,0.7165972606932867
depleted,8.02,0.0,6.671708202551497,14.769947908750218,9.558343888698289,1.4769947908750218,0.0,0.7166082851919938
depleted,8.04,0.0,6.657375951299675,14.78428016000204,9.558343888698289,1.4784280160002041,0.0,0.7166163449748921
depleted,8.06,0.0,6.643043568588965,14.798612542712752,9.558343888698289,1.4798612542712752,0.0,0.7166214292881299
depleted,8.08,0.0,6.628711114036319,14.812944997265397,9.558343888698289,1.4812944997265398,0.0,0.7166235273758047
depleted,8.1,0.0,6.614378647473821,14.827277463827896,9.558343888698289,1.4827277463827895,0.0,0.7166226284803248
depleted,8.120000000000001,0.0,6.6000462289487185,14.841609882352998,9.558343888698289,1.4841609882352997,0.0,0.7166187218427748
depleted,8.14,0.0,6.585713918723455,14.855942192578262,9.558343888698289,1.4855942192578262,0.0,0.7166117967032831
depleted,8.16,0.0,6.57138177727567,14.870274334026044,9.558343888698289,1.4870274334026043,0.0,0.7166018423013967
depleted,8.18,0.0,6.55704986529822,14.884606246003496,9.558343888698289,1.4884606246003496,0.0,0.7165888478764567
depleted,8.2,0.0,6.54271824369917,14.898937867602546,9.558343888698289,1.4898937867602546,0.0,0.7165728026679803
depleted,8.22,0.0,6.52838697360179,14.913269137699926,9.558343888698289,1.4913269137699925,0.0,0.7165536959160456
depleted,8.24,0.0,6.514056116344544,14.927599994957172,9.558343888698289,1.4927599994957172,0.0,0.7165315168616816
depleted,8.26,0.0,6.499725733481057,14.941930377820658,9.558343888698289,1.4941930377820658,0.0,0.716506254747261
depleted,8.280000000000001,0.0,6.4853958867800925,14.956260224521623,9.558343888698289,1.4956260224521623,0.0,0.7164778988168993
depleted,8.3,0.0,6.471066638225512,14.970589473076203,9.558343888698289,1.4970589473076203,0.0,0.716446438316855
depleted,8.32,0.0,6.4567380500162255,14.984918061285489,9.558343888698289,1.4984918061285488,0.0,0.7164118624959371
depleted,8.34,0.0,6.442410184566137,14.999245926735577,9.558343888698289,1.4999245926735578,0.0,0.7163741606059147
depleted,8.36,0.0,6.428083104504083,15.013573006797632,9.558343888698289,1.5013573006797631,0.0,0.7163333219019331
depleted,8.379999999999999,0.0,6.413756872673761,15.027899238627954,9.558343888698289,1.5027899238627955,0.0,0.7162893356429312
depleted,8.4,0.0,6.399431552133645,15.04222455916807,9.558343888698289,1.504222455916807,0.0,0.7162421910920653
depleted,8.42,0.0,6.385107206156906,15.05654890514481,9.558343888698289,1.505654890514481,0.0,0.7161918775171383
depleted,8.44,0.0,6.370783898231303,15.070872213070412,9.558343888698289,1.5070872213070412,0.0,0.7161383841910294
depleted,8.46,0.0,6.356461692059084,15.085194419242631,9.558343888698289,1.5085194419242631,0.0,0.7160817003921319
depleted,8.48,0.0,6.342140651556875,15.099515459744842,9.558343888698289,1.509951545974484,0.0,0.7160218154047939
depleted,8.5,0.0,6.327820840855546,15.11383527044617,9.558343888698289,1.511383527044617,0.0,0.715958718519764
depleted,8.52,0.0,6.313502324300087,15.128153787001628,9.558343888698289,1.5128153787001628,0.0,0.7158923990346397
depleted,8.54,0.0,6.2991851664494645,15.142470944852251,9.558343888698289,1.514247094485225,0.0,0.7158228462543228
depleted,8.56,0.0,6.284869432076466,15.156786679225249,9.558343888698289,1.515678667922525,0.0,0.715750049491478
depleted,8.58,0.0,6.270555186167551,15.171100925134164,9.558343888698289,1.5171100925134164,0.0,0.7156739980669953
depleted,8.6,0.0,6.256242493922669,15.185413617379046,9.558343888698289,1.5185413617379047,0.0,0.7155946813104586
depleted,8.620000000000001,0.0,6.2419314207550896,15.199724690546626,9.558343888698289,1.5199724690546625,0.0,0.7155120885606171
depleted,8.64,0.0,6.227622032291213,15.214034079010503,9.558343888698289,1.5214034079010503,0.0,0.7154262091658634
depleted,8.66,0.0,6.213314394370367,15.228341716931348,9.558343888698289,1.5228341716931348,0.0,0.7153370324847135
depleted,8.68,0.0,6.199008573044609,15.242647538257106,9.558343888698289,1.5242647538257106,0.0,0.7152445478862937
depleted,8.7,0.0,6.184704634578499,15.256951476723216,9.558343888698289,1.5256951476723217,0.0,0.7151487447508315
depleted,8.72,0.0,6.170402645448879,15.271253465852837,9.558343888698289,1.5271253465852836,0.0,0.71504961247015
depleted,8.74,0.0,6.1561026723446375,15.285553438957079,9.558343888698289,1.5285553438957078,0.0,0.7149471404481682
depleted,8.76,0.0,6.141804782166455,15.299851329135262,9.558343888698289,1.5299851329135261,0.0,0.7148413181014065
depleted,8.780000000000001,0.0,6.127509042026552,15.314147069275165,9.558343888698289,1.5314147069275166,0.0,0.7147321348594948
depleted,8.8,0.0,6.113215519248423,15.328440592053292,9.558343888698289,1.5328440592053292,0.0,0.7146195801656877
depleted,8.82,0.0,6.098924281366558,15.342731829935158,9.558343888698289,1.5342731829935157,0.0,0.7145036434773823
depleted,8.84,0.0,6.084635396126148,15.357020715175567,9.558343888698289,1.5357020715175567,0.0,0.7143843142666424
depleted,8.86,0.0,6.070348931482797,15.371307179818919,9.558343888698289,1.5371307179818918,0.0,0.7142615820207264
depleted,8.879999999999999,0.0,6.056064955602205,15.38559115569951,9.558343888698289,1.538559115569951,0.0,0.7141354362426217
depleted,8.9,0.0,6.041783536859849,15.399872574441867,9.558343888698289,1.5399872574441866,0.0,0.7140058664515799
depleted,8.92,0.0,6.027504743840657,15.414151367461058,9.558343888698289,1.5414151367461058,0.0,0.7138728621836625
depleted,8.94,0.0,6.013228645338663,15.428427465963052,9.558343888698289,1.5428427465963053,0.0,0.7137364129922872
depleted,8.96,0.0,5.99895531035665,15.442700800945065,9.558343888698289,1.5442700800945066,0.0,0.7135965084487791
depleted,8.98,0.0,5.984684808105798,15.456971303195917,9.558343888698289,1.5456971303195917,0.0,0.7134531381429303
depleted,9.0,0.0,5.970417208005295,15.47123890329642,9.558343888698289,1.547123890329642,0.0,0.7133062916835604
depleted,9.02,0.0,5.956152579681961,15.485503531619754,9.558343888698289,1.5485503531619753,0.0,0.7131559586990839
depleted,9.04,0.0,5.941890992969848,15.499765118331869,9.558343888698289,1.549976511833187,0.0,0.7130021288380826
depleted,9.06,0.0,5.927632517909824,15.514023593391892,9.558343888698289,1.5514023593391892,0.0,0.7128447917698814
depleted,9.08,0.0,5.913377224749167,15.528278886552549,9.558343888698289,1.552827888655255,0.0,0.7126839371851312
depleted,9.1,0.0,5.899125183941118,15.542530927360598,9.558343888698289,1.5542530927360598,0.0,0.7125195547963951
depleted,9.120000000000001,0.0,5.8848764661444415,15.556779645157274,9.558343888698289,1.5556779645157275,0.0,0.7123516343387397
depleted,9.14,0.0,5.870631142222978,15.571024969078739,9.558343888698289,1.557102496907874,0.0,0.7121801655703326
depleted,9.16,0.0,5.856389283245161,15.585266828056557,9.558343888698289,1.5585266828056556,0.0,0.7120051382730427
depleted,9.18,0.0,5.842150960483547,15.599505150818171,9.558343888698289,1.5599505150818171,0.0,0.711826542253048
depleted,9.2,0.0,5.827916245414322,15.613739865887394,9.558343888698289,1.5613739865887395,0.0,0.7116443673414468
depleted,9.22,0.0,5.813685209716794,15.627970901584924,9.558343888698289,1.5627970901584924,0.0,0.7114586033948735
depleted,9.24,0.0,5.79945792527288,15.642198186028837,9.558343888698289,1.5642198186028837,0.0,0.7112692402961213
depleted,9.26,0.0,5.785234464166573,15.656421647135144,9.558343888698289,1.5656421647135144,0.0,0.7110762679547677
depleted,9.280000000000001,0.0,5.771014898683399,15.670641212618317,9.558343888698289,1.5670641212618317,0.0,0.7108796763078074
depleted,9.3,0.0,5.7567993013098695,15.684856809991848,9.558343888698289,1.5684856809991847,0.0,0.7106794553202873
depleted,9.32,0.0,5.742587744732907,15.69906836656881,9.558343888698289,1.569906836656881,0.0,0.7104755949859494
depleted,9.34,0.0,5.728380301839263,15.713275809462452,9.558343888698289,1.5713275809462453,0.0,0.7102680853278769
depleted,9.36,0.0,5.714177045714936,15.72747906558678,9.558343888698289,1.572747906558678,0.0,0.7100569163991469
depleted,9.379999999999999,0.0,5.699978049644551,15.741678061657165,9.558343888698289,1.5741678061657165,0.0,0.7098420782834856
depleted,9.4,0.0,5.6857833871107495,15.755872724190967,9.558343888698289,1.5755872724190967,0.0,0.7096235610959315
depleted,9.42,0.0,5.6715931317935535,15.770062979508163,9.558343888698289,1.5770062979508164,0.0,0.7094013549835017
depleted,9.44,0.0,5.657407357569719,15.784248753731998,9.558343888698289,1.5784248753731998,0.0,0.7091754501258645
depleted,9.46,0.0,5.643226138512073,15.798429972789643,9.558343888698289,1.5798429972789643,0.0,0.7089458367360155
depleted,9.48,0.0,5.629049548888853,15.812606562412864,9.558343888698289,1.5812606562412863,0.0,0.7087125050609608
depleted,9.5,0.0,5.614877663163,15.826778448138716,9.558343888698289,1.5826778448138716,0.0,0.7084754453824035
depleted,9.52,0.0,5.600710555991475,15.840945555310242,9.558343888698289,1.5840945555310242,0.0,0.7082346480174357
depleted,9.54,0.0,5.586548302224534,15.855107809077184,9.558343888698289,1.5855107809077185,0.0,0.7079901033192371
depleted,9.56,0.0,5.572390976905002,15.869265134396715,9.558343888698289,1.5869265134396715,0.0,0.7077418016777761
depleted,9.58,0.0,5.558238655267536,15.88341745603418,9.558343888698289,1.5883417456034181,0.0,0.7074897335205178
depleted,9.6,0.0,5.544091412737858,15.897564698563858,9.558343888698289,1.5897564698563857,0.0,0.7072338893131368
depleted,9.620000000000001,0.0,5.529949324931988,15.911706786369727,9.558343888698289,1.5911706786369728,0.0,0.7069742595602345
depleted,9.64,0.0,5.515812467655465,15.925843643646251,9.558343888698289,1.5925843643646251,0.0,0.7067108348060616
depleted,9.66,0.0,5.501680916902533,15.939975194399183,9.558343888698289,1.5939975194399183,0.0,0.706443605635246
depleted,9.68,0.0,5.487554748855338,15.954101362446378,9.558343888698289,1.5954101362446378,0.0,0.7061725626735261
depleted,9.7,0.0,5.473434039883091,15.968222071418625,9.558343888698289,1.5968222071418625,0.0,0.7058976965884873
depleted,9.72,0.0,5.459318866541229,15.982337244760489,9.558343888698289,1.598233724476049,0.0,0.7056189980903063
depleted,9.74,0.0,5.445209305570552,15.996446805731164,9.558343888698289,1.5996446805731164,0.0,0.7053364579324978
depleted,9.76,0.0,5.431105433896352,16.010550677405366,9.558343888698289,1.6010550677405366,0.0,0.7050500669126684
depleted,9.780000000000001,0.0,5.417007328627519,16.0246487826742,9.558343888698289,1.6024648782674198,0.0,0.7047598158732735
depleted,9.8,0.0,5.402915067055641,16.038741044246077,9.558343888698289,1.6038741044246076,0.0,0.704465695702381
depleted,9.82,0.0,5.388828726654081,16.052827384647635,9.558343888698289,1.6052827384647634,0.0,0.7041676973344393
depleted,9.84,0.0,5.374748385077044,16.066907726224674,9.558343888698289,1.6066907726224673,0.0,0.7038658117510485
depleted,9.86,0.0,5.360674120158623,16.080981991143094,9.558343888698289,1.6080981991143095,0.0,0.7035600299817408
depleted,9.879999999999999,0.0,5.346606009911837,16.09505010138988,9.558343888698289,1.609505010138988,0.0,0.7032503431047611
depleted,9.9,0.0,5.332544132527643,16.109111978774077,9.558343888698289,1.6109111978774078,0.0,0.702936742247856
depleted,9.92,0.0,5.318488566373946,16.12316754492777,9.558343888698289,1.612316754492777,0.0,0.7026192185890655
depleted,9.94,0.0,5.304439389994577,16.13721672130714,9.558343888698289,1.6137216721307142,0.0,0.7022977633575219
depleted,9.96,0.0,5.290396682108268,16.15125942919345,9.558343888698289,1.6151259429193447,0.0,0.7019723678342504
depleted,9.98,0.0,5.2763605216076055,16.16529558969411,9.558343888698289,1.616529558969411,0.0,0.7016430233529785
depleted,10.0,0.0,5.2623309875579665,16.17932512374375,9.558343888698289,1.617932512374375,0.0,0.7013097213009456
depleted,10.02,0.0,5.248308159196442,16.193347952105277,9.558343888698289,1.6193347952105277,0.0,0.7009724531197222
depleted,10.04,0.0,5.2342921159307405,16.20736399537098,9.558343888698289,1.620736399537098,0.0,0.7006312103060311
depleted,10.06,0.0,5.2202829373380775,16.22137317396364,9.558343888698289,1.6221373173963642,0.0,0.7002859844125731
depleted,10.08,0.0,5.206280703164051,16.235375408137667,9.558343888698289,1.6235375408137667,0.0,0.699936767048859
depleted,10.1,0.0,5.192285493321491,16.249370617980226,9.558343888698289,1.6249370617980226,0.0,0.6995835498820461
depleted,10.120000000000001,0.0,5.178297387889298,16.26335872341242,9.558343888698289,1.626335872341242,0.0,0.6992263246377778
depleted,10.14,0.0,5.164316467111275,16.27733964419044,9.558343888698289,1.627733964419044,0.0,0.6988650831010305
depleted,10.16,0.0,5.15034281139492,16.291313299906797,9.558343888698289,1.6291313299906798,0.0,0.6984998171169623
depleted,10.18,0.0,5.1363765013102185,16.305279609991498,9.558343888698289,1.6305279609991499,0.0,0.6981305185917686
depleted,10.2,0.0,5.122417617588417,16.3192384937133,9.558343888698289,1.63192384937133,0.0,0.6977571794935415
depleted,10.219999999999999,0.0,5.108466241120773,16.333189870180945,9.558343888698289,1.6333189870180944,0.0,0.697379791853133
depleted,10.24,0.0,5.094522452957291,16.34713365834443,9.558343888698289,1.6347133658344428,0.0,0.6969983477650243
depleted,10.26,0.0,5.080586334305445,16.361069776996274,9.558343888698289,1.6361069776996273,0.0,0.6966128393881984
depleted,10.280000000000001,0.0,5.066657966528873,16.374998144772846,9.558343888698289,1.6374998144772845,0.0,0.6962232589470169
depleted,10.3,0.0,5.0527374311460695,16.388918680155648,9.558343888698289,1.6388918680155649,0.0,0.6958295987321033
depleted,10.32,0.0,5.038824809829044,16.402831301472673,9.558343888698289,1.6402831301472673,0.0,0.6954318511012278
depleted,10.34,0.0,5.024920184401971,16.416735926899747,9.558343888698289,1.6416735926899748,0.0,0.6950300084801987
depleted,10.36,0.0,5.0110236368398215,16.4306324744619,9.558343888698289,1.64306324744619,0.0,0.6946240633637575
depleted,10.379999999999999,0.0,4.997135249266976,16.444520862034743,9.558343888698289,1.6444520862034744,0.0,0.694214008316477
depleted,10.4,0.0,4.983255103955814,16.458401007345905,9.558343888698289,1.6458401007345906,0.0,0.693799835973666
depleted,10.42,0.0,4.9693832833253015,16.47227282797642,9.558343888698289,1.6472272827976417,0.0,0.6933815390422765
depleted,10.440000000000001,0.0,4.955519869939533,16.486136241362185,9.558343888698289,1.6486136241362186,0.0,0.6929591103018156
depleted,10.46,0.0,4.941664946506285,16.499991164795432,9.558343888698289,1.6499991164795431,0.0,0.6925325426052604
depleted,10.48,0.0,4.927818595875531,16.513837515426186,9.558343888698289,1.6513837515426186,0.0,0.6921018288799802
depleted,10.5,0.0,4.913980901037944,16.527675210263773,9.558343888698289,1.6527675210263773,0.0,0.6916669621286576
depleted,10.52,0.0,4.900151945123383,16.541504166178335,9.558343888698289,1.6541504166178336,0.0,0.6912279354302191
depleted,10.54,0.0,4.8863318113993595,16.555324299902356,9.558343888698289,1.6555324299902356,0.0,0.6907847419407648
depleted,10.56,0.0,4.872520583269481,16.569135528032234,9.558343888698289,1.6569135528032235,0.0,0.6903373748945054
depleted,10.58,0.0,4.858718344271887,16.58293776702983,9.558343888698289,1.6582937767029828,0.0,0.6898858276047016
depleted,10.600000000000001,0.0,4.844925178077646,16.59673093322407,9.558343888698289,1.6596730933224069,0.0,0.6894300934646067
depleted,10.620000000000001,0.0,4.831141168489161,16.610514942812554,9.558343888698289,1.6610514942812553,0.0,0.6889701659484141
depleted,10.64,0.0,4.817366399438528,16.624289711863184,9.558343888698289,1.6624289711863185,0.0,0.6885060386122073
depleted,10.66,0.0,4.803600954985899,16.638055156315815,9.558343888698289,1.6638055156315814,0.0,0.6880377050949149
depleted,10.68,0.0,4.789844919317807,16.651811191983906,9.558343888698289,1.6651811191983907,0.0,0.6875651591192674
depleted,10.7,0.0,4.7760983767454865,16.665557734556227,9.558343888698289,1.6665557734556227,0.0,0.6870883944927588
depleted,10.719999999999999,0.0,4.762361411703168,16.679294699598547,9.558343888698289,1.6679294699598546,0.0,0.6866074051086115
depleted,10.74,0.0,4.748634108746346,16.693022002555367,9.558343888698289,1.6693022002555367,0.0,0.6861221849467422
depleted,10.76,0.0,4.734916552550051,16.70673955875166,9.558343888698289,1.670673955875166,0.0,0.685632728074736
depleted,10.780000000000001,0.0,4.721208827907069,16.720447283394645,9.558343888698289,1.6720447283394644,0.0,0.685139028648818
depleted,10.8,0.0,4.707511019726172,16.73414509157554,9.558343888698289,1.673414509157554,0.0,0.6846410809148324
depleted,10.82,0.0,4.693823213030307,16.747832898271405,9.558343888698289,1.6747832898271404,0.0,0.6841388792092216
depleted,10.84,0.0,4.680145492954781,16.761510618346932,9.558343888698289,1.6761510618346933,0.0,0.6836324179600111
depleted,10.86,0.0,4.666477944745415,16.775178166556298,9.558343888698289,1.6775178166556297,0.0,0.683121691687794
depleted,10.879999999999999,0.0,4.652820653756684,16.78883545754503,9.558343888698289,1.678883545754503,0.0,0.6826066950067223
depleted,10.9,0.0,4.639173705449834,16.80248240585188,9.558343888698289,1.680248240585188,0.0,0.6820874226254967
depleted,10.92,0.0,4.62553718539099,16.81611892591072,9.558343888698289,1.6816118925910721,0.0,0.6815638693483628
depleted,10.940000000000001,0.0,4.611911179249222,16.829744932052492,9.558343888698289,1.6829744932052493,0.0,0.6810360300761069
depleted,10.96,0.0,4.5982957727946125,16.8433603385071,9.558343888698289,1.68433603385071,0.0,0.6805038998070565
depleted,10.98,0.0,4.584691051896295,16.856965059405418,9.558343888698289,1.6856965059405418,0.0,0.6799674736380827
depleted,11.0,0.0,4.571097102520469,16.870559008781242,9.558343888698289,1.6870559008781243,0.0,0.6794267467656039
depleted,11.02,0.0,4.557514010728404,16.88414210057331,9.558343888698289,1.688414210057331,0.0,0.6788817144865916
depleted,11.04,0.0,4.543941862674416,16.897714248627295,9.558343888698289,1.6897714248627296,0.0,0.6783323721995815
depleted,11.06,0.0,4.530380744603823,16.91127536669789,9.558343888698289,1.6911275366697889,0.0,0.6777787154056831
depleted,11.08,0.0,4.5168307428508925,16.92482536845082,9.558343888698289,1.6924825368450818,0.0,0.6772207397095921
depleted,11.100000000000001,0.0,4.503291943836748,16.938364167464965,9.558343888698289,1.6938364167464965,0.0,0.6766584408206059
depleted,11.120000000000001,0.0,4.489764434067278,16.951891677234435,9.558343888698289,1.6951891677234436,0.0,0.67609181455364
depleted,11.14,0.0,4.476248300131004,16.96540781117071,9.558343888698289,1.696540781117071,0.0,0.6755208568302465
depleted,11.16,0.0,4.46274362869694,16.978912482604773,9.558343888698289,1.6978912482604773,0.0,0.6749455636796333
depleted,11.18,0.0,4.449250506512438,16.992405604789276,9.558343888698289,1.6992405604789276,0.0,0.6743659312396861
depleted,11.2,0.0,4.43576902040099,17.005887090900725,9.558343888698289,1.7005887090900724,0.0,0.6737819557579908
depleted,11.219999999999999,0.0,4.4222992572600335,17.019356854041682,9.558343888698289,1.7019356854041683,0.0,0.6731936335928572
depleted,11.24,0.0,4.408841304058723,17.032814807242993,9.558343888698289,1.7032814807242993,0.0,0.6726009612143447
depleted,11.26,0.0,4.395395247835688,17.046260863466028,9.558343888698289,1.7046260863466027,0.0,0.6720039352052888
depleted,11.280000000000001,0.0,4.3819611756967625,17.059694935604952,9.558343888698289,1.7059694935604952,0.0,0.6714025522623278
depleted,11.3,0.0,4.368539174812703,17.07311693648901,9.558343888698289,1.7073116936489012,0.0,0.6707968091969305
depleted,11.32,0.0,4.355129332416879,17.086526778884835,9.558343888698289,1.7086526778884834,0.0,0.6701867029364267
depleted,11.34,0.0,4.341731735802945,17.09992437549877,9.558343888698289,1.709992437549877,0.0,0.6695722305250349
depleted,11.36,0.0,4.328346472322496,17.113309638979217,9.558343888698289,1.7113309638979217,0.0,0.668953389124893
depleted,11.379999999999999,0.0,4.314973629382695,17.12668248191902,9.558343888698289,1.712668248191902,0.0,0.6683301760170889
depleted,11.4,0.0,4.301613294443883,17.14004281685783,9.558343888698289,1.7140042816857828,0.0,0.6677025886026903
depleted,11.42,0.0,4.288265555017177,17.153390556284535,9.558343888698289,1.7153390556284536,0.0,0.6670706244037771
depleted,11.440000000000001,0.0,4.274930498662028,17.166725612639684,9.558343888698289,1.7166725612639684,0.0,0.6664342810644703
depleted,11.46,0.0,4.26160821298378,17.180047898317934,9.558343888698289,1.7180047898317934,0.0,0.6657935563519646
depleted,11.48,0.0,4.2482987856311905,17.193357325670522,9.558343888698289,1.7193357325670522,0.0,0.6651484481575571
depleted,11.5,0.0,4.235002304293943,17.206653807007772,9.558343888698289,1.7206653807007772,0.0,0.6644989544976795
depleted,11.52,0.0,4.221718856700131,17.219937254601582,9.558343888698289,1.7219937254601583,0.0,0.6638450735149249
depleted,11.54,0.0,4.208448530613729,17.233207580687985,9.558343888698289,1.7233207580687986,0.0,0.663186803479081
depleted,11.56,0.0,4.19519141383203,17.246464697469683,9.558343888698289,1.7246464697469683,0.0,0.6625241427881541
depleted,11.58,0.0,4.181947594183083,17.25970851711863,9.558343888698289,1.7259708517118628,0.0,0.6618570899693996
depleted,11.600000000000001,0.0,4.1687171595230845,17.272938951778627,9.558343888698289,1.7272938951778627,0.0,0.661185643680347
depleted,11.620000000000001,0.0,4.155500197733774,17.28615591356794,9.558343888698289,1.7286155913567938,0.0,0.6605098027098261
depleted,11.64,0.0,4.14229679671979,17.29935931458192,9.558343888698289,1.7299359314581921,0.0,0.6598295659789896
depleted,11.66,0.0,4.129107044406017,17.312549066895695,9.558343888698289,1.7312549066895695,0.0,0.6591449325423373
depleted,11.68,0.0,4.115931028734907,17.325725082566805,9.558343888698289,1.7325725082566805,0.0,0.6584559015887357
depleted,11.7,0.0,4.102768837663783,17.338887273637926,9.558343888698289,1.7338887273637926,0.0,0.6577624724424379
depleted,11.719999999999999,0.0,4.08962055916212,17.35203555213959,9.558343888698289,1.735203555213959,0.0,0.6570646445641011
depleted,11.74,0.0,4.076486281208808,17.365169830092903,9.558343888698289,1.7365169830092904,0.0,0.6563624175518007
depleted,11.76,0.0,4.063366091789395,17.378290019512313,9.558343888698289,1.7378290019512312,0.0,0.6556557911420454
depleted,11.780000000000001,0.0,4.0502600788933005,17.39139603240841,9.558343888698289,1.7391396032408408,0.0,0.6549447652107863
depleted,11.8,0.0,4.037168330511029,17.40448778079068,9.558343888698289,1.740448778079068,0.0,0.654229339774426
depleted,11.82,0.0,4.024090934631338,17.417565176670372,9.558343888698289,1.7417565176670373,0.0,0.6535095149908239
depleted,11.84,0.0,4.011027979238407,17.4306281320633,9.558343888698289,1.7430628132063302,0.0,0.6527852911602994
depleted,11.86,0.0,3.997979552308979,17.44367655899273,9.558343888698289,1.7443676558992731,0.0,0.6520566687266314
depleted,11.879999999999999,0.0,3.9849457418094745,17.456710369492235,9.558343888698289,1.7456710369492234,0.0,0.6513236482780553
depleted,11.9,0.0,3.971926635693097,17.469729475608613,9.558343888698289,1.7469729475608613,0.0,0.6505862305482564
depleted,11.92,0.0,3.958922321896917,17.482733789404794,9.558343888698289,1.7482733789404794,0.0,0.6498444164173601
depleted,11.940000000000001,0.0,3.9459328883389255,17.495723222962784,9.558343888698289,1.7495723222962785,0.0,0.6490982069129182
depleted,11.96,0.0,3.9329584229150836,17.508697688386626,9.558343888698289,1.7508697688386625,0.0,0.6483476032108904
depleted,11.98,0.0,3.9199990134963385,17.52165709780537,9.558343888698289,1.752165709780537,0.0,0.6475926066366249
depleted,12.0,0.0,3.9070547479256295,17.53460136337608,9.558343888698289,1.7534601363376079,0.0,0.6468332186658318
depleted,12.02,0.0,3.8941257140148697,17.547530397286838,9.558343888698289,1.754753039728684,0.0,0.6460694409255529
depleted,12.04,0.0,3.8812119995419097,17.560444111759796,9.558343888698289,1.7560444111759796,0.0,0.6453012751951281
depleted,12.06,0.0,3.8683136922474817,17.573342419054224,9.558343888698289,1.7573342419054225,0.0,0.6445287234071567
depleted,12.08,0.0,3.855430879832129,17.586225231469577,9.558343888698289,1.7586225231469577,0.0,0.6437517876484526
depleted,12.100000000000001,0.0,3.842563649953103,17.599092461348604,9.558343888698289,1.7599092461348604,0.0,0.6429704701609957
depleted,12.120000000000001,0.0,3.829712090221261,17.611944021080447,9.558343888698289,1.7611944021080448,0.0,0.642184773342879
depleted,12.14,0.0,3.816876288197927,17.62477982310378,9.558343888698289,1.762477982310378,0.0,0.6413946997492481
depleted,12.16,0.0,3.804056331391743,17.637599779909966,9.558343888698289,1.7637599779909965,0.0,0.6406002520932361
depleted,12.18,0.0,3.7912523072555024,17.650403804046203,9.558343888698289,1.7650403804046202,0.0,0.6398014332468939
depleted,12.2,0.0,3.7784643031829597,17.663191808118746,9.558343888698289,1.7663191808118746,0.0,0.6389982462421129
depleted,12.219999999999999,0.0,3.765692406505626,17.67596370479608,9.558343888698289,1.7675963704796078,0.0,0.6381906942715417
depleted,12.24,0.0,3.7529367044895436,17.68871940681216,9.558343888698289,1.7688719406812161,0.0,0.6373787806894984
depleted,12.26,0.0,3.740197284332046,17.70145882696966,9.558343888698289,1.770145882696966,0.0,0.6365625090128737
depleted,12.280000000000001,0.0,3.7274742331584925,17.714181878143215,9.558343888698289,1.7714181878143216,0.0,0.6357418829220289
depleted,12.3,0.0,3.7147676380189973,17.72688847328271,9.558343888698289,1.772688847328271,0.0,0.6349169062616872
depleted,12.32,0.0,3.7020775858851263,17.73957852541658,9.558343888698289,1.773957852541658,0.0,0.6340875830418171
depleted,12.34,0.0,3.6894041636465853,17.75225194765512,9.558343888698289,1.7752251947655122,0.0,0.633253917438508
depleted,12.36,0.0,3.6767474581078927,17.764908653193814,9.558343888698289,1.7764908653193814,0.0,0.6324159137948405
depleted,12.379999999999999,0.0,3.664107555985026,17.77754855531668,9.558343888698289,1.777754855531668,0.0,0.6315735766217471
depleted,12.4,0.0,3.6514845439020585,17.790171567399646,9.558343888698289,1.7790171567399646,0.0,0.6307269105988644
depleted,12.42,0.0,3.6388785083877795,17.802777602913924,9.558343888698289,1.7802777602913924,0.0,0.6298759205753804
depleted,12.440000000000001,0.0,3.6262895358722878,17.81536657542942,9.558343888698289,1.7815366575429419,0.0,0.62902061157087
depleted,12.46,0.0,3.613717712683584,17.82793839861812,9.558343888698289,1.782793839861812,0.0,0.6281609887761235
depleted,12.48,0.0,3.6011631250441307,17.840492986257573,9.558343888698289,1.7840492986257572,0.0,0.6272970575539673
depleted,12.5,0.0,3.588625859067409,17.853030252234294,9.558343888698289,1.7853030252234294,0.0,0.6264288234400732
depleted,12.52,0.0,3.57610600075445,17.865550110547254,9.558343888698289,1.7865550110547255,0.0,0.6255562921437621
depleted,12.54,0.0,3.563603635990356,17.87805247531135,9.558343888698289,1.787805247531135,0.0,0.6246794695487946
depleted,12.56,0.0,3.5511188505408016,17.890537260760905,9.558343888698289,1.7890537260760904,0.0,0.623798361714155
depleted,12.58,0.0,3.5386517300485263,17.90300438125318,9.558343888698289,1.790300438125318,0.0,0.6229129748748238
depleted,12.600000000000001,0.0,3.5262023600298003,17.915453751271905,9.558343888698289,1.7915453751271904,0.0,0.622023315442541
depleted,12.620000000000001,0.0,3.5137708258708886,17.92788528543082,9.558343888698289,1.7927885285430818,0.0,0.6211293900065599
depleted,12.64,0.0,3.501357212824486,17.94029889847722,9.558343888698289,1.794029889847722,0.0,0.6202312053343879
depleted,12.66,0.0,3.4889616060061512,17.952694505295554,9.558343888698289,1.7952694505295554,0.0,0.6193287683725207
depleted,12.68,0.0,3.4765840903907157,17.965072020910988,9.558343888698289,1.7965072020910988,0.0,0.6184220862471619
depleted,12.7,0.0,3.4642247508086847,17.977431360493018,9.558343888698289,1.7977431360493017,0.0,0.6175111662649342
depleted,12.719999999999999,0.0,3.4518836719426202,17.989772439359083,9.558343888698289,1.7989772439359082,0.0,0.6165960159135775
depleted,12.74,0.0,3.439560938323512,18.00209517297819,9.558343888698289,1.800209517297819,0.0,0.6156766428626371
depleted,12.76,0.0,3.4272566343271387,18.014399476974564,9.558343888698289,1.8014399476974563,0.0,0.61475305496414
depleted,12.780000000000001,0.0,3.4149708441704028,18.026685267131302,9.558343888698289,1.8026685267131302,0.0,0.613825260253257
depleted,12.8,0.0,3.402703651907671,18.038952459394032,9.558343888698289,1.8038952459394033,0.0,0.6128932669489571
depleted,12.82,0.0,3.3904551414270863,18.051200969874618,9.558343888698289,1.8051200969874617,0.0,0.6119570834546447
depleted,12.84,0.0,3.378225396446871,18.06343071485483,9.558343888698289,1.8063430714854831,0.0,0.6110167183587886
depleted,12.86,0.0,3.3660145005116258,18.07564161079008,9.558343888698289,1.8075641610790079,0.0,0.6100721804355345
depleted,12.879999999999999,0.0,3.353822536988605,18.0878335743131,9.558343888698289,1.80878335743131,0.0,0.609123478645308
depleted,12.9,0.0,3.341649589063986,18.100006522237717,9.558343888698289,1.8100006522237717,0.0,0.6081706221354013
depleted,12.92,0.0,3.3294957397391296,18.112160371562574,9.558343888698289,1.8112160371562573,0.0,0.6072136202405487
depleted,12.940000000000001,0.0,3.31736107182682,18.124295039474884,9.558343888698289,1.8124295039474885,0.0,0.6062524824834876
depleted,12.96,0.0,3.3052456679475046,18.1364104433542,9.558343888698289,1.81364104433542,0.0,0.6052872185755052
depleted,12.98,0.0,3.293149610525513,18.14850650077619,9.558343888698289,1.814850650077619,0.0,0.6043178384169723
depleted,13.0,0.0,3.281072981785272,18.160583129516432,9.558343888698289,1.8160583129516432,0.0,0.6033443520978619
depleted,13.02,0.0,3.2690158637475113,18.17264024755419,9.558343888698289,1.8172640247554193,0.0,0.6023667698982533
depleted,13.04,0.0,3.256978338225451,18.184677773076253,9.558343888698289,1.8184677773076252,0.0,0.601385102288823
depleted,13.06,0.0,3.2449604868209874,18.196695624480718,9.558343888698289,1.8196695624480719,0.0,0.6003993599313171
depleted,13.08,0.0,3.2329623909208722,18.208693720380833,9.558343888698289,1.8208693720380833,0.0,0.599409553679013
depleted,13.100000000000001,0.0,3.220984131692866,18.220671979608838,9.558343888698289,1.8220671979608838,0.0,0.5984156945771633
depleted,13.120000000000001,0.0,3.209025790081907,18.232630321219798,9.558343888698289,1.8232630321219798,0.0,0.5974177938634231
depleted,13.14,0.0,3.197087446806249,18.244568664495457,9.558343888698289,1.8244568664495457,0.0,0.5964158629682642
depleted,13.16,0.0,3.185169182353605,18.2564869289481,9.558343888698289,1.82564869289481,0.0,0.595409913515371
depleted,13.18,0.0,3.1732710769772807,18.268385034324425,9.558343888698289,1.8268385034324424,0.0,0.5943999573220218
depleted,13.2,0.0,3.161393210692296,18.280262900609408,9.558343888698289,1.8280262900609408,0.0,0.593386006399452
depleted,13.219999999999999,0.0,3.149535663271504,18.2921204480302,9.558343888698289,1.82921204480302,0.0,0.5923680729532026
depleted,13.24,0.0,3.1376985142417007,18.303957597060005,9.558343888698289,1.8303957597060005,0.0,0.5913461693834501
depleted,13.26,0.0,3.1258818428797315,18.315774268421972,9.558343888698289,1.8315774268421972,0.0,0.5903203082853196
depleted,13.280000000000001,0.0,3.1140857282085843,18.32757038309312,9.558343888698289,1.8327570383093121,0.0,0.5892905024491824
depleted,13.3,0.0,3.1023102489934877,18.339345862308218,9.558343888698289,1.8339345862308218,0.0,0.5882567648609326
depleted,13.32,0.0,3.090555483737994,18.351100627563714,9.558343888698289,1.8351100627563715,0.0,0.5872191087022508
depleted,13.34,0.0,3.07882151068006,18.362834600621646,9.558343888698289,1.8362834600621647,0.0,0.5861775473508442
depleted,13.36,0.0,3.067108407788129,18.374547703513578,9.558343888698289,1.8374547703513577,0.0,0.5851320943806733
depleted,13.379999999999999,0.0,3.0554162527571997,18.386239858544506,9.558343888698289,1.8386239858544506,0.0,0.5840827635621588
depleted,13.4,0.0,3.0437451230048946,18.39791098829681,9.558343888698289,1.839791098829681,0.0,0.5830295688623679
depleted,13.42,0.0,3.0320950956675308,18.409561015634175,9.558343888698289,1.8409561015634175,0.0,0.5819725244451855
depleted,13.440000000000001,0.0,3.020466247596174,18.421189863705532,9.558343888698289,1.8421189863705532,0.0,0.5809116446714636
depleted,13.46,0.0,3.008858655352706,18.432797455949,9.558343888698289,1.8432797455949,0.0,0.5798469440991525
depleted,13.48,0.0,2.997272395205875,18.44438371609583,9.558343888698289,1.8444383716095831,0.0,0.5787784374834132
depleted,13.5,0.0,2.9857075431273534,18.455948568174353,9.558343888698289,1.8455948568174354,0.0,0.5777061397767094
depleted,13.52,0.0,2.974164174787792,18.467491936513916,9.558343888698289,1.8467491936513916,0.0,0.5766300661288803
depleted,13.54,0.0,2.962642365552868,18.479013745748837,9.558343888698289,1.8479013745748838,0.0,0.5755502318871932
depleted,13.56,0.0,2.9511421904793416,18.490513920822366,9.558343888698289,1.8490513920822367,0.0,0.5744666525963769
depleted,13.58,0.0,2.939663724311103,18.501992386990604,9.558343888698289,1.8501992386990604,0.0,0.5733793439986328
depleted,13.600000000000001,0.0,2.928207041475221,18.513449069826486,9.558343888698289,1.8513449069826486,0.0,0.5722883220336281
depleted,13.620000000000001,0.0,2.916772216078002,18.524883895223706,9.558343888698289,1.8524883895223705,0.0,0.5711936028384663
depleted,13.64,0.0,2.905359321901031,18.536296789400676,9.558343888698289,1.8536296789400677,0.0,0.5700952027476374
depleted,13.66,0.0,2.8939684323972332,18.547687678904474,9.558343888698289,1.8547687678904474,0.0,0.5689931382929481
depleted,13.68,0.0,2.882599620686923,18.559056490614786,9.558343888698289,1.8559056490614787,0.0,0.5678874262034295
depleted,13.7,0.0,2.871252959553865,18.570403151747843,9.558343888698289,1.8570403151747843,0.0,0.5667780834052237
depleted,13.719999999999999,0.0,2.859928521441329,18.581727589860378,9.558343888698289,1.8581727589860377,0.0,0.5656651270214496
depleted,13.74,0.0,2.848626378448154,18.593029732853555,9.558343888698289,1.8593029732853554,0.0,0.5645485743720468
depleted,13.76,0.0,2.8373466023248173,18.60430950897689,9.558343888698289,1.860430950897689,0.0,0.5634284429735965
depleted,13.780000000000001,0.0,2.8260892644694935,18.615566846832213,9.558343888698289,1.8615566846832212,0.0,0.5623047505391211
depleted,13.8,0.0,2.8148544359241403,18.626801675377568,9.558343888698289,1.8626801675377567,0.0,0.5611775149778635
depleted,13.82,0.0,2.8036421873705666,18.63801392393114,9.558343888698289,1.863801392393114,0.0,0.56004675439504
depleted,13.84,0.0,2.7924525891265204,18.64920352217519,9.558343888698289,1.8649203522175188,0.0,0.5589124870915745
depleted,13.86,0.0,2.781285711141776,18.660370400159934,9.558343888698289,1.8660370400159934,0.0,0.5577747315638076
depleted,13.879999999999999,0.0,2.7701416229942306,18.67151448830748,9.558343888698289,1.867151448830748,0.0,0.556633506503185
depleted,13.9,0.0,2.7590203938860025,18.682635717415707,9.558343888698289,1.8682635717415708,0.0,0.5554888307959209
depleted,13.92,0.0,2.7479220926395436,18.693734018662166,9.558343888698289,1.8693734018662167,0.0,0.5543407235226393
depleted,13.940000000000001,0.0,2.7368467876937483,18.70480932360796,9.558343888698289,1.870480932360796,0.0,0.5531892039579922
depleted,13.96,0.0,2.7257945471000866,18.71586156420162,9.558343888698289,1.8715861564201621,0.0,0.552034291570255
depleted,13.98,0.0,2.7147654385187256,18.726890672782982,9.558343888698289,1.8726890672782983,0.0,0.5508760060208961
depleted,14.0,0.0,2.7037595292146768,18.737896582087032,9.558343888698289,1.8737896582087032,0.0,0.5497143671641262
depleted,14.02,0.0,2.6927768860539434,18.748879225247766,9.558343888698289,1.8748879225247765,0.0,0.548549395046421
depleted,14.040000000000001,0.0,2.6818175754996796,18.75983853580203,9.558343888698289,1.875983853580203,0.0,0.5473811099060215
depleted,14.06,0.0,2.6708816636083657,18.77077444769334,9.558343888698289,1.8770774447693341,0.0,0.546209532172411
depleted,14.08,0.0,2.6599692160259796,18.78168689527573,9.558343888698289,1.8781686895275729,0.0,0.5450346824657657
depleted,14.1,0.0,2.649080297984196,18.792575813317512,9.558343888698289,1.8792575813317511,0.0,0.5438565815963836
depleted,14.120000000000001,0.0,2.6382149742965852,18.803441137005123,9.558343888698289,1.8803441137005124,0.0,0.5426752505640876
depleted,14.14,0.0,2.627373309354835,18.814282801946874,9.558343888698289,1.8814282801946873,0.0,0.5414907105576051
depleted,14.16,0.0,2.6165553671249713,18.825100744176737,9.558343888698289,1.8825100744176737,0.0,0.5403029829539222
depleted,14.18,0.0,2.6057612111436046,18.835894900158106,9.558343888698289,1.8835894900158106,0.0,0.5391120893176146
depleted,14.2,0.0,2.594990904514183,18.846665206787527,9.558343888698289,1.8846665206787527,0.0,0.5379180514001525
depleted,14.22,0.0,2.5842445099032623,18.857411601398447,9.558343888698289,1.8857411601398446,0.0,0.5367208911391819
depleted,14.24,0.0,2.5735220895367923,18.868134021764916,9.558343888698289,1.8868134021764917,0.0,0.5355206306577807
depleted,14.26,0.0,2.5628237051964105,18.878832406105296,9.558343888698289,1.8878832406105297,0.0,0.5343172922636896
depleted,14.28,0.0,2.55214941821576,18.88950669308595,9.558343888698289,1.888950669308595,0.0,0.5331108984485188
depleted,14.3,0.0,2.541499289476819,18.90015682182489,9.558343888698289,1.890015682182489,0.0,0.5319014718869284
depleted,14.32,0.0,2.530873379406253,18.910782731895456,9.558343888698289,1.8910782731895455,0.0,0.530689035435786
depleted,14.34,0.0,2.5202717479717704,18.92138436332994,9.558343888698289,1.8921384363329938,0.0,0.5294736121332969
depleted,14.36,0.0,2.5096944546785127,18.931961656623194,9.558343888698289,1.8931961656623195,0.0,0.5282552251981104
depleted,14.38,0.0,2.499141558565449,18.94251455273626,9.558343888698289,1.894251455273626,0.0,0.5270338980284005
depleted,14.4,0.0,2.4886131182018008,18.953042993099906,9.558343888698289,1.8953042993099907,0.0,0.5258096542009218
depleted,14.42,0.0,2.4781091916834743,18.96354691961823,9.558343888698289,1.896354691961823,0.0,0.52458251747004
depleted,14.44,0.0,2.4676298366295213,18.974026274672184,9.558343888698289,1.8974026274672184,0.0,0.5233525117667364
depleted,14.46,0.0,2.4571751101786155,18.98448100112309,9.558343888698289,1.898448100112309,0.0,0.522119661197588
depleted,14.48,0.0,2.446745068985554,18.99491104231615,9.558343888698289,1.8994911042316152,0.0,0.5208839900437227
depleted,14.5,0.0,2.436339769217773,19.005316342083933,9.558343888698289,1.9005316342083933,0.0,0.5196455227597475
depleted,14.52,0.0,2.42595926655189,19.015696844749815,9.558343888698289,1.9015696844749814,0.0,0.5184042839726525
depleted,14.540000000000001,0.0,2.41560361617027,19.026052495131438,9.558343888698289,1.9026052495131438,0.0,0.5171602984806901
depleted,14.56,0.0,2.40527287275761,19.036383238544097,9.558343888698289,1.9036383238544097,0.0,0.5159135912522282
depleted,14.58,0.0,2.394967090497546,19.04668902080416,9.558343888698289,1.904668902080416,0.0,0.5146641874245774
depleted,14.6,0.0,2.3846863230692916,19.056969788232415,9.558343888698289,1.9056969788232414,0.0,0.5134121123027945
depleted,14.620000000000001,0.0,2.374430623644288,19.067225487657417,9.558343888698289,1.9067225487657418,0.0,0.5121573913584591
depleted,14.64,0.0,2.3642000448828937,19.07745606641881,9.558343888698289,1.9077456066418812,0.0,0.5109000502284269
depleted,14.66,0.0,2.3539946389310864,19.08766147237062,9.558343888698289,1.908766147237062,0.0,0.509640114713556
depleted,14.68,0.0,2.343814457417196,19.09784165388451,9.558343888698289,1.909784165388451,0.0,0.5083776107774087
depleted,14.700000000000001,0.0,2.333659551448667,19.10799655985304,9.558343888698289,1.9107996559853038,0.0,0.5071125645449288
depleted,14.72,0.0,2.323529971608843,19.118126139692862,9.558343888698289,1.9118126139692861,0.0,0.505845002301093
depleted,14.74,0.0,2.313425767953777,19.12823034334793,9.558343888698289,1.912823034334793,0.0,0.5045749504895378
depleted,14.76,0.0,2.303346990009075,19.138309121292632,9.558343888698289,1.9138309121292632,0.0,0.5033024357111613
depleted,14.78,0.0,2.2932936867667655,19.14836242453494,9.558343888698289,1.9148362424534942,0.0,0.5020274847227002
depleted,14.8,0.0,2.283265906682194,19.15839020461951,9.558343888698289,1.915839020461951,0.0,0.5007501244352821
depleted,14.82,0.0,2.273263697670954,19.16839241363075,9.558343888698289,1.9168392413630753,0.0,0.49947038191295356
depleted,14.84,0.0,2.263287107105839,19.17836900419587,9.558343888698289,1.9178369004195868,0.0,0.49818828437118207
depleted,14.86,0.0,2.2533361818138338,19.18831992948787,9.558343888698289,1.9188319929487871,0.0,0.4969038591753354
depleted,14.88,0.0,2.243410968073127,19.19824514322858,9.558343888698289,1.9198245143228578,0.0,0.4956171338391355
depleted,14.9,0.0,2.2335115116101654,19.20814459969154,9.558343888698289,1.920814459969154,0.0,0.49432813602308845
depleted,14.92,0.0,2.2236378575967297,19.218018253704976,9.558343888698289,1.9218018253704976,0.0,0.49303689353288976
depleted,14.94,0.0,2.213790050647048,19.22786606065466,9.558343888698289,1.922786606065466,0.0,0.4917434343178065
depleted,14.96,0.0,2.2039681348149394,19.237687976486768,9.558343888698289,1.9237687976486768,0.0,0.4904477864690344
depleted,14.98,0.0,2.194172153590998,19.24748395771071,9.558343888698289,1.924748395771071,0.0,0.4891499782180334
depleted,15.0,0.0,2.184402149899797,19.25725396140191,9.558343888698289,1.9257253961401912,0.0,0.4878500379348357
depleted,15.02,0.0,2.1746581660971374,19.266997945204572,9.558343888698289,1.9266997945204571,0.0,0.4865479941263342
depleted,15.040000000000001,0.0,2.164940243967328,19.27671586733438,9.558343888698289,1.9276715867334382,0.0,0.4852438754345455
depleted,15.06,0.0,2.1552484247205035,19.286407686581207,9.558343888698289,1.9286407686581206,0.0,0.48393771063485075
depleted,15.08,0.0,2.1455827489899693,19.296073362311738,9.558343888698289,1.9296073362311739,0.0,0.48262952863421243
depleted,15.1,0.0,2.135943256829592,19.305712854472116,9.558343888698289,1.9305712854472117,0.0,0.48131935846936874
depleted,15.120000000000001,0.0,2.126329987711219,19.31532612359049,9.558343888698289,1.931532612359049,0.0,0.48000722930500594
depleted,15.14,0.0,2.116742980522144,19.324913130779567,9.558343888698289,1.9324913130779566,0.0,0.47869317043190834
depleted,15.16,0.0,2.107182273562595,19.334473837739115,9.558343888698289,1.9334473837739115,0.0,0.4773772112650836
depleted,15.18,0.0,2.0976479045432765,19.34400820675843,9.558343888698289,1.9344008206758432,0.0,0.4760593813418694
depleted,15.200000000000001,0.0,2.088139910582937,19.353516200718772,9.558343888698289,1.9353516200718772,0.0,0.4747397103200162
depleted,15.22,0.0,2.078658328205984,19.362997783095725,9.558343888698289,1.9362997783095726,0.0,0.47341822797574873
depleted,15.24,0.0,2.0692031933401305,19.372452917961578,9.558343888698289,1.9372452917961578,0.0,0.47209496420180586
depleted,15.26,0.0,2.0597745413140864,19.381881569987623,9.558343888698289,1.9381881569987622,0.0,0.4707699490054599
depleted,15.28,0.0,2.050372406855288,19.391283704446423,9.558343888698289,1.9391283704446423,0.0,0.46944321250651383
depleted,15.3,0.0,2.040996824087665,19.400659287214044,9.558343888698289,1.9400659287214044,0.0,0.46811478493527914
depleted,15.32,0.0,2.031647826529457,19.410008284772253,9.558343888698289,1.9410008284772253,0.0,0.4667846966305325
depleted,15.34,0.0,2.022325447091056,19.419330664210655,9.558343888698289,1.9419330664210654,0.0,0.46545297803745117
depleted,15.36,0.0,2.0130297180729073,19.428626393228804,9.558343888698289,1.9428626393228803,0.0,0.46411965970553043
depleted,15.38,0.0,2.003760671163438,19.437895440138274,9.558343888698289,1.9437895440138273,0.0,0.46278477228647963
depleted,15.4,0.0,1.9945183374370385,19.44713777386467,9.558343888698289,1.9447137773864671,0.0,0.4614483465320996
depleted,15.42,0.0,1.9853027473520792,19.45635336394963,9.558343888698289,1.9456353363949632,0.0,0.46011041329214036
depleted,15.44,0.0,1.9761139307489743,19.465542180552738,9.558343888698289,1.9465542180552737,0.0,0.45877100351214023
depleted,15.46,0.0,1.9669519168482863,19.474704194453423,9.558343888698289,1.9474704194453423,0.0,0.4574301482312464
depleted,15.48,0.0,1.9578167342488795,19.48383937705283,9.558343888698289,1.9483839377052832,0.0,0.4560878785800166
depleted,15.5,0.0,1.9487084109261092,19.492947700375602,9.558343888698289,1.9492947700375602,0.0,0.45474422577820334
depleted,15.52,0.0,1.9396269742300631,19.50202913707165,9.558343888698289,1.9502029137071648,0.0,0.45339922113252
depleted,15.540000000000001,0.0,1.9305724508838427,19.511083660417867,9.558343888698289,1.9511083660417867,0.0,0.45205289603438986
depleted,15.56,0.0,1.9215448669818955,19.520111244319814,9.558343888698289,1.9520111244319813,0.0,0.45070528195767756
depleted,15.58,0.0,1.9125442479883836,19.529111863313325,9.558343888698289,1.9529111863313324,0.0,0.44935641045640384
depleted,15.6,0.0,1.9035706187356076,19.538085492566104,9.558343888698289,1.9538085492566104,0.0,0.44800631316244427
depleted,15.620000000000001,0.0,1.8946240034224702,19.54703210787924,9.558343888698289,1.9547032107879239,0.0,0.44665502178321054
depleted,15.64,0.0,1.8857044256129922,19.55595168568872,9.558343888698289,1.955595168568872,0.0,0.4453025680993189
depleted,15.66,0.0,1.8768119082348678,19.564844203066844,9.558343888698289,1.9564844203066845,0.0,0.44394898396223864
depleted,15.68,0.0,1.8679464735780729,19.57370963772364,9.558343888698289,1.9573709637723637,0.0,0.44259430129192945
depleted,15.700000000000001,0.0,1.8591081432935188,19.582547968008193,9.558343888698289,1.9582547968008193,0.0,0.44123855207446167
depleted,15.72,0.0,1.8502969383917567,19.591359172909954,9.558343888698289,1.9591359172909955,0.0,0.43988176835962395
depleted,15.74,0.0,1.8415128792417224,19.600143232059988,9.558343888698289,1.9600143232059988,0.0,0.4385239822585144
depleted,15.76,0.0,1.8327559855695377,19.608900125732173,9.558343888698289,1.9608900125732174,0.0,0.4371652259411206
depleted,15.78,0.0,1.8240262764573556,19.617629834844355,9.558343888698289,1.9617629834844355,0.0,0.43580553163388436
depleted,15.8,0.0,1.815323770342256,19.626332340959454,9.558343888698289,1.9626332340959454,0.0,0.43444493161725456
depleted,15.82,0.0,1.8066484850151918,19.63500762628652,9.558343888698289,1.963500762628652,0.0,0.433083458223228
depleted,15.84,0.0,1.7980004376199796,19.64365567368173,9.558343888698289,1.9643655673681732,0.0,0.4317211438328758
depleted,15.86,0.0,1.7893796446523447,19.652276466649365,9.558343888698289,1.9652276466649365,0.0,0.4303580208738604
depleted,15.88,0.0,1.7807861219590135,19.660869989342697,9.558343888698289,1.9660869989342697,0.0,0.4289941218179401
depleted,15.9,0.0,1.772219884736859,19.66943622656485,9.558343888698289,1.9669436226564851,0.0,0.42762947917846306
depleted,15.92,0.0,1.763680947532091,19.67797516376962,9.558343888698289,1.967797516376962,0.0,0.42626412550784964
depleted,15.94,0.0,1.7551693242395008,19.68648678706221,9.558343888698289,1.9686486787062212,0.0,0.42489809339506607
depleted,15.96,0.0,1.7466850281017563,19.694971083199956,9.558343888698289,1.9694971083199957,0.0,0.423531415463087
depleted,15.98,0.0,1.7382280717087484,19.703428039592964,9.558343888698289,1.9703428039592965,0.0,0.42216412436635
depleted,16.0,0.0,1.7297984669969844,19.71185764430473,9.558343888698289,1.9711857644304729,0.0,0.4207962527882
depleted,16.02,0.0,1.7213962252490373,19.720259886052673,9.558343888698289,1.9720259886052673,0.0,0.4194278334383258
depleted,16.04,0.0,1.7130213570930448,19.728634754208667,9.558343888698289,1.9728634754208667,0.0,0.418058899050188
depleted,16.060000000000002,0.0,1.704673872502257,19.736982238799456,9.558343888698289,1.9736982238799456,0.0,0.4166894823784399
depleted,16.08,0.0,1.6963537807946467,19.745302330507066,9.558343888698289,1.9745302330507066,0.0,0.4153196161963416
depleted,16.1,0.0,1.6880610906325473,19.753595020669163,9.558343888698289,1.9753595020669164,0.0,0.4139493332931647
depleted,16.12,0.0,1.6797958100223773,19.761860301279334,9.558343888698289,1.9761860301279335,0.0,0.41257866647159486
depleted,16.14,0.0,1.6715579463143848,19.770098164987328,9.558343888698289,1.9770098164987329,0.0,0.41120764854512465
depleted,16.16,0.0,1.663347506202462,19.778308605099248,9.558343888698289,1.9778308605099248,0.0,0.4098363123354425
depleted,16.18,0.0,1.655164495724008,19.786491615577706,9.558343888698289,1.9786491615577706,0.0,0.40846469066981755
depleted,16.200000000000003,0.0,1.6470089202598397,19.79464719104187,9.558343888698289,1.9794647191041872,0.0,0.4070928163784774
depleted,16.22,0.0,1.6388807845341695,19.802775326767545,9.558343888698289,1.9802775326767545,0.0,0.40572072229198575
depleted,16.240000000000002,0.0,1.6307800926146057,19.810876018687107,9.558343888698289,1.9810876018687107,0.0,0.4043484412386103
depleted,16.259999999999998,0.0,1.6227068479122475,19.818949263389467,9.558343888698289,1.9818949263389467,0.0,0.4029760060416953
depleted,16.28,0.0,1.6146610531817875,19.826995058119927,9.558343888698289,1.9826995058119927,0.0,0.40160344951702304
depleted,16.3,0.0,1.6066427105217103,19.835013400780003,9.558343888698289,1.9835013400780004,0.0,0.4002308044701805
depleted,16.32,0.0,1.5986518213745067,19.843004289927208,9.558343888698289,1.9843004289927209,0.0,0.39885810369391916
depleted,16.34,0.0,1.590688386526964,19.85096772477475,9.558343888698289,1.985096772477475,0.0,0.39748537996551486
depleted,16.36,0.0,1.5827524061105016,19.858903705191214,9.558343888698289,1.9858903705191213,0.0,0.39611266604412804
depleted,16.380000000000003,0.0,1.5748438796015567,19.86681223170016,9.558343888698289,1.986681223170016,0.0,0.3947399946681617
depleted,16.4,0.0,1.5669628058220335,19.87469330547968,9.558343888698289,1.987469330547968,0.0,0.39336739855262126
depleted,16.42,0.0,1.5591091829397832,19.882546928361933,9.558343888698289,1.9882546928361933,0.0,0.39199491038647216
depleted,16.439999999999998,0.0,1.5512830084691702,19.890373102832545,9.558343888698289,1.9890373102832544,0.0,0.3906225628300025
depleted,16.46,0.0,1.5434842792716514,19.898171832030066,9.558343888698289,1.9898171832030065,0.0,0.3892503885121821
depleted,16.48,0.0,1.5357129915564491,19.905943119745267,9.558343888698289,1.9905943119745266,0.0,0.38787842002802925
depleted,16.5,0.0,1.5279691408812413,19.913686970420475,9.558343888698289,1.9913686970420474,0.0,0.38650668993597415
depleted,16.52,0.0,1.5202527221529258,19.92140338914879,9.558343888698289,1.9921403389148788,0.0,0.38513523075522926
depleted,16.54,0.0,1.5125637296284313,19.929092381673286,9.558343888698289,1.9929092381673286,0.0,0.3837640749631614
depleted,16.560000000000002,0.0,1.5049021569155776,19.93675395438614,9.558343888698289,1.9936753954386142,0.0,0.382393254992667
depleted,16.58,0.0,1.4972679969739981,19.94438811432772,9.558343888698289,1.9944388114327718,0.0,0.38102280322955445
depleted,16.6,0.0,1.4896612421160942,19.951994869185626,9.558343888698289,1.9951994869185625,0.0,0.3796527520099261
depleted,16.62,0.0,1.4820818840080727,19.959574227293647,9.558343888698289,1.9959574227293646,0.0,0.3782831336175722
depleted,16.64,0.0,1.4745299136710044,19.967126197630712,9.558343888698289,1.9967126197630711,0.0,0.376913980281364
depleted,16.66,0.0,1.467005321481955,19.974650789819762,9.558343888698289,1.9974650789819761,0.0,0.3755453241726575
depleted,16.68,0.0,1.4595080971751595,19.982148014126558,9.558343888698289,1.9982148014126557,0.0,0.37417719740270144
depleted,16.700000000000003,0.0,1.4520382298432493,19.989617881458468,9.558343888698289,1.9989617881458468,0.0,0.37280963202005346
depleted,16.72,0.0,1.4445957079385385,19.99706040336318,9.558343888698289,1.9997060403363178,0.0,0.3714426600080047
depleted,16.740000000000002,0.0,1.4371805192743403,20.004475592027376,9.558343888698289,2.0004475592027378,0.0,0.3700763132820085
depleted,16.759999999999998,0.0,1.4297926510263683,20.01186346027535,9.558343888698289,2.001186346027535,0.0,0.3687106236871238
depleted,16.78,0.0,1.4224320897341507,20.019224021567567,9.558343888698289,2.0019224021567568,0.0,0.36734562299546064
depleted,16.8,0.0,1.4150988213025326,20.026557289999186,9.558343888698289,2.0026557289999185,0.0,0.36598134290364154
depleted,16.82,0.0,1.407792831003198,20.03386328029852,9.558343888698289,2.003386328029852,0.0,0.3646178150302677
depleted,16.84,0.0,1.4005141034762605,20.041142007825457,9.558343888698289,2.0041142007825457,0.0,0.36325507091339804
depleted,16.86,0.0,1.3932626227318998,20.048393488569815,9.558343888698289,2.0048393488569816,0.0,0.3618931420080387
depleted,16.880000000000003,0.0,1.3860383721520453,20.05561773914967,9.558343888698289,2.005561773914967,0.0,0.360532059683643
depleted,16.9,0.0,1.3788413344921184,20.062814776809596,9.558343888698289,2.0062814776809597,0.0,0.35917185522162515
depleted,16.92,0.0,1.3716714918828048,20.06998461941891,9.558343888698289,2.0069984619418912,0.0,0.35781255981288174
depleted,16.939999999999998,0.0,1.3645288258319077,20.077127285469807,9.558343888698289,2.0077127285469807,0.0,0.35645420455533167
depleted,16.96,0.0,1.3574133172262122,20.084242794075504,9.558343888698289,2.00842427940755,0.0,0.35509682045146346
depleted,16.98,0.0,1.3503249463334372,20.091331164968278,9.558343888698289,2.0091331164968276,0.0,0.3537404384059007
depleted,17.0,0.0,1.3432636928042028,20.098392418497514,9.558343888698289,2.0098392418497513,0.0,0.3523850892229775
depleted,17.02,0.0,1.3362295356740665,20.10542657562765,9.558343888698289,2.010542657562765,0.0,0.3510308036043308
depleted,17.04,0.0,1.3292224533656005,20.112433657936116,9.558343888698289,2.0112433657936117,0.0,0.3496776121465066
depleted,17.060000000000002,0.0,1.3222424236905148,20.119413687611203,9.558343888698289,2.0119413687611205,0.0,0.34832554533858073
depleted,17.08,0.0,1.3152894238518382,20.12636668744988,9.558343888698289,2.012636668744988,0.0,0.3469746335597972
depleted,17.1,0.0,1.3083634304461231,20.133292680855593,9.558343888698289,2.0133292680855592,0.0,0.3456249070772184
depleted,17.12,0.0,1.3014644194657308,20.140191691835987,9.558343888698289,2.014019169183599,0.0,0.34427639604339777
depleted,17.14,0.0,1.294592366301131,20.147063745000587,9.558343888698289,2.014706374500059,0.0,0.34292913049406326
depleted,17.16,0.0,1.2877472457432677,20.15390886555845,9.558343888698289,2.0153908865558448,0.0,0.3415831403458221
depleted,17.18,0.0,1.2809290319859623,20.160727079315755,9.558343888698289,2.0160727079315754,0.0,0.34023845539388065
depleted,17.200000000000003,0.0,1.2741376986283646,20.167518412673353,9.558343888698289,2.016751841267335,0.0,0.33889510530978423
depleted,17.22,0.0,1.267373218677453,20.174282892624266,9.558343888698289,2.0174282892624267,0.0,0.33755311963917495
depleted,17.240000000000002,0.0,1.2606355645505622,20.181020546751153,9.558343888698289,2.0181020546751154,0.0,0.33621252779956506
depleted,17.259999999999998,0.0,1.2539247080779865,20.18773140322373,9.558343888698289,2.0187731403223728,0.0,0.33487335907813615
depleted,17.28,0.0,1.2472406205055881,20.19441549079613,9.558343888698289,2.019441549079613,0.0,0.33353564262955004
depleted,17.3,0.0,1.2405832724974877,20.20107283880423,9.558343888698289,2.020107283880423,0.0,0.3321994074737866
depleted,17.32,0.0,1.2339526341387663,20.20770347716295,9.558343888698289,2.020770347716295,0.0,0.3308646824939964
depleted,17.34,0.0,1.227348674938229,20.214307436363487,9.558343888698289,2.0214307436363486,0.0,0.32953149643437746
depleted,17.36,0.0,1.2207713638312043,20.22088474747051,9.558343888698289,2.022088474747051,0.0,0.32819987789807126
depleted,17.380000000000003,0.0,1.2142206691823842,20.227435442119333,9.558343888698289,2.0227435442119335,0.0,0.3268698553450805
depleted,17.4,0.0,1.2076965587887143,20.233959552513003,9.558343888698289,2.0233959552513,0.0,0.32554145709020943
depleted,17.42,0.0,1.201198999882305,20.24045711141941,9.558343888698289,2.024045711141941,0.0,0.3242147113010234
depleted,17.439999999999998,0.0,1.1947279591334135,20.2469281521683,9.558343888698289,2.02469281521683,0.0,0.3228896459958354
depleted,17.46,0.0,1.1882834026534308,20.253372708648286,9.558343888698289,2.0253372708648287,0.0,0.32156628904170914
depleted,17.48,0.0,1.1818652959979437,20.259790815303774,9.558343888698289,2.0259790815303775,0.0,0.3202446681524917
depleted,17.5,0.0,1.175473604169806,20.266182507131912,9.558343888698289,2.026618250713191,0.0,0.31892481088686403
depleted,17.52,0.0,1.1691082916222661,20.272547819679453,9.558343888698289,2.027254781967945,0.0,0.3176067446464181
depleted,17.54,0.0,1.1627693222621285,20.27888678903959,9.558343888698289,2.0278886789039587,0.0,0.3162904966737568
depleted,17.560000000000002,0.0,1.1564566594529486,20.28519945184877,9.558343888698289,2.0285199451848768,0.0,0.31497609405061777
depleted,17.58,0.0,1.150170266018277,20.291485845283443,9.558343888698289,2.029148584528344,0.0,0.313663563696024
depleted,17.6,0.0,1.1439101042449176,20.2977460070568,9.558343888698289,2.02977460070568,0.0,0.312352932364454
depleted,17.62,0.0,1.137676135886253,20.303979975415466,9.558343888698289,2.0303979975415465,0.0,0.3110442266440442
depleted,17.64,0.0,1.131468322165577,20.31018778913614,9.558343888698289,2.031018778913614,0.0,0.3097374729548096
depleted,17.66,0.0,1.1252866237794805,20.316369487522238,9.558343888698289,2.0316369487522237,0.0,0.30843269754689484
depleted,17.68,0.0,1.119131000901264,20.322525110400452,9.558343888698289,2.032252511040045,0.0,0.30712992649884857
depleted,17.700000000000003,0.0,1.1130014131843862,20.328654698117333,9.558343888698289,2.032865469811733,0.0,0.30582918571592466
depleted,17.72,0.0,1.106897819765952,20.334758291535767,9.558343888698289,2.0334758291535766,0.0,0.30453050092841066
depleted,17.740000000000002,0.0,1.1008201792702166,20.340835932031503,9.558343888698289,2.0340835932031505,0.0,0.3032338976899793
depleted,17.759999999999998,0.0,1.0947684498121497,20.346887661489568,9.558343888698289,2.0346887661489568,0.0,0.30193940137607245
depleted,17.78,0.0,1.0887425890009994,20.352913522300717,9.558343888698289,2.0352913522300717,0.0,0.30064703718230507
depleted,17.8,0.0,1.0827425539439202,20.3589135573578,9.558343888698289,2.03589135573578,0.0,0.2993568301229035
depleted,17.82,0.0,1.0767683012496048,20.364887810052114,9.558343888698289,2.0364887810052115,0.0,0.2980688050291649
depleted,17.84,0.0,1.0708197870319625,20.370836324269753,9.558343888698289,2.037083632426975,0.0,0.29678298654794827
depleted,17.86,0.0,1.0648969669138224,20.376759144387893,9.558343888698289,2.0376759144387893,0.0,0.29549939914019135
depleted,17.880000000000003,0.0,1.0589997960306652,20.382656315271053,9.558343888698289,2.0382656315271053,0.0,0.29421806707945597
depleted,17.9,0.0,1.0531282290343904,20.388527882267326,9.558343888698289,2.0388527882267327,0.0,0.29293901445050247
depleted,17.92,0.0,1.047282220097094,20.394373891204623,9.558343888698289,2.0394373891204625,0.0,0.2916622651478888
depleted,17.939999999999998,0.0,1.0414617229149032,20.400194388386815,9.558343888698289,2.0400194388386814,0.0,0.2903878428746044
depleted,17.96,0.0,1.0356666907118042,20.405989420589915,9.558343888698289,2.0405989420589914,0.0,0.28911577114072484
depleted,17.98,0.0,1.0298970762435282,20.41175903505819,9.558343888698289,2.041175903505819,0.0,0.2878460732621027
depleted,18.0,0.0,1.0241528318014392,20.417503279500277,9.558343888698289,2.0417503279500275,0.0,0.2865787723590818
depleted,18.02,0.0,1.01843390921646,20.42322220208526,9.558343888698289,2.042322220208526,0.0,0.28531389135524254
depleted,18.04,0.0,1.0127402598630204,20.4289158514387,9.558343888698289,2.04289158514387,0.0,0.2840514529761772
depleted,18.060000000000002,0.0,1.0070718346630265,20.43458427663869,9.558343888698289,2.043458427663869,0.0,0.2827914797482923
depleted,18.08,0.0,1.0014285840898625,20.440227527211857,9.558343888698289,2.044022752721186,0.0,0.2815339939976431
depleted,18.1,0.0,0.9958104581723973,20.44584565312932,9.558343888698289,2.044584565312932,0.0,0.28027901784879333
depleted,18.12,0.0,0.9902174064990397,20.45143870480268,9.558343888698289,2.045143870480268,0.0,0.27902657322371005
depleted,18.14,0.0,0.98464937822179,20.45700673307993,9.558343888698289,2.045700673307993,0.0,0.27777668184068244
depleted,18.16,0.0,0.9791063220603294,20.46254978924139,9.558343888698289,2.046254978924139,0.0,0.27652936521327437
depleted,18.18,0.0,0.9735881863061238,20.468067924995594,9.558343888698289,2.0468067924995594,0.0,0.2752846446493046
depleted,18.200000000000003,0.0,0.9680949188265469,20.47356119247517,9.558343888698289,2.047356119247517,0.0,0.2740425412498571
depleted,18.22,0.0,0.9626264670690305,20.479029644232686,9.558343888698289,2.0479029644232685,0.0,0.2728030759083232
depleted,18.240000000000002,0.0,0.9571827780652165,20.4844733332365,9.558343888698289,2.04844733332365,0.0,0.27156626930946876
depleted,18.259999999999998,0.0,0.9517637984351525,20.489892312866566,9.558343888698289,2.0489892312866567,0.0,0.2703321419285382
depleted,18.28,0.0,0.9463694743914765,20.49528663691024,9.558343888698289,2.049528663691024,0.0,0.2691007140303811
depleted,18.3,0.0,0.9409997517436468,20.50065635955807,9.558343888698289,2.050065635955807,0.0,0.2678720056686158
depleted,18.32,0.0,0.935654575902165,20.50600153539955,9.558343888698289,2.050600153539955,0.0,0.26664603668481707
depleted,18.34,0.0,0.9303338918828288,20.51132221941889,9.558343888698289,2.051132221941889,0.0,0.26542282670773787
depleted,18.36,0.0,0.9250376443109954,20.516618466990725,9.558343888698289,2.0516618466990724,0.0,0.26420239515255883
depleted,18.380000000000003,0.0,0.9197657774258594,20.52189033387586,9.558343888698289,2.052189033387586,0.0,0.2629847612201688
depleted,18.4,0.0,0.9145182350847497,20.52713787621697,9.558343888698289,2.052713787621697,0.0,0.261769943896476
depleted,18.42,0.0,0.9092949607674261,20.532361150534292,9.558343888698289,2.053236115053429,0.0,0.26055796195174624
depleted,18.439999999999998,0.0,0.9040958975804121,20.53756021372131,9.558343888698289,2.053756021372131,0.0,0.259348833939976
depleted,18.46,0.0,0.8989209882613117,20.54273512304041,9.558343888698289,2.0542735123040408,0.0,0.2581425781982891
depleted,18.48,0.0,0.8937701751831663,20.547885936118554,9.558343888698289,2.0547885936118555,0.0,0.2569392128463706
depleted,18.5,0.0,0.8886434003587987,20.553012710942923,9.558343888698289,2.0553012710942924,0.0,0.2557387557859237
depleted,18.52,0.0,0.883540605445183,20.558115505856538,9.558343888698289,2.055811550585654,0.0,0.2545412247001604
depleted,18.54,0.0,0.8784617317478176,20.563194379553902,9.558343888698289,2.0563194379553904,0.0,0.25334663705332117
depleted,18.560000000000002,0.0,0.873406720225109,20.568249391076613,9.558343888698289,2.056824939107661,0.0,0.25215501009022345
depleted,18.58,0.0,0.8683755114927686,20.573280599808953,9.558343888698289,2.0573280599808954,0.0,0.25096636083584106
depleted,18.6,0.0,0.8633680458282036,20.57828806547352,9.558343888698289,2.057828806547352,0.0,0.24978070609491038
depleted,18.62,0.0,0.8583842631749384,20.58327184812678,9.558343888698289,2.0583271848126783,0.0,0.24859806245157043
depleted,18.64,0.0,0.8534241031470199,20.5882320081547,9.558343888698289,2.0588232008154703,0.0,0.24741844626902756
depleted,18.66,0.0,0.8484875050334432,20.593168606268275,9.558343888698289,2.0593168606268275,0.0,0.24624187368925235
depleted,18.68,0.0,0.8435744078025792,20.59808170349914,9.558343888698289,2.059808170349914,0.0,0.24506836063270437
depleted,18.700000000000003,0.0,0.8386847501066055,20.602971361195113,9.558343888698289,2.0602971361195115,0.0,0.2438979227980863
depleted,18.72,0.0,0.8338184702859488,20.60783764101577,9.558343888698289,2.060783764101577,0.0,0.24273057566212775
depleted,18.740000000000002,0.0,0.8289755063737163,20.612680604928002,9.558343888698289,2.0612680604928,0.0,0.24156633447939438
depleted,18.759999999999998,0.0,0.824155796100154,20.617500315201564,9.558343888698289,2.0617500315201562,0.0,0.24040521428213169
depleted,18.78,0.0,0.8193592768970801,20.62229683440464,9.558343888698289,2.062229683440464,0.0,0.23924722988013025
depleted,18.8,0.0,0.8145858859023487,20.627070225399372,9.558343888698289,2.062707022539937,0.0,0.23809239586062578
depleted,18.82,0.0,0.8098355599642918,20.631820551337427,9.558343888698289,2.0631820551337428,0.0,0.23694072658822196
depleted,18.84,0.0,0.805108235646177,20.63654787565554,9.558343888698289,2.063654787565554,0.0,0.2357922362048451
depleted,18.86,0.0,0.8004038492306603,20.64125226207106,9.558343888698289,2.064125226207106,0.0,0.2346469386297246
depleted,18.880000000000003,0.0,0.7957223367242392,20.645933774577482,9.558343888698289,2.064593377457748,0.0,0.23350484755940165
depleted,18.9,0.0,0.7910636338617104,20.65059247744001,9.558343888698289,2.065059247744001,0.0,0.23236597646776677
depleted,18.92,0.0,0.7864276761106127,20.65522843519111,9.558343888698289,2.065522843519111,0.0,0.23123033860612052
depleted,18.939999999999998,0.0,0.781814398675691,20.65984171262603,9.558343888698289,2.065984171262603,0.0,0.23009794700326813
depleted,18.96,0.0,0.7772237365033314,20.66443237479839,9.558343888698289,2.066443237479839,0.0,0.22896881446563325
depleted,18.98,0.0,0.7726556242860197,20.6690004870157,9.558343888698289,2.0669000487015703,0.0,0.22784295357740603
depleted,19.0,0.0,0.7681099964667758,20.673546114834945,9.558343888698289,2.0673546114834944,0.0,0.22672037670071152
depleted,19.02,0.0,0.7635867872435969,20.678069324058125,9.558343888698289,2.0678069324058126,0.0,0.22560109597580857
depleted,19.04,0.0,0.7590859305738917,20.68257018072783,9.558343888698289,2.068257018072783,0.0,0.22448512332131282
depleted,19.060000000000002,0.0,0.7546073601789104,20.68704875112281,9.558343888698289,2.0687048751122807,0.0,0.22337247043444622
depleted,19.08,0.0,0.7501510095481734,20.69150510175355,9.558343888698289,2.069150510175355,0.0,0.22226314879131315
depleted,19.1,0.0,0.7457168119438823,20.69593929935784,9.558343888698289,2.0695939299357837,0.0,0.22115716964719934
depleted,19.12,0.0,0.7413047004053438,20.700351410896378,9.558343888698289,2.0700351410896376,0.0,0.22005454403690045
depleted,19.14,0.0,0.7369146077533678,20.70474150354835,9.558343888698289,2.070474150354835,0.0,0.21895528277507093
depleted,19.16,0.0,0.7325464665946699,20.709109644707052,9.558343888698289,2.070910964470705,0.0,0.21785939645660132
depleted,19.18,0.0,0.7282002093262626,20.713455901975458,9.558343888698289,2.071345590197546,0.0,0.2167668954570181
depleted,19.200000000000003,0.0,0.723875768139837,20.717780343161884,9.558343888698289,2.0717780343161882,0.0,0.21567778993290893
depleted,19.22,0.0,0.7195730750261409,20.722083036275578,9.558343888698289,2.0722083036275576,0.0,0.21459208982237185
depleted,19.240000000000002,0.0,0.7152920617793362,20.72636404952238,9.558343888698289,2.072636404952238,0.0,0.21350980484548657
depleted,19.259999999999998,0.0,0.7110326600013653,20.730623451300353,9.558343888698289,2.0730623451300354,0.0,0.21243094450481348
depleted,19.28,0.0,0.706794801106284,20.734861310195434,9.558343888698289,2.0734861310195436,0.0,0.21135551808591038
depleted,19.3,0.0,0.7025784163246079,20.73907769497711,9.558343888698289,2.073907769497711,0.0,0.2102835346578779
depleted,19.32,0.0,0.6983834367076274,20.74327267459409,9.558343888698289,2.0743272674594087,0.0,0.20921500307392346
depleted,19.34,0.0,0.6942097931317235,20.747446318169995,9.558343888698289,2.0747446318169995,0.0,0.2081499319719499
depleted,19.36,0.0,0.6900574163026674,20.75159869499905,9.558343888698289,2.075159869499905,0.0,0.20708832977516603
depleted,19.380000000000003,0.0,0.6859262367599067,20.75572987454181,9.558343888698289,2.075572987454181,0.0,0.20603020469271857
depleted,19.4,0.0,0.6818161848808444,20.759839926420874,9.558343888698289,2.0759839926420875,0.0,0.20497556472034761
depleted,19.42,0.0,0.6777271908850919,20.763928920416625,9.558343888698289,2.0763928920416626,0.0,0.20392441764105973
depleted,19.439999999999998,0.0,0.6736591848387282,20.76799692646299,9.558343888698289,2.076799692646299,0.0,0.202876771025828
depleted,19.46,0.0,0.6696120966585208,20.772044014643196,9.558343888698289,2.0772044014643196,0.0,0.20183263223430606
depleted,19.48,0.0,0.6655858561161568,20.77607025518556,9.558343888698289,2.0776070255185557,0.0,0.20079200841556974
depleted,19.5,0.0,0.6615803928424382,20.78007571845928,9.558343888698289,2.078007571845928,0.0,0.1997549065088733
depleted,19.52,0.0,0.6575956363314741,20.784060474970243,9.558343888698289,2.0784060474970243,0.0,0.19872133324442862
depleted,19.54,0.0,0.6536315159448537,20.788024595356866,9.558343888698289,2.0788024595356864,0.0,0.197691295144204
depleted,19.560000000000002,0.0,0.6496879609158012,20.791968150385916,9.558343888698289,2.0791968150385918,0.0,0.19666479852274105
depleted,19.58,0.0,0.6457649003533205,20.795891210948398,9.558343888698289,2.07958912109484,0.0,0.19564184948799282
depleted,19.6,0.0,0.6418622632463099,20.79979384805541,9.558343888698289,2.079979384805541,0.0,0.19462245394217734
depleted,19.62,0.0,0.6379799784676788,20.80367613283404,9.558343888698289,2.080367613283404,0.0,0.19360661758265457
depleted,19.64,0.0,0.6341179747784276,20.807538136523288,9.558343888698289,2.0807538136523287,0.0,0.19259434590281665
depleted,19.66,0.0,0.6302761808317213,20.811379930469997,9.558343888698289,2.0811379930469998,0.0,0.19158564419299945
depleted,19.68,0.0,0.6264545251769416,20.815201586124775,9.558343888698289,2.0815201586124776,0.0,0.19058051754141017
depleted,19.700000000000003,0.0,0.6226529362637183,20.819003175038,9.558343888698289,2.0819003175038,0.0,0.18957897083507294
depleted,19.72,0.0,0.6188713424459474,20.822784768855772,9.558343888698289,2.0822784768855773,0.0,0.1885810087607916
depleted,19.740000000000002,0.0,0.6151096719857786,20.82654643931594,9.558343888698289,2.082654643931594,0.0,0.18758663580612747
depleted,19.759999999999998,0.0,0.6113678530575991,20.83028825824412,9.558343888698289,2.083028825824412,0.0,0.18659585626039682
depleted,19.78,0.0,0.6076458137519791,20.83401029754974,9.558343888698289,2.083401029754974,0.0,0.18560867421568025
depleted,19.8,0.0,0.6039434820796155,20.837712629222104,9.558343888698289,2.0837712629222103,0.0,0.1846250935678525
depleted,19.82,0.0,0.6002607859752381,20.84139532532648,9.558343888698289,2.084139532532648,0.0,0.18364511801762334
depleted,19.84,0.0,0.5965976533015065,20.84505845800021,9.558343888698289,2.084505845800021,0.0,0.18266875107159652
depleted,19.86,0.0,0.59295401185288,20.848702099448836,9.558343888698289,2.0848702099448837,0.0,0.18169599604334272
depleted,19.880000000000003,0.0,0.5893297893594671,20.85232632194225,9.558343888698289,2.085232632194225,0.0,0.18072685605448652
depleted,19.9,0.0,0.5857249134908572,20.85593119781086,9.558343888698289,2.085593119781086,0.0,0.17976133403580935
depleted,19.92,0.0,0.5821393118599182,20.8595167994418,9.558343888698289,2.0859516799441797,0.0,0.17879943272836266
depleted,19.939999999999998,0.0,0.57857291202659,20.863083199275128,9.558343888698289,2.0863083199275128,0.0,0.17784115468460016
depleted,19.96,0.0,0.575025641501635,20.866630469800082,9.558343888698289,2.086663046980008,0.0,0.1768865022695175
depleted,19.98,0.0,0.5714974277503851,20.87015868355133,9.558343888698289,2.087015868355133,0.0,0.1759354776618104
depleted,20.0,0.0,0.567988198196449,20.87366791310527,9.558343888698289,2.0873667913105267,0.0,0.1749880828550405
depleted,20.02,0.0,0.5644978802254061,20.87715823107631,9.558343888698289,2.087715823107631,0.0,0.17404431965881764
depleted,20.04,0.0,0.5610264011884735,20.880629710113244,9.558343888698289,2.0880629710113245,0.0,0.1731041896999913
depleted,20.060000000000002,0.0,0.557573688406148,20.884082422895567,9.558343888698289,2.0884082422895567,0.0,0.1721676944238557
depleted,20.08,0.0,0.5541396691718287,20.887516442129886,9.558343888698289,2.0887516442129885,0.0,0.17123483509536577
depleted,20.1,0.0,0.5507242707554041,20.890931840546312,9.558343888698289,2.089093184054631,0.0,0.17030561280036244
depleted,20.12,0.0,0.5473274204068314,20.894328690894884,9.558343888698289,2.0894328690894883,0.0,0.16938002844681274
depleted,20.14,0.0,0.5439490453596741,20.897707065942043,9.558343888698289,2.089770706594204,0.0,0.16845808276605634
depleted,20.16,0.0,0.5405890728346255,20.90106703846709,9.558343888698289,2.090106703846709,0.0,0.1675397763140645
depleted,20.18,0.0,0.5372474300430023,20.904408681258715,9.558343888698289,2.0904408681258717,0.0,0.16662510947270856
depleted,20.200000000000003,0.0,0.533924044190214,20.907732067111503,9.558343888698289,2.0907732067111504,0.0,0.1657140824510375
depleted,20.22,0.0,0.5306188424792085,20.911037268822508,9.558343888698289,2.0911037268822508,0.0,0.16480669528656616
depleted,20.240000000000002,0.0,0.5273317521138842,20.914324359187834,9.558343888698289,2.0914324359187835,0.0,0.16390294784656953
depleted,20.259999999999998,0.0,0.5240627003024899,20.917593410999228,9.558343888698289,2.0917593410999227,0.0,0.1630028398293903
depleted,20.28,0.0,0.5208116142609815,20.920844497040736,9.558343888698289,2.092084449704074,0.0,0.1621063707657492
depleted,20.3,0.0,0.5175784212163698,20.924077690085348,9.558343888698289,2.0924077690085348,0.0,0.1612135400200694
depleted,20.32,0.0,0.5143630484100264,20.927293062891692,9.558343888698289,2.0927293062891694,0.0,0.16032434679180335
depleted,20.34,0.0,0.5111654231009735,20.930490688200745,9.558343888698289,2.0930490688200747,0.0,0.15943879011677062
depleted,20.36,0.0,0.5079854725691415,20.93367063873258,9.558343888698289,2.093367063873258,0.0,0.15855686886850143
depleted,20.380000000000003,0.0,0.5048231241186018,20.93683298718312,9.558343888698289,2.093683298718312,0.0,0.15767858175958768
depleted,20.4,0.0,0.5016783050807738,20.939977806220945,9.558343888698289,2.0939977806220944,0.0,0.15680392734304066
depleted,20.42,0.0,0.4985509428175977,20.943105168484124,9.558343888698289,2.094310516848412,0.0,0.15593290401365362
depleted,20.439999999999998,0.0,0.49544096472469257,20.94621514657703,9.558343888698289,2.0946215146577027,0.0,0.1550655100093734
depleted,20.46,0.0,0.49234829823447146,20.94930781306725,9.558343888698289,2.094930781306725,0.0,0.15420174341267423
depleted,20.48,0.0,0.4892728708192448,20.952383240482476,9.558343888698289,2.0952383240482475,0.0,0.1533416021519405
depleted,20.5,0.0,0.48621460999428273,20.955441501307437,9.558343888698289,2.0955441501307437,0.0,0.15248508400285177
depleted,20.52,0.0,0.4831734433208575,20.958482667980864,9.558343888698289,2.0958482667980864,0.0,0.15163218658977443
depleted,20.54,0.0,0.4801492984092558,20.961506812892463,9.558343888698289,2.096150681289246,0.0,0.15078290738715797
depleted,20.560000000000002,0.0,0.4771421029217621,20.964514008379957,9.558343888698289,2.0964514008379957,0.0,0.14993724372093428
depleted,20.58,0.0,0.4741517845756181,20.967504326726104,9.558343888698289,2.0967504326726103,0.0,0.14909519276992358
depleted,20.6,0.0,0.4711782711459444,20.970477840155777,9.558343888698289,2.0970477840155777,0.0,0.1482567515672405
depleted,20.62,0.0,0.46822149046864864,20.97343462083307,9.558343888698289,2.097343462083307,0.0,0.1474219170017079
depleted,20.64,0.0,0.4652813704432908,20.97637474085843,9.558343888698289,2.097637474085843,0.0,0.14659068581927065
depleted,20.66,0.0,0.4623578390359296,20.97929827226579,9.558343888698289,2.097929827226579,0.0,0.14576305462441413
depleted,20.68,0.0,0.45945082428193673,20.982205287019784,9.558343888698289,2.0982205287019786,0.0,0.14493901988158536
depleted,20.700000000000003,0.0,0.45656025428878294,20.985095857012936,9.558343888698289,2.0985095857012936,0.0,0.14411857791661578
depleted,20.72,0.0,0.4536860572387987,20.98797005406292,9.558343888698289,2.098797005406292,0.0,0.1433017249181482
depleted,20.740000000000002,0.0,0.4508281613918981,20.99082794990982,9.558343888698289,2.099082794990982,0.0,0.1424884569390626
depleted,20.759999999999998,0.0,0.44798649508828725,20.99366961621343,9.558343888698289,2.0993669616213433,0.0,0.14167876989790795
depleted,20.78,0.0,0.4451609867511288,20.99649512455059,9.558343888698289,2.099649512455059,0.0,0.14087265958033085
depleted,20.8,0.0,0.442351564889193,20.999304546412528,9.558343888698289,2.0999304546412527,0.0,0.14007012164051005
depleted,20.82,0.0,0.4395581580994673,21.002097953202252,9.558343888698289,2.1002097953202252,0.0,0.13927115160258804
depleted,20.84,0.0,0.4367806950697451,21.004875416231975,9.558343888698289,2.1004875416231976,0.0,0.1384757448621061
depleted,20.86,0.0,0.43401910458118315,21.007637006720536,9.558343888698289,2.1007637006720534,0.0,0.13768389668743888
depleted,20.880000000000003,0.0,0.4312733155108298,21.01038279579089,9.558343888698289,2.1010382795790887,0.0,0.13689560222122915
depleted,20.9,0.0,0.42854325683412803,21.013112854467593,9.558343888698289,2.1013112854467595,0.0,0.1361108564818236
depleted,20.92,0.0,0.4258288576273814,21.01582725367434,9.558343888698289,2.1015827253674337,0.0,0.13532965436470656
depleted,20.939999999999998,0.0,0.42313004707020424,21.018526064231516,9.558343888698289,2.1018526064231517,0.0,0.13455199064393655
depleted,20.96,0.0,0.42044675444792834,21.02120935685379,9.558343888698289,2.102120935685379,0.0,0.13377785997357816
depleted,20.98,0.0,0.4177789091539953,21.023877202147727,9.558343888698289,2.1023877202147725,0.0,0.1330072568891375
depleted,21.0,0.0,0.41512644069230853,21.026529670609413,9.558343888698289,2.1026529670609415,0.0,0.1322401758089929
depleted,21.02,0.0,0.41248927867956375,21.029166832622156,9.558343888698289,2.1029166832622157,0.0,0.13147661103582678
depleted,21.04,0.0,0.4098673528475479,21.031788758454173,9.558343888698289,2.1031788758454173,0.0,0.13071655675805502
depleted,21.060000000000002,0.0,0.40726059304540996,21.03439551825631,9.558343888698289,2.1034395518256312,0.0,0.12996000705125485
depleted,21.08,0.0,0.4046689292419058,21.036987182059814,9.558343888698289,2.1036987182059814,0.0,0.12920695587959183
depleted,21.1,0.0,0.4020922915276069,21.039563819774113,9.558343888698289,2.103956381977411,0.0,0.12845739709724235
depleted,21.12,0.0,0.39953061011709246,21.042125501184625,9.558343888698289,2.1042125501184623,0.0,0.12771132444981736
depleted,21.14,0.0,0.39698381535110155,21.044672295950615,9.558343888698289,2.1044672295950617,0.0,0.1269687315757806
depleted,21.16,0.0,0.394451837698664,21.047204273603054,9.558343888698289,2.1047204273603053,0.0,0.12622961200786562
depleted,21.18,0.0,0.3919346077592006,21.049721503542518,9.558343888698289,2.104972150354252,0.0,0.12549395917449035
depleted,21.200000000000003,0.0,0.3894320562645945,21.052224055037122,9.558343888698289,2.1052224055037123,0.0,0.12476176640116722
depleted,21.22,0.0,0.38694411408123797,21.05471199722048,9.558343888698289,2.105471199722048,0.0,0.1240330269119123
depleted,21.240000000000002,0.0,0.3844707122120429,21.057185399089676,9.558343888698289,2.1057185399089677,0.0,0.12330773383064776
depleted,21.259999999999998,0.0,0.3820117817984357,21.059644329503282,9.558343888698289,2.105964432950328,0.0,0.12258588018260529
depleted,21.28,0.0,0.37956725412230974,21.062088857179408,9.558343888698289,2.106208885717941,0.0,0.12186745889572072
depleted,21.3,0.0,0.3771370606079642,21.064519050693754,9.558343888698289,2.1064519050693753,0.0,0.12115246280202971
depleted,21.32,0.0,0.3747211328240032,21.066934978477715,9.558343888698289,2.1066934978477714,0.0,0.12044088463905542
depleted,21.34,0.0,0.37231940248521433,21.069336708816504,9.558343888698289,2.1069336708816504,0.0,0.11973271705119412
depleted,21.36,0.0,0.36993180145441706,21.0717243098473,9.558343888698289,2.10717243098473,0.0,0.11902795259109603
depleted,21.380000000000003,0.0,0.36755826174428347,21.074097849557436,9.558343888698289,2.1074097849557436,0.0,0.11832658372104105
depleted,21.4,0.0,0.36519871551913385,21.076457395782587,9.558343888698289,2.107645739578259,0.0,0.11762860281431105
depleted,21.42,0.0,0.3628530950966988,21.078803016205022,9.558343888698289,2.107880301620502,0.0,0.11693400215655504
depleted,21.439999999999998,0.0,0.3605213329498639,21.081134778351856,9.558343888698289,2.1081134778351855,0.0,0.11624277394715272
depleted,21.46,0.0,0.3582033617083754,21.083452749593345,9.558343888698289,2.1083452749593343,0.0,0.11555491030056887
depleted,21.48,0.0,0.3558991141605311,21.08575699714119,9.558343888698289,2.1085756997141187,0.0,0.11487040324770663
depleted,21.5,0.0,0.3536085232548332,21.088047588046884,9.558343888698289,2.1088047588046885,0.0,0.11418924473725167
depleted,21.52,0.0,0.351331522101622,21.090324589200097,9.558343888698289,2.1090324589200096,0.0,0.11351142663701332
depleted,21.54,0.0,0.3490680439746789,21.09258806732704,9.558343888698289,2.109258806732704,0.0,0.11283694073525878
depleted,21.560000000000002,0.0,0.346818022312804,21.094838088988915,9.558343888698289,2.1094838088988914,0.0,0.11216577874204187
depleted,21.58,0.0,0.3445813907213692,21.097074720580352,9.558343888698289,2.109707472058035,0.0,0.11149793229052636
depleted,21.6,0.0,0.34235808297383796,21.09929802832788,9.558343888698289,2.109929802832788,0.0,0.11083339293830129
depleted,21.62,0.0,0.34014803301326985,21.10150807828845,9.558343888698289,2.110150807828845,0.0,0.11017215216869328
depleted,21.64,0.0,0.33795117495378785,21.10370493634793,9.558343888698289,2.110370493634793,0.0,0.1095142013920693
depleted,21.66,0.0,0.3357674430820269,21.10588866821969,9.558343888698289,2.1105888668219692,0.0,0.10885953194713514
depleted,21.68,0.0,0.3335967718585537,21.108059339443166,9.558343888698289,2.1108059339443166,0.0,0.10820813510222639
depleted,21.700000000000003,0.0,0.33143909591926063,21.110217015382457,9.558343888698289,2.1110217015382458,0.0,0.10756000205659287
depleted,21.72,0.0,0.32929435007673713,21.11236176122498,9.558343888698289,2.1112361761224983,0.0,0.10691512394167722
depleted,21.740000000000002,0.0,0.3271624693216083,21.11449364198011,9.558343888698289,2.111449364198011,0.0,0.10627349182238433
depleted,21.759999999999998,0.0,0.32504338882385925,21.11661272247786,9.558343888698289,2.111661272247786,0.0,0.10563509669834704
depleted,21.78,0.0,0.3229370439341214,21.118719067367596,9.558343888698289,2.1118719067367597,0.0,0.1049999295051814
depleted,21.8,0.0,0.3208433701849465,21.120812741116772,9.558343888698289,2.1120812741116772,0.0,0.10436798111573788
depleted,21.82,0.0,0.3187623032920449,21.122893808009675,9.558343888698289,2.1122893808009673,0.0,0.1037392423413427
depleted,21.84,0.0,0.3166937791555059,21.12496233214621,9.558343888698289,2.112496233214621,0.0,0.10311370393303354
depleted,21.86,0.0,0.3146377338609904,21.127018377440727,9.558343888698289,2.1127018377440727,0.0,0.10249135658278706
depleted,21.880000000000003,0.0,0.31259410368090024,21.129062007620817,9.558343888698289,2.112906200762082,0.0,0.10187219092473893
depleted,21.9,0.0,0.3105628250755239,21.131093286226193,9.558343888698289,2.1131093286226195,0.0,0.10125619753639699
depleted,21.92,0.0,0.3085438346941538,21.133112276607566,9.558343888698289,2.1133112276607564,0.0,0.1006433669398449
depleted,21.939999999999998,0.0,0.30653706937618747,21.13511904192553,9.558343888698289,2.113511904192553,0.0,0.10003368960294089
depleted,21.96,0.0,0.30454246615219493,21.137113645149523,9.558343888698289,2.1137113645149523,0.0,0.0994271559405053
depleted,21.98,0.0,0.30255996224497284,21.139096149056744,9.558343888698289,2.1139096149056744,0.0,0.09882375631550362
depleted,22.0,0.0,0.30058949507056576,21.141066616231154,9.558343888698289,2.1141066616231154,0.0,0.09822348104021854
depleted,22.02,0.0,0.29863100223927025,21.14302510906245,9.558343888698289,2.1143025109062448,0.0,0.09762632037741603
depleted,22.04,0.0,0.2966844215566128,21.144971689745105,9.558343888698289,2.1144971689745105,0.0,0.09703226454150225
depleted,22.06,0.0,0.2947496910243061,21.146906420277414,9.558343888698289,2.1146906420277416,0.0,0.09644130369967302
depleted,22.080000000000002,0.0,0.29282674884118093,21.14882936246054,9.558343888698289,2.1148829362460537,0.0,0.09585342797305396
depleted,22.1,0.0,0.2909155334040979,21.150740577897622,9.558343888698289,2.115074057789762,0.0,0.09526862743783399
depleted,22.12,0.0,0.28901598330883294,21.152640127992886,9.558343888698289,2.1152640127992886,0.0,0.09468689212638863
depleted,22.14,0.0,0.2871280373509435,21.154528073950775,9.558343888698289,2.1154528073950774,0.0,0.09410821202839637
depleted,22.16,0.0,0.28525163452661123,21.15640447677511,9.558343888698289,2.115640447677511,0.0,0.09353257709194585
depleted,22.18,0.0,0.2833867140334627,21.158269397268256,9.558343888698289,2.1158269397268255,0.0,0.09295997722463481
depleted,22.2,0.0,0.28153321527136843,21.16012289603035,9.558343888698289,2.1160122896030353,0.0,0.09239040229466042
depleted,22.22,0.0,0.27969107784322,21.1619650334585,9.558343888698289,2.11619650334585,0.0,0.09182384213190108
depleted,22.240000000000002,0.0,0.2778602415556852,21.163795869746032,9.558343888698289,2.1163795869746034,0.0,0.0912602865289894
depleted,22.26,0.0,0.27604064641994375,21.165615464881775,9.558343888698289,2.1165615464881773,0.0,0.09069972524237725
depleted,22.28,0.0,0.27423223265239843,21.16742387864932,9.558343888698289,2.116742387864932,0.0,0.09014214799339076
depleted,22.3,0.0,0.27243494067536833,21.16922117062635,9.558343888698289,2.116922117062635,0.0,0.08958754446927807
depleted,22.32,0.0,0.27064871111775973,21.17100740018396,9.558343888698289,2.117100740018396,0.0,0.08903590432424732
depleted,22.34,0.0,0.26887348481571643,21.172782626486,9.558343888698289,2.1172782626486,0.0,0.08848721718049632
depleted,22.36,0.0,0.26710920281325,21.17454690848847,9.558343888698289,2.117454690848847,0.0,0.08794147262923324
depleted,22.38,0.0,0.2653558063628493,21.17630030493887,9.558343888698289,2.117630030493887,0.0,0.08739866023168853
depleted,22.4,0.0,0.26361323692606986,21.17804287437565,9.558343888698289,2.117804287437565,0.0,0.08685876952011792
depleted,22.42,0.0,0.2618814361741033,21.179774675127614,9.558343888698289,2.1179774675127616,0.0,0.08632178999879639
depleted,22.44,0.0,0.26016034598832843,21.18149576531339,9.558343888698289,2.118149576531339,0.0,0.08578771114500401
depleted,22.46,0.0,0.2584499084608391,21.18320620284088,9.558343888698289,2.118320620284088,0.0,0.08525652241000142
depleted,22.48,0.0,0.25675006589495647,21.18490604540676,9.558343888698289,2.1184906045406757,0.0,0.0847282132199978
depleted,22.5,0.0,0.25506076080572,21.186595350495995,9.558343888698289,2.1186595350495994,0.0,0.08420277297710908
depleted,22.52,0.0,0.25338193592035996,21.188274175381355,9.558343888698289,2.1188274175381356,0.0,0.08368019106030754
depleted,22.54,0.0,0.25171353417875064,21.189942577122967,9.558343888698289,2.1189942577122967,0.0,0.08316045682636211
depleted,22.56,0.0,0.25005549873384536,21.19160061256787,9.558343888698289,2.119160061256787,0.0,0.08264355961077012
depleted,22.580000000000002,0.0,0.24840777295209196,21.193248338349626,9.558343888698289,2.1193248338349626,0.0,0.08212948872867958
depleted,22.6,0.0,0.24677030041383236,21.194885810887886,9.558343888698289,2.1194885810887887,0.0,0.0816182334758032
depleted,22.62,0.0,0.24514302491368,21.196513086388038,9.558343888698289,2.1196513086388036,0.0,0.08110978312932228
depleted,22.64,0.0,0.24352589046088288,21.198130220840834,9.558343888698289,2.1198130220840836,0.0,0.08060412694878279
depleted,22.66,0.0,0.241918841279667,21.199737270022048,9.558343888698289,2.119973727002205,0.0,0.08010125417698175
depleted,22.68,0.0,0.2403218218095626,21.201334289492152,9.558343888698289,2.1201334289492153,0.0,0.07960115404084475
depleted,22.7,0.0,0.2387347767057129,21.202921334596002,9.558343888698289,2.1202921334596003,0.0,0.07910381575229469
depleted,22.72,0.0,0.23715765083916548,21.20449846046255,9.558343888698289,2.120449846046255,0.0,0.07860922850911131
depleted,22.740000000000002,0.0,0.23559038929714646,21.20606572200457,9.558343888698289,2.1206065722004572,0.0,0.07811738149578171
depleted,22.76,0.0,0.23403293738331882,21.207623173918396,9.558343888698289,2.1207623173918395,0.0,0.0776282638843424
depleted,22.78,0.0,0.23248524061802167,21.209170870683693,9.558343888698289,2.1209170870683693,0.0,0.07714186483521152
depleted,22.8,0.0,0.23094724473849532,21.21070886656322,9.558343888698289,2.121070886656322,0.0,0.07665817349801289
depleted,22.82,0.0,0.22941889569908866,21.212237215602627,9.558343888698289,2.1212237215602627,0.0,0.07617717901239084
depleted,22.84,0.0,0.2279001396714509,21.213755971630263,9.558343888698289,2.121375597163026,0.0,0.07569887050881606
depleted,22.86,0.0,0.2263909230447068,21.21526518825701,9.558343888698289,2.121526518825701,0.0,0.07522323710938265
depleted,22.88,0.0,0.2248911924256165,21.2167649188761,9.558343888698289,2.1216764918876097,0.0,0.07475026792859626
depleted,22.9,0.0,0.22340089463871937,21.218255216662996,9.558343888698289,2.1218255216663,0.0,0.07427995207415329
depleted,22.92,0.0,0.22191997672646233,21.219736134575253,9.558343888698289,2.1219736134575253,0.0,0.07381227864771134
depleted,22.94,0.0,0.22044838594931385,21.221207725352404,9.558343888698289,2.1221207725352405,0.0,0.07334723674565104
depleted,22.96,0.0,0.21898606978586058,21.22267004151586,9.558343888698289,2.1222670041515856,0.0,0.07288481545982838
depleted,22.98,0.0,0.21753297593289134,21.224123135368828,9.558343888698289,2.122412313536883,0.0,0.07242500387831906
depleted,23.0,0.0,0.21608905230546507,21.22556705899625,9.558343888698289,2.1225567058996253,0.0,0.07196779108615362
depleted,23.02,0.0,0.21465424703696454,21.227001864264754,9.558343888698289,2.122700186426475,0.0,0.07151316616604395
depleted,23.04,0.0,0.2132285084791354,21.22842760282258,9.558343888698289,2.122842760282258,0.0,0.07106111819910124
depleted,23.06,0.0,0.21181178520211125,21.229844326099606,9.558343888698289,2.1229844326099605,0.0,0.07061163626554492
depleted,23.080000000000002,0.0,0.2104040259944241,21.231252085307293,9.558343888698289,2.1231252085307295,0.0,0.07016470944540329
depleted,23.1,0.0,0.20900517986300224,21.232650931438716,9.558343888698289,2.1232650931438717,0.0,0.06972032681920548
depleted,23.12,0.0,0.20761519603315196,21.234040915268565,9.558343888698289,2.1234040915268566,0.0,0.06927847746866447
depleted,23.14,0.0,0.20623402394852808,21.23542208735319,9.558343888698289,2.123542208735319,0.0,0.06883915047735208
depleted,23.16,0.0,0.20486161327108982,21.236794498030626,9.558343888698289,2.1236794498030624,0.0,0.06840233493136502
depleted,23.18,0.0,0.20349791388104368,21.238158197420674,9.558343888698289,2.1238158197420676,0.0,0.0679680199199828
depleted,23.2,0.0,0.20214287587677346,21.239513235424944,9.558343888698289,2.1239513235424945,0.0,0.06753619453631683
depleted,23.22,0.0,0.2007964495747569,21.24085966172696,9.558343888698289,2.124085966172696,0.0,0.06710684787795142
depleted,23.240000000000002,0.0,0.1994585855094699,21.242197525792246,9.558343888698289,2.124219752579225,0.0,0.06667996904757612
depleted,23.26,0.0,0.198129234433279,21.243526876868437,9.558343888698289,2.1243526876868435,0.0,0.06625554715361016
depleted,23.28,0.0,0.19680834731631927,21.244847763985398,9.558343888698289,2.12448477639854,0.0,0.06583357131081789
depleted,23.3,0.0,0.1954958753463621,21.246160235955355,9.558343888698289,2.1246160235955354,0.0,0.06541403064091664
depleted,23.32,0.0,0.19419176992867007,21.24746434137305,9.558343888698289,2.124746434137305,0.0,0.06499691427317596
depleted,23.34,0.0,0.1928959826858399,21.248760128615878,9.558343888698289,2.124876012861588,0.0,0.06458221134500886
depleted,23.36,0.0,0.19160846545763377,21.250047645844084,9.558343888698289,2.1250047645844083,0.0,0.06416991100255477
depleted,23.38,0.0,0.19032917030079893,21.25132694100092,9.558343888698289,2.125132694100092,0.0,0.06376000240125451
depleted,23.400000000000002,0.0,0.18905804948887597,21.252598061812844,9.558343888698289,2.125259806181284,0.0,0.06335247470641714
depleted,23.42,0.0,0.18779505551199652,21.253861055789724,9.558343888698289,2.1253861055789725,0.0,0.06294731709377893
depleted,23.44,0.0,0.186540141076668,21.255115970225052,9.558343888698289,2.125511597022505,0.0,0.06254451875005408
depleted,23.46,0.0,0.18529325910554945,21.25636285219617,9.558343888698289,2.125636285219617,0.0,0.06214406887347782
depleted,23.48,0.0,0.18405436273721545,21.257601748564504,9.558343888698289,2.1257601748564503,0.0,0.06174595667434136
depleted,23.5,0.0,0.18282340532590996,21.25883270597581,9.558343888698289,2.1258832705975808,0.0,0.061350171375519326
depleted,23.52,0.0,0.18160034044128917,21.260055770860433,9.558343888698289,2.126005577086043,0.0,0.06095670221298917
depleted,23.54,0.0,0.1803851218681544,21.261270989433566,9.558343888698289,2.1261270989433565,0.0,0.06056553843634284
depleted,23.56,0.0,0.17917770360617477,21.262478407695546,9.558343888698289,2.1262478407695546,0.0,0.06017666930929087
depleted,23.580000000000002,0.0,0.17797803986959979,21.26367807143212,9.558343888698289,2.126367807143212,0.0,0.05979008411015878
depleted,23.6,0.0,0.17678608508696275,21.26487002621476,9.558343888698289,2.126487002621476,0.0,0.05940577213237604
depleted,23.62,0.0,0.17560179390077263,21.266054317400947,9.558343888698289,2.126605431740095,0.0,0.059023722684957
depleted,23.64,0.0,0.1744251211671986,21.26723099013452,9.558343888698289,2.1267230990134522,0.0,0.058643925092974926
depleted,23.66,0.0,0.17325602195574388,21.268400089345977,9.558343888698289,2.1268400089345976,0.0,0.05826636869802825
depleted,23.68,0.0,0.1720944515489106,21.26956165975281,9.558343888698289,2.126956165975281,0.0,0.057891042858699504
depleted,23.7,0.0,0.17094036544185567,21.270715745859864,9.558343888698289,2.1270715745859863,0.0,0.05751793695100692
depleted,23.72,0.0,0.16979371934203755,21.271862391959683,9.558343888698289,2.1271862391959684,0.0,0.057147040368848684
depleted,23.740000000000002,0.0,0.16865446916885407,21.273001642132865,9.558343888698289,2.1273001642132865,0.0,0.05677834252443997
depleted,23.76,0.0,0.16752257105327267,21.274133540248446,9.558343888698289,2.1274133540248448,0.0,0.056411832848743064
depleted,23.78,0.0,0.16639798133744982,21.275258129964268,9.558343888698289,2.127525812996427,0.0,0.056047500791889686
depleted,23.8,0.0,0.1652806565743445,21.276375454727372,9.558343888698289,2.127637545472737,0.0,0.05568533582359689
depleted,23.82,0.0,0.16417055352732204,21.277485557774394,9.558343888698289,2.1277485557774396,0.0,0.05532532743357567
depleted,23.84,0.0,0.1630676291697503,21.278588482131966,9.558343888698289,2.1278588482131964,0.0,0.0549674651319325
depleted,23.86,0.0,0.16197184068458767,21.27968427061713,9.558343888698289,2.1279684270617127,0.0,0.05461173844956418
depleted,23.88,0.0,0.16088314546396357,21.280772965837752,9.558343888698289,2.128077296583775,0.0,0.05425813693854552
depleted,23.900000000000002,0.0,0.1598015011087507,21.281854610192966,9.558343888698289,2.1281854610192967,0.0,0.05390665017251043
depleted,23.92,0.0,0.15872686542813094,21.282929245873586,9.558343888698289,2.1282929245873587,0.0,0.053557267747026384
depleted,23.94,0.0,0.1576591964391519,21.283996914862563,9.558343888698289,2.128399691486256,0.0,0.0532099792799616
depleted,23.96,0.0,0.15659845236627798,21.28505765893544,9.558343888698289,2.128505765893544,0.0,0.052864774411846185
depleted,23.98,0.0,0.15554459164093332,21.286111519660782,9.558343888698289,2.128611151966078,0.0,0.05252164280622636
depleted,24.0,0.0,0.1544975729010382,21.28715853840068,9.558343888698289,2.1287158538400677,0.0,0.052180574150012246
depleted,24.02,0.0,0.15345735499053811,21.28819875631118,9.558343888698289,2.128819875631118,0.0,0.0518415581538191
depleted,24.04,0.0,0.15242389695892639,21.28923221434279,9.558343888698289,2.128923221434279,0.0,0.05150458455230212
depleted,24.06,0.0,0.1513971580607602,21.290258953240954,9.558343888698289,2.1290258953240953,0.0,0.05116964310448498
depleted,24.080000000000002,0.0,0.15037709775516966,21.291279013546546,9.558343888698289,2.1291279013546545,0.0,0.05083672359408176
depleted,24.1,0.0,0.14936367570536152,21.292292435596355,9.558343888698289,2.1292292435596356,0.0,0.05050581582981314
depleted,24.12,0.0,0.14835685177811506,21.293299259523604,9.558343888698289,2.1293299259523604,0.0,0.05017690964571566
depleted,24.14,0.0,0.14735658604327317,21.294299525258445,9.558343888698289,2.1294299525258444,0.0,0.04984999490144538
depleted,24.16,0.0,0.14636283877322712,21.29529327252849,9.558343888698289,2.129529327252849,0.0,0.04952506148257525
depleted,24.18,0.0,0.1453755704423949,21.29628054085932,9.558343888698289,2.129628054085932,0.0,0.049202099300886426
depleted,24.2,0.0,0.14439474172669461,21.297261369575022,9.558343888698289,2.129726136957502,0.0,0.04888109829465357
depleted,24.22,0.0,0.14342031350301146,21.298235797798704,9.558343888698289,2.1298235797798704,0.0,0.048562048428924275
depleted,24.240000000000002,0.0,0.1424522468486596,21.299203864453055,9.558343888698289,2.1299203864453053,0.0,0.0482449396957925
depleted,24.26,0.0,0.14149050304083907,21.300165608260876,9.558343888698289,2.1300165608260877,0.0,0.04792976211466649
depleted,24.28,0.0,0.1405350435560859,21.30112106774563,9.558343888698289,2.130112106774563,0.0,0.04761650573253036
depleted,24.3,0.0,0.13958583006971875,21.302070281231998,9.558343888698289,2.1302070281231997,0.0,0.047305160624200496
depleted,24.32,0.0,0.1386428244552795,21.303013286846436,9.558343888698289,2.1303013286846437,0.0,0.04699571689257604
depleted,24.34,0.0,0.13770598878396922,21.303950122517747,9.558343888698289,2.1303950122517747,0.0,0.04668816466888385
depleted,24.36,0.0,0.1367752853240791,21.304880825977637,9.558343888698289,2.130488082597764,0.0,0.04638249411291783
depleted,24.38,0.0,0.13585067654041685,21.3058054347613,9.558343888698289,2.13058054347613,0.0,0.04607869541327287
depleted,24.400000000000002,0.0,0.13493212509372823,21.306723986207988,9.558343888698289,2.1306723986207987,0.0,0.04577675878757321
depleted,24.42,0.0,0.13401959384011486,21.307636517461603,9.558343888698289,2.13076365174616,0.0,0.04547667448269571
depleted,24.44,0.0,0.13311304583044592,21.308543065471273,9.558343888698289,2.1308543065471275,0.0,0.045178432774987266
depleted,24.46,0.0,0.13221244430976736,21.30944366699195,9.558343888698289,2.130944366699195,0.0,0.04488202397047748
depleted,24.48,0.0,0.1313177527167061,21.31033835858501,9.558343888698289,2.131033835858501,0.0,0.04458743840508591
depleted,24.5,0.0,0.13042893468286987,21.311227176618846,9.558343888698289,2.1311227176618845,0.0,0.04429466644482399
depleted,24.52,0.0,0.12954595403224375,21.312110157269473,9.558343888698289,2.1312110157269473,0.0,0.04400369848599212
depleted,24.54,0.0,0.12866877478058228,21.312987336521136,9.558343888698289,2.1312987336521134,0.0,0.043714524955371495
depleted,24.56,0.0,0.12779736113479803,21.31385875016692,9.558343888698289,2.131385875016692,0.0,0.04342713631041106
depleted,24.580000000000002,0.0,0.12693167749234624,21.31472443380937,9.558343888698289,2.131472443380937,0.0,0.04314152303940935
depleted,24.6,0.0,0.1260716884406066,21.31558442286111,9.558343888698289,2.131558442286111,0.0,0.042857675661691755
depleted,24.62,0.0,0.12521735875626017,21.31643875254546,9.558343888698289,2.1316438752545457,0.0,0.04257558472778246
depleted,24.64,0.0,0.12436865340466434,21.317287457897052,9.558343888698289,2.1317287457897054,0.0,0.04229524081957201
depleted,24.66,0.0,0.12352553753922359,21.318130573762495,9.558343888698289,2.1318130573762497,0.0,0.04201663455048
depleted,24.68,0.0,0.12268797650075741,21.31896813480096,9.558343888698289,2.131896813480096,0.0,0.04173975656561303
depleted,24.7,0.0,0.12185593581686505,21.319800175484854,9.558343888698289,2.1319800175484853,0.0,0.04146459754191809
depleted,24.72,0.0,0.12102938120128713,21.320626730100432,9.558343888698289,2.132062673010043,0.0,0.04119114818833136
depleted,24.740000000000002,0.0,0.12020827855326434,21.321447832748454,9.558343888698289,2.1321447832748452,0.0,0.04091939924592244
depleted,24.76,0.0,0.11939259395689386,21.322263517344823,9.558343888698289,2.132226351734482,0.0,0.040649341488034285
depleted,24.78,0.0,0.11858229368048175,21.323073817621236,9.558343888698289,2.1323073817621236,0.0,0.04038096572041833
depleted,24.8,0.0,0.117777344175894,21.323878767125823,9.558343888698289,2.132387876712582,0.0,0.040114262781365706
depleted,24.82,0.0,0.1169777120779043,21.324678399223814,9.558343888698289,2.1324678399223815,0.0,0.03984922354183381
depleted,24.84,0.0,0.11618336420353954,21.32547274709818,9.558343888698289,2.1325472747098178,0.0,0.03958583890556878
depleted,24.86,0.0,0.11539426755142279,21.326261843750295,9.558343888698289,2.1326261843750296,0.0,0.039324099809223675
depleted,24.88,0.0,0.11461038930111404,21.3270457220006,9.558343888698289,2.13270457220006,0.0,0.0390639972224725
depleted,24.900000000000002,0.0,0.11383169681244852,21.327824414489267,9.558343888698289,2.132782441448927,0.0,0.03880552214812011
depleted,24.92,0.0,0.11305815762487359,21.32859795367684,9.558343888698289,2.132859795367684,0.0,0.0385486656222082
depleted,24.94,0.0,0.11228973945678218,21.329366371844934,9.558343888698289,2.1329366371844936,0.0,0.03829341871411694
depleted,24.96,0.0,0.1115264102048455,21.330129701096872,9.558343888698289,2.133012970109687,0.0,0.03803977252666297
depleted,24.98,0.0,0.11076813794334327,21.330887973358372,9.558343888698289,2.1330887973358372,0.0,0.03778771819619336
depleted,25.0,0.0,0.11001489092349226,21.331641220378224,9.558343888698289,2.1331641220378224,0.0,0.03753724689267564
depleted,25.02,0.0,0.10926663757277294,21.332389473728945,9.558343888698289,2.1332389473728943,0.0,0.03728834981978417
depleted,25.04,0.0,0.10852334649425452,21.333132764807463,9.558343888698289,2.133313276480746,0.0,0.03704101821498255
depleted,25.06,0.0,0.1077849864659184,21.3338711248358,9.558343888698289,2.1333871124835797,0.0,0.03679524334960246
depleted,25.080000000000002,0.0,0.10705152643997991,21.33460458486174,9.558343888698289,2.133460458486174,0.0,0.03655101652891873
depleted,25.1,0.0,0.10632293554220923,21.33533317575951,9.558343888698289,2.1335333175759508,0.0,0.036308329092220926
depleted,25.12,0.0,0.10559918307124964,21.33605692823047,9.558343888698289,2.133605692823047,0.0,0.03606717241288107
depleted,25.14,0.0,0.10488023849793578,21.33677587280378,9.558343888698289,2.133677587280378,0.0,0.03582753789841819
depleted,25.16,0.0,0.10416607146460986,21.337490039837107,9.558343888698289,2.1337490039837106,0.0,0.03558941699055907
depleted,25.18,0.0,0.10345665178443708,21.33819945951728,9.558343888698289,2.133819945951728,0.0,0.035352801165295836
depleted,25.2,0.0,0.10275194944071965,21.338904161861,9.558343888698289,2.1338904161861,0.0,0.035117681932939925
depleted,25.22,0.0,0.10205193458620991,21.339604176715508,9.558343888698289,2.1339604176715508,0.0,0.03488405083817277
depleted,25.240000000000002,0.0,0.10135657754242239,21.340299533759296,9.558343888698289,2.1340299533759297,0.0,0.03465189946009326
depleted,25.26,0.0,0.10066584879894543,21.34099026250277,9.558343888698289,2.134099026250277,0.0,0.034421219412261984
depleted,25.28,0.0,0.09997971901275086,21.341676392288967,9.558343888698289,2.1341676392288966,0.0,0.03419200234274195
depleted,25.3,0.0,0.09929815900750404,21.342357952294215,9.558343888698289,2.1342357952294213,0.0,0.03396423993413656
depleted,25.32,0.0,0.09862113977287251,21.343034971528844,9.558343888698289,2.1343034971528843,0.0,0.033737923903624144
depleted,25.34,0.0,0.09794863246383427,21.343707478837885,9.558343888698289,2.1343707478837883,0.0,0.033513046002989585
depleted,25.36,0.0,0.09728060839998534,21.344375502901734,9.558343888698289,2.1344375502901736,0.0,0.03328959801865289
depleted,25.38,0.0,0.09661703906484671,21.345039072236872,9.558343888698289,2.1345039072236873,0.0,0.033067571771694636
depleted,25.400000000000002,0.0,0.09595789610517089,21.34569821519655,9.558343888698289,2.134569821519655,0.0,0.03284695911787862
depleted,25.42,0.0,0.09530315133024846,21.346352959971473,9.558343888698289,2.134635295997147,0.0,0.03262775194767169
depleted,25.44,0.0,0.09465277671121312,21.347003334590507,9.558343888698289,2.1347003334590506,0.0,0.03240994218626028
depleted,25.46,0.0,0.09400674438034767,21.347649366921374,9.558343888698289,2.1347649366921373,0.0,0.03219352179356466
depleted,25.48,0.0,0.09336502663038908,21.34829108467133,9.558343888698289,2.134829108467133,0.0,0.03197848276425001
depleted,25.5,0.0,0.09272759591383344,21.348928515387886,9.558343888698289,2.1348928515387886,0.0,0.03176481712773504
depleted,25.52,0.0,0.09209442484224091,21.34956168645948,9.558343888698289,2.134956168645948,0.0,0.03155251694819762
depleted,25.54,0.0,0.09146548618554048,21.35019062511618,9.558343888698289,2.135019062511618,0.0,0.03134157432457804
depleted,25.56,0.0,0.09084075287133472,21.35081535843039,9.558343888698289,2.135081535843039,0.0,0.031131981390579436
depleted,25.580000000000002,0.0,0.09022019798420439,21.351435913317516,9.558343888698289,2.135143591331752,0.0,0.030923730314665707
depleted,25.6,0.0,0.0896037947650137,21.352052316536707,9.558343888698289,2.1352052316536705,0.0,0.030716813300057065
depleted,25.62,0.0,0.08899151661021469,21.352664594691507,9.558343888698289,2.135266459469151,0.0,0.030511222584722674
depleted,25.64,0.0,0.08838333707115265,21.353272774230568,9.558343888698289,2.1353272774230567,0.0,0.030306950441371265
depleted,25.66,0.0,0.08777922985337144,21.35387688144835,9.558343888698289,2.135387688144835,0.0,0.030103989177439092
depleted,25.68,0.0,0.08717916881591903,21.354476942485803,9.558343888698289,2.1354476942485805,0.0,0.029902331135075528
depleted,25.7,0.0,0.08658312797065339,21.355072983331066,9.558343888698289,2.1355072983331067,0.0,0.02970196869112637
depleted,25.72,0.0,0.08599108148154878,21.355665029820173,9.558343888698289,2.1355665029820172,0.0,0.029502894257114828
depleted,25.740000000000002,0.0,0.0854030036640023,21.35625310763772,9.558343888698289,2.135625310763772,0.0,0.029305100279220116
depleted,25.76,0.0,0.0848188689841414,21.356837242317578,9.558343888698289,2.135683724231758,0.0,0.02910857923825414
depleted,25.78,0.0,0.08423865205813087,21.35741745924359,9.558343888698289,2.135741745924359,0.0,0.02891332364963549
depleted,25.8,0.0,0.08366232765148138,21.35799378365024,9.558343888698289,2.135799378365024,0.0,0.028719326063361705
depleted,25.82,0.0,0.08308987067835814,21.358566240623365,9.558343888698289,2.1358566240623365,0.0,0.028526579063979204
depleted,25.84,0.0,0.08252125620089021,21.35913485510083,9.558343888698289,2.135913485510083,0.0,0.02833507527055119
depleted,25.86,0.0,0.08195645942848044,21.359699651873242,9.558343888698289,2.135969965187324,0.0,0.02814480733662344
depleted,25.88,0.0,0.08139545571711632,21.360260655584607,9.558343888698289,2.1360260655584606,0.0,0.02795576795018815
depleted,25.900000000000002,0.0,0.08083822056868119,21.360817890733042,9.558343888698289,2.1360817890733044,0.0,0.027767949833645687
depleted,25.92,0.0,0.08028472963026698,21.361371381671454,9.558343888698289,2.1361371381671455,0.0,0.02758134574376465
depleted,25.94,0.0,0.07973495869348655,21.361921152608236,9.558343888698289,2.1361921152608234,0.0,0.02739594847163953
depleted,25.96,0.0,0.07918888369378814,21.362467227607933,9.558343888698289,2.1362467227607933,0.0,0.02721175084264696
depleted,25.98,0.0,0.07864648070976998,21.363009630591954,9.558343888698289,2.1363009630591954,0.0,0.02702874571639992
depleted,26.0,0.0,0.0781077259624961,21.363548385339225,9.558343888698289,2.1363548385339226,0.0,0.026846925986700066
depleted,26.02,0.0,0.07757259581481299,21.36408351548691,9.558343888698289,2.136408351548691,0.0,0.026666284581488366
depleted,26.04,0.0,0.07704106677066737,21.364615044531057,9.558343888698289,2.1364615044531057,0.0,0.026486814462793967
depleted,26.06,0.0,0.07651311547442492,21.3651429958273,9.558343888698289,2.1365142995827298,0.0,0.026308508626681267
depleted,26.080000000000002,0.0,0.07598871871019007,21.365667392591533,9.558343888698289,2.136566739259153,0.0,0.0261313601031954
depleted,26.1,0.0,0.07546785340112724,21.366188257900596,9.558343888698289,2.13661882579006,0.0,0.025955361956306065
depleted,26.12,0.0,0.07495049660878247,21.36670561469294,9.558343888698289,2.136670561469294,0.0,0.025780507283849508
depleted,26.14,0.0,0.07443662553240694,21.367219485769315,9.558343888698289,2.1367219485769313,0.0,0.025606789217469204
depleted,26.16,0.0,0.07392621750828145,21.36772989379344,9.558343888698289,2.1367729893793443,0.0,0.0254342009225548
depleted,26.18,0.0,0.073419250009042,21.368236861292683,9.558343888698289,2.136823686129268,0.0,0.025262735598179528
depleted,26.2,0.0,0.07291570064300687,21.368740410658717,9.558343888698289,2.1368740410658718,0.0,0.02509238647703617
depleted,26.22,0.0,0.07241554715350482,21.369240564148217,9.558343888698289,2.1369240564148217,0.0,0.024923146825371476
depleted,26.240000000000002,0.0,0.07191876741820462,21.369737343883518,9.558343888698289,2.1369737343883517,0.0,0.02475500994291916
depleted,26.26,0.0,0.0714253394484463,21.37023077185328,9.558343888698289,2.137023077185328,0.0,0.024587969162831565
depleted,26.28,0.0,0.070935241388573,21.37072086991315,9.558343888698289,2.137072086991315,0.0,0.02442201785160968
depleted,26.3,0.0,0.07044845151526502,21.37120765978646,9.558343888698289,2.137120765978646,0.0,0.024257149409032067
depleted,26.32,0.0,0.06996494823687491,21.37169116306485,9.558343888698289,2.137169116306485,0.0,0.024093357268082295
depleted,26.34,0.0,0.06948471009276413,21.37217140120896,9.558343888698289,2.137217140120896,0.0,0.023930634894875125
depleted,26.36,0.0,0.06900771575264117,21.372648395549085,9.558343888698289,2.1372648395549083,0.0,0.023768975788581365
depleted,26.38,0.0,0.06853394401590113,21.373122167285825,9.558343888698289,2.1373122167285823,0.0,0.0236083734813515
depleted,26.400000000000002,0.0,0.0680633738109669,21.373592737490757,9.558343888698289,2.137359273749076,0.0,0.023448821538238043
depleted,26.42,0.0,0.0675959841946322,21.374060127107093,9.558343888698289,2.1374060127107093,0.0,0.023290313557116835
depleted,26.44,0.0,0.06713175435140542,21.37452435695032,9.558343888698289,2.137452435695032,0.0,0.023132843168606892
depleted,26.46,0.0,0.0666706635928559,21.37498544770887,9.558343888698289,2.137498544770887,0.0,0.022976404035989315
depleted,26.48,0.0,0.06621269135696141,21.375443419944762,9.558343888698289,2.1375443419944764,0.0,0.022820989855125064
depleted,26.5,0.0,0.06575781720745738,21.375898294094267,9.558343888698289,2.1375898294094267,0.0,0.02266659435437148
depleted,26.52,0.0,0.06530602083318787,21.376350090468538,9.558343888698289,2.137635009046854,0.0,0.02251321129449789
depleted,26.54,0.0,0.06485728204745814,21.376798829254266,9.558343888698289,2.1376798829254264,0.0,0.022360834468600065
depleted,26.56,0.0,0.06441158078738896,21.377244530514336,9.558343888698289,2.1377244530514337,0.0,0.022209457702013644
depleted,26.580000000000002,0.0,0.06396889711327267,21.37768721418845,9.558343888698289,2.137768721418845,0.0,0.0220590748522266
depleted,26.6,0.0,0.06352921120793127,21.378126900093793,9.558343888698289,2.1378126900093792,0.0,0.021909679808790748
depleted,26.62,0.0,0.06309250337607562,21.37856360792565,9.558343888698289,2.137856360792565,0.0,0.021761266493232127
depleted,26.64,0.0,0.06265875404366715,21.378997357258058,9.558343888698289,2.1378997357258056,0.0,0.02161382885896063
depleted,26.66,0.0,0.062227943757281,21.379428167544443,9.558343888698289,2.1379428167544443,0.0,0.02146736089117866
depleted,26.68,0.0,0.06180005318347111,21.379856058118254,9.558343888698289,2.137985605811825,0.0,0.02132185660678885
depleted,26.7,0.0,0.061375063108137125,21.380281048193588,9.558343888698289,2.138028104819359,0.0,0.021177310054300933
depleted,26.72,0.0,0.060952954435893235,21.38070315686583,9.558343888698289,2.138070315686583,0.0,0.021033715313737822
depleted,26.740000000000002,0.0,0.06053370818943874,21.381122403112286,9.558343888698289,2.1381122403112287,0.0,0.020891066496540746
depleted,26.76,0.0,0.060117305508930956,21.381538805792793,9.558343888698289,2.1381538805792792,0.0,0.02074935774547374
depleted,26.78,0.0,0.059703727651359256,21.381952383650365,9.558343888698289,2.1381952383650367,0.0,0.020608583234527147
depleted,26.8,0.0,0.059292955989921854,21.3823631553118,9.558343888698289,2.13823631553118,0.0,0.020468737168820538
depleted,26.82,0.0,0.058884972013404056,21.38277113928832,9.558343888698289,2.138277113928832,0.0,0.020329813784504765
depleted,26.84,0.0,0.0584797573255587,21.383176353976165,9.558343888698289,2.1383176353976165,0.0,0.020191807348663406
depleted,26.86,0.0,0.05807729364448842,21.383578817657234,9.558343888698289,2.1383578817657236,0.0,0.020054712159213367
depleted,26.88,0.0,0.05767756280203005,21.38397854849969,9.558343888698289,2.138397854849969,0.0,0.019918522544804917
depleted,26.900000000000002,0.0,0.0572805467431408,21.38437556455858,9.558343888698289,2.138437556455858,0.0,0.01978323286472096
depleted,26.92,0.0,0.05688622752528699,21.384769883776432,9.558343888698289,2.138476988377643,0.0,0.019648837508775815
depleted,26.94,0.0,0.05649458731783397,21.385161523983886,9.558343888698289,2.1385161523983887,0.0,0.019515330897213155
depleted,26.96,0.0,0.05610560840143885,21.38555050290028,9.558343888698289,2.138555050290028,0.0,0.019382707480603487
depleted,26.98,0.0,0.0557192731674449,21.385936838134274,9.558343888698289,2.1385936838134274,0.0,0.019250961739741015
depleted,27.0,0.0,0.05533556411727815,21.38632054718444,9.558343888698289,2.138632054718444,0.0,0.01912008818553992
depleted,27.02,0.0,0.05495446386184602,21.386701647439875,9.558343888698289,2.1386701647439876,0.0,0.01899008135893007
depleted,27.04,0.0,0.05457595512093804,21.38708015618078,9.558343888698289,2.1387080156180778,0.0,0.018860935830752188
depleted,27.06,0.0,0.054200020722628695,21.38745609057909,9.558343888698289,2.138745609057909,0.0,0.018732646201652596
depleted,27.080000000000002,0.0,0.05382664360268231,21.387829467699035,9.558343888698289,2.1387829467699033,0.0,0.018605207101977266
depleted,27.1,0.0,0.05345580680396035,21.388200304497758,9.558343888698289,2.138820030449776,0.0,0.018478613191665643
depleted,27.12,0.0,0.05308749347583029,21.38856861782589,9.558343888698289,2.138856861782589,0.0,0.01835285916014372
depleted,27.14,0.0,0.05272168687357716,21.388934424428143,9.558343888698289,2.1388934424428143,0.0,0.01822793972621687
depleted,27.16,0.0,0.05235837035781697,21.389297740943903,9.558343888698289,2.1389297740943904,0.0,0.018103849637962167
depleted,27.18,0.0,0.05199752739391239,21.389658583907806,9.558343888698289,2.1389658583907805,0.0,0.01798058367262027
depleted,27.2,0.0,0.05163914155139055,21.39001696975033,9.558343888698289,2.139001696975033,0.0,0.017858136636486954
depleted,27.22,0.0,0.051283196503363,21.390372914798355,9.558343888698289,2.1390372914798355,0.0,0.017736503364804177
depleted,27.240000000000002,0.0,0.050929676025947855,21.39072643527577,9.558343888698289,2.139072643527577,0.0,0.017615678721650832
depleted,27.26,0.0,0.05057856399769437,21.391077547304025,9.558343888698289,2.1391077547304027,0.0,0.01749565759983322
depleted,27.28,0.0,0.05022984439900915,21.39142626690271,9.558343888698289,2.139142626690271,0.0,0.01737643492077491
depleted,27.3,0.0,0.0498835013115851,21.391772609990134,9.558343888698289,2.1391772609990136,0.0,0.01725800563440659
depleted,27.32,0.0,0.049539518917832405,21.39211659238389,9.558343888698289,2.1392116592383887,0.0,0.017140364719055397
depleted,27.34,0.0,0.04919788150031163,21.39245822980141,9.558343888698289,2.1392458229801408,0.0,0.01702350718133404
depleted,27.36,0.0,0.04885857344116918,21.392797537860552,9.558343888698289,2.139279753786055,0.0,0.01690742805602958
depleted,27.38,0.0,0.0485215792215749,21.393134532080147,9.558343888698289,2.1393134532080147,0.0,0.016792122405991997
depleted,27.400000000000002,0.0,0.048186883421161855,21.39346922788056,9.558343888698289,2.139346922788056,0.0,0.016677585322022414
depleted,27.42,0.0,0.047854470717468726,21.393801640584254,9.558343888698289,2.1393801640584256,0.0,0.016563811922761247
depleted,27.44,0.0,0.047524325885383724,21.394131785416338,9.558343888698289,2.1394131785416337,0.0,0.01645079735457584
depleted,27.46,0.0,0.047196433796591435,21.39445967750513,9.558343888698289,2.139445967750513,0.0,0.016338536791448165
depleted,27.48,0.0,0.04687077941902161,21.3947853318827,9.558343888698289,2.13947853318827,0.0,0.016227025434862145
depleted,27.5,0.0,0.04654734781630025,21.39510876348542,9.558343888698289,2.139510876348542,0.0,0.016116258513690883
depleted,27.52,0.0,0.04622612414720294,21.395429987154518,9.558343888698289,2.1395429987154517,0.0,0.01600623128408361
depleted,27.54,0.0,0.04590709366511043,21.39574901763661,9.558343888698289,2.139574901763661,0.0,0.015896939029352516
depleted,27.56,0.0,0.045590241717466576,21.396065869584255,9.558343888698289,2.1396065869584255,0.0,0.015788377059859485
depleted,27.580000000000002,0.0,0.045275553745238395,21.396380557556483,9.558343888698289,2.1396380557556482,0.0,0.015680540712902542
depleted,27.6,0.0,0.044963015282378664,21.396693096019344,9.558343888698289,2.1396693096019344,0.0,0.015573425352602336
depleted,27.62,0.0,0.04465261195529032,21.397003499346432,9.558343888698289,2.1397003499346434,0.0,0.01546702636978835
depleted,27.64,0.0,0.044344329482293623,21.39731178181943,9.558343888698289,2.139731178181943,0.0,0.015361339181885056
depleted,27.66,0.0,0.04403815367309535,21.39761795762863,9.558343888698289,2.1397617957628627,0.0,0.015256359232798026
depleted,27.68,0.0,0.04373407042826029,21.397922040873464,9.558343888698289,2.1397922040873465,0.0,0.01515208199279989
depleted,27.7,0.0,0.04343206573868507,21.398224045563037,9.558343888698289,2.1398224045563037,0.0,0.01504850295841621
depleted,27.72,0.0,0.04313212568507424,21.39852398561665,9.558343888698289,2.139852398561665,0.0,0.014945617652311338
depleted,27.740000000000002,0.0,0.04283423643741855,21.398821874864304,9.558343888698289,2.1398821874864304,0.0,0.014843421623174155
depleted,27.76,0.0,0.042538384254475856,21.399117727047248,9.558343888698289,2.1399117727047248,0.0,0.014741910445603868
depleted,27.78,0.0,0.042244555483253704,21.399411555818467,9.558343888698289,2.139941155581847,0.0,0.014641079719995601
depleted,27.8,0.0,0.041952736558494796,21.399703374743225,9.558343888698289,2.1399703374743226,0.0,0.014540925072426117
depleted,27.82,0.0,0.04166291400216444,21.39999319729956,9.558343888698289,2.139999319729956,0.0,0.014441442154539451
depleted,27.84,0.0,0.04137507442294033,21.40028103687878,9.558343888698289,2.140028103687878,0.0,0.014342626643432553
depleted,27.86,0.0,0.04108920451570466,21.40056690678602,9.558343888698289,2.140056690678602,0.0,0.014244474241540907
depleted,27.88,0.0,0.04080529106103845,21.400850820240684,9.558343888698289,2.1400850820240684,0.0,0.014146980676524213
depleted,27.900000000000002,0.0,0.04052332092471824,21.401132790377005,9.558343888698289,2.1401132790377004,0.0,0.01405014170115201
depleted,27.92,0.0,0.040243281057215134,21.401412830244507,9.558343888698289,2.140141283024451,0.0,0.013953953093189453
depleted,27.94,0.0,0.039965158493195804,21.401690952808526,9.558343888698289,2.1401690952808528,0.0,0.013858410655282967
depleted,27.96,0.0,0.03968894035102617,21.401967170950694,9.558343888698289,2.1401967170950695,0.0,0.013763510214846066
depleted,27.98,0.0,0.039414613832277186,21.402241497469443,9.558343888698289,2.1402241497469445,0.0,0.013669247623945205
depleted,28.0,0.0,0.039142166221232864,21.40251394508049,9.558343888698289,2.140251394508049,0.0,0.013575618759185665
depleted,28.02,0.0,0.0388715848844007,21.40278452641732,9.558343888698289,2.140278452641732,0.0,0.013482619521597532
depleted,28.04,0.0,0.03860285727002427,21.4030532540317,9.558343888698289,2.14030532540317,0.0,0.01339024583652174
depleted,28.06,0.0,0.038335970907598195,21.403320140394126,9.558343888698289,2.1403320140394126,0.0,0.01329849365349623
depleted,28.080000000000002,0.0,0.038070913407385235,21.403585197894337,9.558343888698289,2.1403585197894337,0.0,0.013207358946142153
depleted,28.1,0.0,0.03780767245993602,21.403848438841788,9.558343888698289,2.1403848438841786,0.0,0.013116837712050277
depleted,28.12,0.0,0.03754623583561045,21.404109875466112,9.558343888698289,2.1404109875466113,0.0,0.01302692597266735
depleted,28.14,0.0,0.03728659138410193,21.404369519917623,9.558343888698289,2.140436951991762,0.0,0.012937619773182701
depleted,28.16,0.0,0.0370287270339636,21.404627384267762,9.558343888698289,2.140462738426776,0.0,0.012848915182414943
depleted,28.18,0.0,0.03677263079213687,21.404883480509586,9.558343888698289,2.1404883480509587,0.0,0.012760808292698777
depleted,28.2,0.0,0.03651829074348224,21.40513782055824,9.558343888698289,2.140513782055824,0.0,0.012673295219771959
depleted,28.22,0.0,0.03626569505031237,21.40539041625141,9.558343888698289,2.140539041625141,0.0,0.0125863721026624
depleted,28.240000000000002,0.0,0.036014831951927354,21.405641279349798,9.558343888698289,2.14056412793498,0.0,0.012500035103575419
depleted,28.26,0.0,0.035765689764152474,21.40589042153757,9.558343888698289,2.1405890421537572,0.0,0.012414280407781196
depleted,28.28,0.0,0.03551825687887776,21.406137854422845,9.558343888698289,2.1406137854422846,0.0,0.012329104223502287
depleted,28.3,0.0,0.035272521763600254,21.406383589538123,9.558343888698289,2.1406383589538125,0.0,0.01224450278180142
depleted,28.32,0.0,0.03502847296096828,21.406627638340755,9.558343888698289,2.1406627638340754,0.0,0.012160472336469412
depleted,28.34,0.0,0.034786099088327985,21.406870012213396,9.558343888698289,2.1406870012213397,0.0,0.012077009163913278
depleted,28.36,0.0,0.03454538883727215,21.407110722464452,9.558343888698289,2.1407110722464453,0.0,0.011994109563044543
depleted,28.38,0.0,0.03430633097319122,21.407349780328534,9.558343888698289,2.1407349780328535,0.0,0.011911769855167719
depleted,28.400000000000002,0.0,0.034068914334826485,21.407587196966897,9.558343888698289,2.1407587196966897,0.0,0.011829986383868998
depleted,28.42,0.0,0.03383312783382576,21.4078229834679,9.558343888698289,2.1407822983467897,0.0,0.01174875551490522
depleted,28.44,0.0,0.033598960454300816,21.408057150847423,9.558343888698289,2.1408057150847424,0.0,0.011668073636092867
depleted,28.46,0.0,0.03336640125238746,21.40828971004934,9.558343888698289,2.1408289710049337,0.0,0.011587937157197511
depleted,28.48,0.0,0.033135439355807615,21.40852067194592,9.558343888698289,2.140852067194592,0.0,0.011508342509823277
depleted,28.5,0.0,0.03290606396343365,21.40875004733829,9.558343888698289,2.140875004733829,0.0,0.011429286147302691
depleted,28.52,0.0,0.032678264344854935,21.40897784695687,9.558343888698289,2.140897784695687,0.0,0.011350764544586642
depleted,28.54,0.0,0.03245202983994653,21.409204081461777,9.558343888698289,2.1409204081461777,0.0,0.011272774198134664
depleted,28.56,0.0,0.032227349858440134,21.409428761443284,9.558343888698289,2.1409428761443285,0.0,0.011195311625805409
depleted,28.580000000000002,0.0,0.03200421387949718,21.409651897422226,9.558343888698289,2.1409651897422224,0.0,0.011118373366747382
depleted,28.6,0.0,0.03178261145128422,21.40987349985044,9.558343888698289,2.140987349985044,0.0,0.011041955981289963
depleted,28.62,0.0,0.03156253219055023,21.410093579111173,9.558343888698289,2.141009357911117,0.0,0.010966056050834595
depleted,28.64,0.0,0.03134396578220637,21.410312145519516,9.558343888698289,2.1410312145519517,0.0,0.010890670177746335
depleted,28.66,0.0,0.031126901978907752,21.410529209322817,9.558343888698289,2.1410529209322817,0.0,0.010815794985245588
depleted,28.68,0.0,0.030911330600637436,21.410744780701087,9.558343888698289,2.1410744780701085,0.0,0.010741427117300171
depleted,28.7,0.0,0.03069724153429256,21.41095886976743,9.558343888698289,2.141095886976743,0.0,0.010667563238517605
depleted,28.72,0.0,0.030484624733272597,21.41117148656845,9.558343888698289,2.141117148656845,0.0,0.010594200034037706
depleted,28.740000000000002,0.0,0.030273470217069758,21.411382641084653,9.558343888698289,2.1411382641084655,0.0,0.010521334209425434
depleted,28.76,0.0,0.030063768070861703,21.41159234323086,9.558343888698289,2.1411592343230863,0.0,0.010448962490564088
depleted,28.78,0.0,0.02985550844510603,21.411800602856616,9.558343888698289,2.1411800602856617,0.0,0.01037708162354869
depleted,28.8,0.0,0.029648681555137234,21.412007429746584,9.558343888698289,2.1412007429746582,0.0,0.010305688374579729
depleted,28.82,0.0,0.029443277680765628,21.412212833620956,9.558343888698289,2.1412212833620954,0.0,0.010234779529857196
depleted,28.84,0.0,0.029239287165878418,21.412416824135843,9.558343888698289,2.1412416824135843,0.0,0.0101643518954749
depleted,28.86,0.0,0.029036700418042866,21.41261941088368,9.558343888698289,2.1412619410883678,0.0,0.01009440229731509
depleted,28.88,0.0,0.028835507908111586,21.41282060339361,9.558343888698289,2.141282060339361,0.0,0.010024927580943374
depleted,28.900000000000002,0.0,0.028635700169829886,21.413020411131892,9.558343888698289,2.1413020411131893,0.0,0.009955924611503967
depleted,28.92,0.0,0.028437267799445366,21.41321884350228,9.558343888698289,2.1413218843502277,0.0,0.009887390273615253
depleted,28.94,0.0,0.028240201455319303,21.413415909846403,9.558343888698289,2.1413415909846405,0.0,0.009819321471265602
depleted,28.96,0.0,0.028044491857540384,21.413611619444183,9.558343888698289,2.141361161944418,0.0,0.009751715127709582
depleted,28.98,0.0,0.027850129787540423,21.41380598151418,9.558343888698289,2.141380598151418,0.0,0.00968456818536446
depleted,29.0,0.0,0.02765710608771211,21.41399900521401,9.558343888698289,2.141399900521401,0.0,0.009617877605706988
depleted,29.02,0.0,0.027465411661028866,21.41419069964069,9.558343888698289,2.141419069964069,0.0,0.009551640369170602
depleted,29.04,0.0,0.027275037470666737,21.414381073831056,9.558343888698289,2.1414381073831055,0.0,0.009485853475042856
depleted,29.06,0.0,0.02708597453962832,21.414570136762094,9.558343888698289,2.1414570136762094,0.0,0.009420513941363238
depleted,29.080000000000002,0.0,0.02689821395036872,21.414757897351354,9.558343888698289,2.1414757897351353,0.0,0.0093556188048213
depleted,29.1,0.0,0.0267117468444237,21.4149443644573,9.558343888698289,2.14149443644573,0.0,0.00929116512065519
depleted,29.12,0.0,0.02652656442203952,21.415129546879683,9.558343888698289,2.1415129546879683,0.0,0.009227149962550361
depleted,29.14,0.0,0.02634265794180513,21.415313453359918,9.558343888698289,2.141531345335992,0.0,0.009163570422538809
depleted,29.16,0.0,0.026160018720286202,21.415496092581435,9.558343888698289,2.1415496092581434,0.0,0.009100423610898517
depleted,29.18,0.0,0.02597863813166124,21.41567747317006,9.558343888698289,2.141567747317006,0.0,0.009037706656053333
depleted,29.2,0.0,0.02579850760735963,21.415857603694363,9.558343888698289,2.1415857603694364,0.0,0.008975416704473115
depleted,29.22,0.0,0.025619618635701745,21.41603649266602,9.558343888698289,2.141603649266602,0.0,0.008913550920574305
depleted,29.240000000000002,0.0,0.025441962761540947,21.41621414854018,9.558343888698289,2.141621414854018,0.0,0.008852106486620768
depleted,29.26,0.0,0.02526553158590776,21.416390579715813,9.558343888698289,2.1416390579715814,0.0,0.008791080602625076
depleted,29.28,0.0,0.025090316765655714,21.416565794536066,9.558343888698289,2.1416565794536067,0.0,0.008730470486250067
depleted,29.3,0.0,0.02491631001310941,21.41673980128861,9.558343888698289,2.141673980128861,0.0,0.008670273372710782
depleted,29.32,0.0,0.024743503095714443,21.416912608206008,9.558343888698289,2.141691260820601,0.0,0.008610486514676798
depleted,29.34,0.0,0.0245718878356893,21.41708422346603,9.558343888698289,2.141708422346603,0.0,0.008551107182174873
depleted,29.36,0.0,0.024401456109679146,21.417254655192043,9.558343888698289,2.141725465519204,0.0,0.008492132662491976
depleted,29.38,0.0,0.024232199848411625,21.41742391145331,9.558343888698289,2.141742391145331,0.0,0.008433560260078654
depleted,29.400000000000002,0.0,0.0240641110363545,21.417592000265365,9.558343888698289,2.1417592000265366,0.0,0.0083753872964528
depleted,29.42,0.0,0.023897181711375393,21.417758929590345,9.558343888698289,2.1417758929590347,0.0,0.008317611110103783
depleted,29.44,0.0,0.023731403964403135,21.417924707337317,9.558343888698289,2.1417924707337317,0.0,0.00826022905639687
depleted,29.46,0.0,0.02356676993909131,21.41808934136263,9.558343888698289,2.141808934136263,0.0,0.008203238507478124
depleted,29.48,0.0,0.02340327183148357,21.418252839470238,9.558343888698289,2.141825283947024,0.0,0.008146636852179602
depleted,29.5,0.0,0.02324090188968084,21.41841520941204,9.558343888698289,2.141841520941204,0.0,0.008090421495924939
depleted,29.52,0.0,0.023079652413510454,21.41857645888821,9.558343888698289,2.141857645888821,0.0,0.008034589860635304
depleted,29.54,0.0,0.022919515754197126,21.41873659554752,9.558343888698289,2.141873659554752,0.0,0.007979139384635738
depleted,29.56,0.0,0.0227604843140358,21.418895626987684,9.558343888698289,2.1418895626987684,0.0,0.007924067522561841
depleted,29.580000000000002,0.0,0.022602550546066354,21.419053560755653,9.558343888698289,2.1419053560755654,0.0,0.00786937174526685
depleted,29.6,0.0,0.022445706953750283,21.419210404347968,9.558343888698289,2.141921040434797,0.0,0.007815049539729118
depleted,29.62,0.0,0.022289946090648948,21.41936616521107,9.558343888698289,2.141936616521107,0.0,0.007761098408959893
depleted,29.64,0.0,0.022135260560103943,21.419520850741613,9.558343888698289,2.1419520850741613,0.0,0.007707515871911543
depleted,29.66,0.0,0.021981643014919172,21.4196744682868,9.558343888698289,2.14196744682868,0.0,0.007654299463386141
depleted,29.68,0.0,0.02182908615704476,21.419827025144674,9.558343888698289,2.1419827025144675,0.0,0.007601446733944415
depleted,29.7,0.0,0.021677582737262783,21.419978528564457,9.558343888698289,2.141997852856446,0.0,0.0075489552498150874
depleted,29.72,0.0,0.021527125554874814,21.420128985746842,9.558343888698289,2.1420128985746842,0.0,0.007496822592804586
depleted,29.740000000000002,0.0,0.021377707457391246,21.42027840384433,9.558343888698289,2.142027840384433,0.0,0.007445046360207134
depleted,29.76,0.0,0.02122932134022254,21.420426789961496,9.558343888698289,2.1420426789961495,0.0,0.007393624164715267
depleted,29.78,0.0,0.021081960146371977,21.420574151155346,9.558343888698289,2.1420574151155347,0.0,0.007342553634330618
depleted,29.8,0.0,0.020935616866130487,21.420720494435585,9.558343888698289,2.1420720494435583,0.0,0.00729183241227521
depleted,29.82,0.0,0.020790284536773094,21.420865826764945,9.558343888698289,2.1420865826764945,0.0,0.007241458156903064
depleted,29.84,0.0,0.020645956242257152,21.42101015505946,9.558343888698289,2.142101015505946,0.0,0.007191428541612185
depleted,29.86,0.0,0.020502625112922345,21.421153486188793,9.558343888698289,2.142115348618879,0.0,0.007141741254756969
depleted,29.88,0.0,0.02036028432519244,21.421295826976525,9.558343888698289,2.1421295826976525,0.0,0.007092393999560951
depleted,29.900000000000002,0.0,0.020218927101278723,21.42143718420044,9.558343888698289,2.142143718420044,0.0,0.007043384494029959
depleted,29.92,0.0,0.020078546708885356,21.42157756459283,9.558343888698289,2.142157756459283,0.0,0.006994710470865673
depleted,29.94,0.0,0.01993913646091614,21.421716974840802,9.558343888698289,2.14217169748408,0.0,0.006946369677379499
depleted,29.96,0.0,0.019800689715183298,21.42185542158653,9.558343888698289,2.142185542158653,0.0,0.006898359875406895
depleted,29.98,0.0,0.01966319987411781,21.421992911427598,9.558343888698289,2.14219929114276,0.0,0.00685067884122205
depleted,30.0,0.0,0.019526660384481486,21.422129450917236,9.558343888698289,2.1422129450917238,0.0,0.006803324365452955
replete,0.0,20.0,8.0,10.0,0.0,1.0,0.7272727272727273,0.5599999999999999
replete,0.02,19.985438714428497,8.003355797297118,10.011205488274385,0.0,1.0011205488274384,0.7288558196625613,0.5605489430226396
replete,0.04,19.970845767644857,8.006732270007154,10.022421962347991,0.0,1.0022421962347992,0.7304388473509191,0.5610985801079951
replete,0.06,19.95622116101103,8.010129402875753,10.033649436113215,0.0,1.0033649436113214,0.7320218035558679,0.5616489123697981
replete,0.08,19.941564896023987,8.013547180491324,10.044887923484689,0.0,1.0044887923484689,0.733604681557921,0.5621999409173427
replete,0.1,19.92687697431446,8.016985587286358,10.056137438399182,0.0,1.0056137438399182,0.7351874747000132,0.5627516668554845
replete,0.12,19.912157397645696,8.020444607538787,10.067397994815517,0.0,1.0067397994815517,0.7367701763874686,0.5633040912846444
replete,0.14,19.897406167912223,8.023924225373298,10.078669606714481,0.0,1.007866960671448,0.7383527800879665,0.5638572153008108
replete,0.16,19.88262328713857,8.027424424762687,10.08995228809874,0.0,1.008995228809874,0.7399352793314954,0.5644110399955433
replete,0.18,19.867808757478073,8.030945189529184,10.101246052992742,0.0,1.0101246052992743,0.7415176677103051,0.5649655664559752
replete,0.2,19.852962581211575,8.034486503345788,10.112550915442636,0.0,1.0112550915442635,0.743099938878853,0.5655207957648174
replete,0.22,19.838084760746224,8.038048349737595,10.123866889516181,0.0,1.0123866889516182,0.744682086553744,0.566076729000363
replete,0.24,19.823175298614206,8.041630712083137,10.135193989302655,0.0,1.0135193989302655,0.7462641045136603,0.5666333672364905
replete,0.26,19.80823419747152,8.045233573615706,10.146532228912776,0.0,1.0146532228912775,0.7478459865992956,0.5671907115426696
replete,0.28,19.793261460096726,8.048856917424676,10.157881622478598,0.0,1.0157881622478597,0.7494277267132728,0.5677487629839655
replete,0.3,19.77825708938972,8.052500726456843,10.16924218415344,0.0,1.016924218415344,0.7510093188200623,0.5683075226210443
replete,0.32,19.763221088370475,8.056164983517736,10.180613928111788,0.0,1.0180613928111788,0.7525907569458934,0.5688669915101788
replete,0.34,19.748153460177846,8.059849671272945,10.191996868549207,0.0,1.0191996868549207,0.7541720351786586,0.5694271707032539
replete,0.36,19.7330542080683,8.063554772249438,10.203391019682263,0.0,1.0203391019682262,0.7557531476678168,0.5699880612477736
replete,0.38,19.7179233354147,8.067280268836882,10.214796395748417,0.0,1.0214796395748418,0.7573340886242839,0.5705496641868665
replete,0.4,19.70276084570508,8.071026143288961,10.22621301100596,0.0,1.022621301100596,0.7589148523203243,0.5711119805592931
replete,0.42,19.687566742541414,8.074792377724677,10.237640879733908,0.0,1.0237640879733907,0.7604954330894361,0.5716750113994535
replete,0.44,19.6723410296384,8.078578954129677,10.249080016231924,0.0,1.0249080016231924,0.7620758253262273,0.5722387577373935
replete,0.46,19.657083710822224,8.082385854357549,10.260530434820227,0.0,1.0260530434820228,0.7636560234862902,0.5728032205988133
replete,0.48,19.641794790029362,8.086213060131128,10.27199214983951,0.0,1.027199214983951,0.7652360220860702,0.5733684010050745
replete,0.5,19.62647427130535,8.090060553043807,10.283465175650845,0.0,1.0283465175650846,0.7668158157027275,0.5739342999732093
replete,0.52,19.61112215880357,8.093928314560827,10.294949526635603,0.0,1.0294949526635604,0.7683953989739971,0.5745009185159288
replete,0.54,19.59573845678405,8.097816326020581,10.30644521719537,0.0,1.030644521719537,0.7699747665980397,0.5750682576416306
replete,0.56,19.580323169612253,8.101724568635898,10.31795226175185,0.0,1.031795226175185,0.7715539133332907,0.5756363183544093
replete,0.58,19.56487630175787,8.105653023495341,10.329470674746792,0.0,1.0329470674746792,0.7731328339983035,0.5762051016540651
replete,0.6,19.549397857793615,8.109601671564493,10.341000470641896,0.0,1.0341000470641897,0.7747115234715864,0.5767746085361134
replete,0.62,19.53388784239404,8.113570493687233,10.352541663918728,0.0,1.0352541663918728,0.7762899766914367,0.5773448399917945
replete,0.64,19.51834626033434,8.117559470587024,10.36409426907864,0.0,1.036409426907864,0.7778681886557698,0.5779157970080842
replete,0.66,19.502773116489145,8.121568582868182,10.375658300642675,0.0,1.0375658300642674,0.7794461544219402,0.5784874805677024
replete,0.68,19.487168415831352,8.125597811017157,10.387233773151495,0.0,1.0387233773151494,0.7810238691065652,0.5790598916491267
replete,0.7000000000000001,19.471532163430933,8.129647135403786,10.398820701165283,0.0,1.0398820701165283,0.7826013278853339,0.5796330312266003
replete,0.72,19.45586436445376,8.133716536282575,10.410419099263667,0.0,1.0410419099263666,0.7841785259928201,0.5802069002701438
replete,0.74,19.44016502416042,8.137805993793947,10.422028982045635,0.0,1.0422028982045635,0.7857554587222888,0.5807814997455675
replete,0.76,19.424434147905057,8.141915487965498,10.433650364129447,0.0,1.0433650364129448,0.7873321214254932,0.5813568306144815
replete,0.78,19.40867174113419,8.146044998713258,10.445283260152554,0.0,1.0445283260152554,0.7889085095124735,0.5819328938343087
replete,0.8,19.392877809385556,8.15019450584293,10.456927684771514,0.0,1.0456927684771515,0.7904846184513488,0.5825096903582954
replete,0.8200000000000001,19.37705235828696,8.15436398905113,10.46858365266191,0.0,1.046858365266191,0.7920604437681035,0.5830872211355241
replete,0.84,19.3611953935551,8.158553427926641,10.480251178518259,0.0,1.0480251178518258,0.7936359810463719,0.5836654871109264
replete,0.86,19.345306920994435,8.162762801951626,10.49193027705394,0.0,1.049193027705394,0.7952112259272164,0.584244489225294
replete,0.88,19.32938694649602,8.166992090502873,10.503620963001108,0.0,1.0503620963001108,0.7967861741089025,0.5848242284152937
replete,0.9,19.313435476036382,8.17124127285301,10.515323251110607,0.0,1.0515323251110607,0.7983608213466703,0.5854047056134781
replete,0.92,19.297452515676376,8.175510328171729,10.527037156151891,0.0,1.052703715615189,0.7999351634524996,0.5859859217483001
replete,0.9400000000000001,19.28143807156005,8.179799235527001,10.538762692912947,0.0,1.0538762692912946,0.8015091962948754,0.5865678777441264
replete,0.96,19.26539214991352,8.18410797388628,10.550499876200199,0.0,1.05504998762002,0.8030829157985424,0.5871505745212501
replete,0.98,19.24931475704384,8.18843652211771,10.562248720838447,0.0,1.0562248720838447,0.8046563179442641,0.587734012995905
replete,1.0,19.233205899337904,8.192784858991326,10.574009241670767,0.0,1.0574009241670768,0.8062293987685704,0.5883181940802799
replete,1.02,19.217065583261306,8.197152963180246,10.585781453558445,0.0,1.0585781453558445,0.8078021543635066,0.5889031186825316
replete,1.04,19.200893815357258,8.201540813261857,10.597565371380883,0.0,1.0597565371380884,0.809374580876376,0.589488787706801
replete,1.06,19.184690602245464,8.205948387719005,10.609361010035531,0.0,1.0609361010035532,0.8109466745094783,0.5900752020532253
replete,1.08,19.16845595062104,8.210375664941155,10.621168384437802,0.0,1.0621168384437802,0.8125184315198491,0.5906623626179547
replete,1.1,19.152189867253423,8.214822623225588,10.632987509520987,0.0,1.0632987509520988,0.8140898482189878,0.5912502702931655
replete,1.12,19.135892358985263,8.219289240778547,10.644818400236186,0.0,1.0644818400236187,0.815660920972588,0.5918389259670767
replete,1.1400000000000001,19.11956343273137,8.223775495716405,10.656661071552225,0.0,1.0656661071552225,0.8172316462002641,0.5924283305239633
replete,1.16,19.103203095477618,8.228281366066813,10.66851553845557,0.0,1.066851553845557,0.8188020203752715,0.5930184848441734
replete,1.18,19.086811354279877,8.232806829769864,10.680381815950257,0.0,1.0680381815950257,0.8203720400242237,0.593609389804142
replete,1.2,19.070388216262966,8.237351864679214,10.692259919057818,0.0,1.0692259919057818,0.8219417017268112,0.5942010462764081
replete,1.22,19.053933688619576,8.241916448563234,10.704149862817188,0.0,1.0704149862817187,0.8235110021155077,0.5947934551296288
replete,1.24,19.03744777860922,8.246500559106138,10.716051662284642,0.0,1.0716051662284642,0.8250799378752837,0.5953866172285965
replete,1.26,19.020930493557188,8.2511041739091,10.72796533253371,0.0,1.072796533253371,0.8266485057433068,0.5959805334342541
replete,1.28,19.004381840853515,8.255727270491379,10.739890888655104,0.0,1.0739890888655104,0.8282167025086474,0.5965752046037116
replete,1.3,18.987801827951934,8.260369826291425,10.75182834575664,0.0,1.075182834575664,0.829784525011976,0.5971706315902622
replete,1.32,18.971190462368845,8.26503181866799,10.76377771896316,0.0,1.0763777718963161,0.8313519701452577,0.597766815243398
replete,1.34,18.954547751682313,8.269713224901224,10.77573902341646,0.0,1.077573902341646,0.8329190348514461,0.5983637564088277
replete,1.36,18.93787370353102,8.274414022193765,10.787712274275208,0.0,1.0787712274275207,0.8344857161241734,0.5989614559284925
replete,1.3800000000000001,18.921168325613287,8.279134187671827,10.799697486714882,0.0,1.079969748671488,0.8360520110074371,0.5995599146405826
replete,1.4000000000000001,18.90443162568604,8.283873698386278,10.811694675927678,0.0,1.0811694675927677,0.8376179165952818,0.6001591333795548
replete,1.42,18.88766361156383,8.288632531313716,10.823703857122448,0.0,1.0823703857122449,0.8391834300314828,0.600759112976149
replete,1.44,18.870864291117847,8.293410663357527,10.835725045524622,0.0,1.0835725045524622,0.8407485485092219,0.6013598542574047
replete,1.46,18.854033672274916,8.298208071348949,10.847758256376132,0.0,1.0847758256376132,0.8423132692707659,0.6019613580466796
replete,1.48,18.837171763016528,8.303024732048126,10.859803504935341,0.0,1.0859803504935341,0.8438775896071357,0.6025636251636654
replete,1.5,18.820278571377877,8.307860622145148,10.87186080647697,0.0,1.087186080647697,0.8454415068577784,0.6031666564244058
replete,1.52,18.803354105446882,8.312715718261087,10.883930176292026,0.0,1.0883930176292025,0.8470050184102367,0.603770452641314
replete,1.54,18.78639837336323,8.31758999694904,10.896011629687724,0.0,1.0896011629687723,0.8485681216998084,0.6043750146231901
replete,1.56,18.769411383317436,8.322483434695139,10.908105181987422,0.0,1.0908105181987422,0.8501308142092147,0.604980343175239
replete,1.58,18.752393143549877,8.327396007919575,10.920210848530546,0.0,1.0920210848530547,0.8516930934682557,0.6055864390990867
replete,1.6,18.735343662349873,8.332327692977604,10.932328644672518,0.0,1.0932328644672518,0.8532549570534693,0.6061933031928003
replete,1.62,18.718262948054754,8.337278466160555,10.944458585784687,0.0,1.0944458585784687,0.8548164025877883,0.6068009362509041
replete,1.6400000000000001,18.70115100904892,8.342248303696818,10.956600687254259,0.0,1.0956600687254259,0.8563774277401902,0.6074093390643989
replete,1.6600000000000001,18.68400785376294,8.34723718175284,10.968754964484217,0.0,1.0968754964484217,0.8579380302253473,0.6080185124207776
replete,1.68,18.66683349067263,8.352245076434096,10.98092143289327,0.0,1.098092143289327,0.8594982078032778,0.6086284571040466
replete,1.7,18.649627928298163,8.357271963786069,10.993100107915764,0.0,1.0993100107915763,0.8610579582789898,0.6092391738947408
replete,1.72,18.632391175203164,8.362317819795209,11.005291005001624,0.0,1.1005291005001623,0.862617279502125,0.6098506635699439
replete,1.74,18.615123239993814,8.367382620389899,11.017494139616284,0.0,1.1017494139616284,0.8641761693666011,0.6104629269033053
replete,1.76,18.59782413131798,8.3724663414414,11.029709527240612,0.0,1.1029709527240612,0.8657346258102493,0.6110759646650589
replete,1.78,18.580493857864344,8.377568958764797,11.041937183370854,0.0,1.1041937183370854,0.8672926468144546,0.6116897776220417
replete,1.8,18.563132428361513,8.38269044811993,11.054177123518553,0.0,1.1054177123518554,0.8688502304037893,0.6123043665377115
replete,1.82,18.545739851577185,8.387830785212323,11.066429363210489,0.0,1.1066429363210488,0.8704073746456465,0.6129197321721658
replete,1.84,18.52831613631728,8.392989945694104,11.078693917988609,0.0,1.107869391798861,0.8719640776498727,0.61353587528216
replete,1.86,18.5108612914251,8.398167905164923,11.090970803409968,0.0,1.1090970803409967,0.8735203375683964,0.6141527966211259
replete,1.8800000000000001,18.493375325780498,8.403364639172844,11.103260035046649,0.0,1.110326003504665,0.8750761525948557,0.6147704969391901
replete,1.9000000000000001,18.47585824829903,8.408580123215254,11.11556162848571,0.0,1.1115561628485708,0.8766315209642243,0.615388976983193
replete,1.92,18.458310067931148,8.413814332739738,11.127875599329109,0.0,1.112787559932911,0.8781864409524377,0.6160082374967069
replete,1.94,18.440730793661373,8.419067243144976,11.140201963193643,0.0,1.1140201963193643,0.8797409108760109,0.6166282792200543
replete,1.96,18.4231204345075,8.4243388297816,11.152540735710891,0.0,1.1152540735710892,0.881294929091665,0.6172491028903277
replete,1.98,18.40547899951979,8.429629067953071,11.16489193252713,0.0,1.116489193252713,0.88284849399594,0.6178707092414065
replete,2.0,18.387806497780172,8.434937932916526,11.177255569303291,0.0,1.117725556930329,0.8844016040248179,0.6184930990039775
replete,2.02,18.370102938401473,8.440265399883634,11.189631661714884,0.0,1.1189631661714885,0.8859542576533347,0.6191162729055519
replete,2.04,18.352368330526627,8.445611444021429,11.202020225451935,0.0,1.1202020225451936,0.8875064533951946,0.6197402316704849
replete,2.06,18.334602683327905,8.45097604045315,11.214421276218934,0.0,1.1214421276218933,0.8890581898023852,0.6203649760199941
replete,2.08,18.31680600600617,8.456359164259066,11.226834829734754,0.0,1.1226834829734753,0.8906094654647865,0.6209905066721784
replete,2.1,18.298978307790104,8.46176079047728,11.239260901732607,0.0,1.1239260901732606,0.8921602790097813,0.621616824342036
replete,2.12,18.281119597935476,8.46718089410455,11.251699507959968,0.0,1.1251699507959967,0.8937106291018634,0.622243929741484
replete,2.14,18.263229885724385,8.472619450097085,11.264150664178523,0.0,1.1264150664178523,0.8952605144422435,0.6228718235793761
replete,2.16,18.245309180464552,8.478076433371333,11.276614386164105,0.0,1.1276614386164105,0.896809933768456,0.6235005065615221
replete,2.18,18.227357491488593,8.483551818804768,11.289090689706631,0.0,1.1289090689706631,0.8983588858539623,0.6241299793907058
replete,2.2,18.209374828153283,8.489045581236665,11.301579590610046,0.0,1.1301579590610047,0.8999073695077549,0.624760242766704
replete,2.22,18.191361199838873,8.494557695468862,11.314081104692258,0.0,1.1314081104692257,0.9014553835739562,0.6253912973863055
replete,2.24,18.17331661594839,8.500088136266521,11.326595247785082,0.0,1.1326595247785083,0.9030029269314228,0.6260231439433285
replete,2.2600000000000002,18.15524108590693,8.505636878358885,11.33912203573418,0.0,1.133912203573418,0.9045499984933392,0.6266557831286403
replete,2.2800000000000002,18.13713461916099,8.511203896440005,11.351661484399003,0.0,1.1351661484399003,0.9060965972068221,0.6272892156301755
replete,2.3000000000000003,18.118997225177782,8.516789165169483,11.36421360965273,0.0,1.136421360965273,0.9076427220525121,0.6279234421329545
replete,2.32,18.100828913444587,8.522392659173196,11.37677842738221,0.0,1.137677842738221,0.9091883720441704,0.6285584633191015
replete,2.34,18.082629693468075,8.52801435304401,11.389355953487911,0.0,1.1389355953487912,0.9107335462282751,0.6291942798678638
replete,2.36,18.064399574773656,8.533654221342488,11.401946203883853,0.0,1.1401946203883853,0.9122782436836132,0.6298308924556294
replete,2.38,18.046138566904858,8.539312238597585,11.414549194497553,0.0,1.1414549194497554,0.9138224635208735,0.6304683017559461
replete,2.4,18.02784667942267,8.544988379307348,11.427164941269979,0.0,1.1427164941269978,0.9153662048822365,0.6311065084395393
replete,2.42,18.009523921904925,8.550682617939593,11.439793460155478,0.0,1.1439793460155478,0.9169094669409681,0.6317455131743308
replete,2.44,17.991170303945694,8.556394928932574,11.452434767121728,0.0,1.1452434767121729,0.9184522489010041,0.6323853166254559
replete,2.46,17.972785835154657,8.562125286695654,11.465088878149688,0.0,1.1465088878149687,0.9199945499965437,0.6330259194552833
replete,2.48,17.95437052515651,8.567873665609959,11.47775580923353,0.0,1.147775580923353,0.9215363694916342,0.633667322323432
replete,2.5,17.935924383590375,8.573640040029026,11.490435576380595,0.0,1.1490435576380595,0.9230777066797579,0.63430952588679
replete,2.52,17.917447420109223,8.579424384279445,11.503128195611332,0.0,1.1503128195611332,0.9246185608834172,0.6349525307995315
replete,2.54,17.89893964437927,8.58522667266148,11.515833682959249,0.0,1.151583368295925,0.9261589314537227,0.6355963377131362
replete,2.56,17.88040106607944,8.591046879449705,11.528552054470854,0.0,1.1528552054470853,0.9276988177699728,0.6362409472764061
replete,2.58,17.86183169490079,8.596884978893598,11.54128332620561,0.0,1.154128332620561,0.9292382192392417,0.636886360135484
replete,2.6,17.843231540545958,8.60274094521817,11.55402751423587,0.0,1.155402751423587,0.9307771352959573,0.6375325769338711
replete,2.62,17.82460061272863,8.608614752624533,11.566784634646833,0.0,1.1566784634646834,0.9323155654014855,0.6381795983124448
replete,2.64,17.80593892117299,8.614506375290512,11.579554703536491,0.0,1.1579554703536492,0.933853509043711,0.6388274249094756
replete,2.66,17.787246475613216,8.620415787371208,11.592337737015574,0.0,1.1592337737015574,0.9353909657366173,0.6394760573606465
replete,2.68,17.76852328579293,8.626342962999566,11.6051337512075,0.0,1.16051337512075,0.9369279350198663,0.6401254962990686
replete,2.7,17.749769361464725,8.632287876286949,11.617942762248322,0.0,1.1617942762248323,0.9384644164583775,0.6407757423552997
replete,2.72,17.730984712389635,8.638250501323679,11.630764786286685,0.0,1.1630764786286685,0.9400004096419043,0.6414267961573612
replete,2.74,17.71216934833666,8.644230812179577,11.64359983948376,0.0,1.164359983948376,0.9415359141846151,0.6420786583307556
replete,2.7600000000000002,17.693323279082275,8.650228782904513,11.65644793801321,0.0,1.165644793801321,0.9430709297246666,0.6427313294984838
replete,2.7800000000000002,17.67444651440995,8.656244387528915,11.669309098061133,0.0,1.1669309098061134,0.9446054559237828,0.643384810281062
replete,2.8000000000000003,17.6555390641097,8.662277600064291,11.682183335826005,0.0,1.1682183335826006,0.9461394924668279,0.6440391012965384
replete,2.82,17.636600937977608,8.66832839450374,11.695070667518651,0.0,1.1695070667518652,0.9476730390613854,0.6446942031605111
replete,2.84,17.617632145815374,8.674396744822452,11.707971109362171,0.0,1.1707971109362172,0.9492060954373278,0.6453501164861442
replete,2.86,17.5986326974299,8.680482624978188,11.720884677591913,0.0,1.1720884677591914,0.9507386613463956,0.646006841884185
replete,2.88,17.579602602632818,8.686586008911773,11.733811388455411,0.0,1.173381138845541,0.9522707365617652,0.6466643799629804
replete,2.9,17.560541871240094,8.692706870547559,11.746751258212344,0.0,1.1746751258212345,0.9538023208776284,0.6473227313284935
replete,2.92,17.541450513071613,8.6988451837939,11.759704303134487,0.0,1.1759704303134488,0.9553334141087585,0.6479818965843205
replete,2.94,17.52232853795075,8.70500092254359,11.772670539505661,0.0,1.177267053950566,0.9568640160900849,0.6486418763317061
replete,2.96,17.50317595570398,8.711174060674326,11.785649983621692,0.0,1.178564998362169,0.9583941266762661,0.6493026711695611
replete,2.98,17.48399277616051,8.717364572049132,11.798642651790358,0.0,1.1798642651790359,0.9599237457412594,0.6499642816944781
replete,3.0,17.464779009151858,8.723572430516795,11.811648560331346,0.0,1.1811648560331345,0.9614528731778869,0.6506267085007467
replete,3.02,17.445534664511513,8.729797609912277,11.82466772557621,0.0,1.182466772557621,0.9629815088974151,0.6512899521803708
replete,3.04,17.42625975207455,8.736040084057132,11.837700163868316,0.0,1.1837700163868317,0.9645096528291148,0.6519540133230837
replete,3.06,17.40695428167729,8.742299826759902,11.850745891562804,0.0,1.1850745891562804,0.9660373049198353,0.6526188925163637
replete,3.08,17.38761826315694,8.748576811816514,11.863804925026542,0.0,1.1863804925026542,0.9675644651335729,0.6532845903454508
replete,3.1,17.36825170635126,8.754871013010655,11.87687728063808,0.0,1.187687728063808,0.9690911334510377,0.653951107393361
replete,3.12,17.34885462109823,8.761182404114157,11.889962974787608,0.0,1.1889962974787607,0.9706173098692215,0.6546184442409025
replete,3.14,17.329427017235737,8.767510958887353,11.903062023876906,0.0,1.1903062023876907,0.9721429944009666,0.6552866014666906
replete,3.16,17.309968904601252,8.77385665107944,11.916174444319307,0.0,1.1916174444319307,0.9736681870745305,0.6559555796471629
replete,3.18,17.290480293031525,8.780219454428819,11.929300252539653,0.0,1.1929300252539652,0.9751928879331552,0.6566253793565946
replete,3.2,17.270961192362307,8.786599342663443,11.942439464974246,0.0,1.1942439464974246,0.9767170970346322,0.6572960011671133
replete,3.22,17.251411612428047,8.79299628950114,11.955592098070811,0.0,1.195559209807081,0.9782408144508662,0.6579674456487139
replete,3.24,17.231831563061608,8.799410268649934,11.968758168288455,0.0,1.1968758168288454,0.9797640402674458,0.6586397133692732
replete,3.2600000000000002,17.212221054094023,8.80584125380836,11.981937692097615,0.0,1.1981937692097615,0.9812867745832023,0.6593128048945645
replete,3.2800000000000002,17.19258009535421,8.812289218665759,11.995130685980026,0.0,1.1995130685980027,0.9828090175097801,0.6599867207882718
replete,3.3000000000000003,17.172908696668735,8.818754136902582,12.00833716642868,0.0,1.200833716642868,0.984330769171196,0.6606614616120046
replete,3.3200000000000003,17.15320686786156,8.825235982190666,12.021557149947771,0.0,1.202155714994777,0.9858520297034061,0.6613370279253112
replete,3.34,17.133474618753812,8.83173472819351,12.034790653052672,0.0,1.2034790653052672,0.9873727992538709,0.6620134202856944
replete,3.36,17.11371195916356,8.83825034856655,12.048037692269883,0.0,1.2048037692269884,0.9888930779811145,0.6626906392486236
replete,3.38,17.093918898905596,8.844782816957407,12.061298284136992,0.0,1.2061298284136992,0.9904128660542892,0.6633686853675492
replete,3.4,17.074095447791223,8.851332107006137,12.074572445202636,0.0,1.2074572445202636,0.9919321636527392,0.6640475591939167
replete,3.42,17.054241615628058,8.857898192345473,12.087860192026461,0.0,1.208786019202646,0.9934509709655608,0.6647272612771792
replete,3.44,17.03435741221985,8.864481046601059,12.101161541179085,0.0,1.2101161541179084,0.9949692881911666,0.665407792164812
replete,3.46,17.014442847366283,8.87108064339166,12.114476509242053,0.0,1.2114476509242054,0.9964871155368444,0.6660891524023255
replete,3.48,16.994497930862806,8.877696956329386,12.1278051128078,0.0,1.2127805112807801,0.9980044532183185,0.6667713425332764
replete,3.5,16.974522672500488,8.884329959019889,12.141147368479619,0.0,1.214114736847962,0.999521301459312,0.6674543630992839
replete,3.52,16.95451708206583,8.890979625062558,12.154503292871604,0.0,1.2154503292871603,1.0010376604911058,0.668138214640039
replete,3.54,16.93448116934065,8.897645928050707,12.167872902608638,0.0,1.2167872902608639,1.0025535305521005,0.6688228976933207
replete,3.56,16.91441494410192,8.904328841571747,12.181256214326327,0.0,1.2181256214326326,1.00406891188737,0.669508412795005
replete,3.58,16.894318416121653,8.911028339207355,12.194653244670986,0.0,1.2194653244670985,1.0055838047482293,0.6701947604790798
replete,3.6,16.874191595166774,8.917744394533633,12.208064010299587,0.0,1.2208064010299586,1.007098209391787,0.6708819412776552
replete,3.62,16.854034490999013,8.924476981121256,12.221488527879725,0.0,1.2221488527879725,1.008612126080506,0.6715699557209773
replete,3.64,16.833847113374805,8.93122607253561,12.234926814089581,0.0,1.2234926814089582,1.0101255550817596,0.6722588043374388
replete,3.66,16.813629472045182,8.937991642336925,12.248378885617887,0.0,1.2248378885617888,1.0116384966673915,0.6729484876535905
replete,3.68,16.79338157675571,8.9447736640804,12.261844759163887,0.0,1.2261844759163887,1.0131509511132706,0.6736390061941545
replete,3.7,16.773103437246387,8.951572111316306,12.275324451437303,0.0,1.2275324451437304,1.0146629186988514,0.6743303604820337
replete,3.72,16.752795063251607,8.958386957590097,12.288817979158292,0.0,1.2288817979158293,1.0161743997067243,0.6750225510383236
replete,3.74,16.73245646450007,8.965218176442507,12.30232535905742,0.0,1.230232535905742,1.0176853944221764,0.6757155783823247
replete,3.7600000000000002,16.712087650714754,8.972065741409624,12.31584660787562,0.0,1.231584660787562,1.0191959031327462,0.6764094430315508
replete,3.7800000000000002,16.691688631612863,8.978929626022977,12.329381742364156,0.0,1.2329381742364156,1.0207059261277758,0.6771041455017426
replete,3.8000000000000003,16.67125941690581,8.985809803809598,12.34293077928459,0.0,1.2342930779284589,1.0222154636979677,0.6777996863068757
replete,3.8200000000000003,16.65080001629917,8.992706248292084,12.356493735408746,0.0,1.2356493735408747,1.0237245161349382,0.6784960659591732
replete,3.84,16.630310439492686,8.999618932988637,12.370070627518674,0.0,1.2370070627518674,1.0252330837307702,0.6791932849691141
replete,3.86,16.609790696180266,9.006547831413114,12.383661472406619,0.0,1.238366147240662,1.026741166777568,0.6798913438454447
replete,3.88,16.589240796049964,9.01349291707505,12.39726628687498,0.0,1.2397266286874982,1.0282487655670067,0.6805902430951878
replete,3.9,16.568660748784026,9.020454163479686,12.410885087736284,0.0,1.2410885087736285,1.0297558803898876,0.6812899832236526
replete,3.92,16.548050564058883,9.027431544127971,12.424517891813142,0.0,1.2424517891813143,1.031262511535686,0.6819905647344443
replete,3.94,16.527410251545195,9.034425032516577,12.438164715938225,0.0,1.2438164715938225,1.032768659292105,0.6826919881294734
replete,3.96,16.506739820907892,9.041434602137887,12.451825576954219,0.0,1.2451825576954219,1.0342743239446237,0.6833942539089649
replete,3.98,16.486039281806217,9.048460226479976,12.465500491713803,0.0,1.2465500491713803,1.0357795057760488,0.6840973625714676
replete,4.0,16.465308643893792,9.055501879026595,12.47918947707961,0.0,1.2479189477079609,1.03728420506606,0.6848013146138623
replete,4.0200000000000005,16.444547916818674,9.06255953325713,12.492892549924191,0.0,1.249289254992419,1.0387884220907635,0.6855061105313712
replete,4.04,16.42375711022345,9.069633162646559,12.50660972712999,0.0,1.250660972712999,1.0402921571222365,0.6862117508175664
replete,4.0600000000000005,16.402936233745287,9.076722740665408,12.520341025589298,0.0,1.2520341025589299,1.041795410428074,0.686918235964377
replete,4.08,16.382085297016076,9.083828240779681,12.534086462204238,0.0,1.2534086462204237,1.0432981822709357,0.6876255664620987
replete,4.1,16.36120430966249,9.090949636450794,12.547846053886714,0.0,1.2547846053886713,1.0448004729080942,0.6883337427994008
replete,4.12,16.340293281306113,9.09808690113549,12.561619817558391,0.0,1.2561619817558392,1.0463022825909774,0.6890427654633353
replete,4.14,16.319352221563577,9.10524000828576,12.575407770150662,0.0,1.2575407770150662,1.0478036115647114,0.689752634939342
replete,4.16,16.29838114004666,9.11240893134873,12.589209928604605,0.0,1.2589209928604606,1.0493044600676689,0.6904633517112585
replete,4.18,16.277380046362467,9.119593643766565,12.603026309870966,0.0,1.2603026309870966,1.0508048283310083,0.6911749162613255
replete,4.2,16.25634895011353,9.12679411897635,12.616856930910117,0.0,1.2616856930910116,1.0523047165782162,0.6918873290701955
replete,4.22,16.23528786089801,9.134010330409964,12.630701808692027,0.0,1.2630701808692026,1.0538041250246495,0.6926005906169376
replete,4.24,16.214196788309835,9.141242251493933,12.644560960196232,0.0,1.2644560960196232,1.0553030538770753,0.693314701379046
replete,4.26,16.193075741938898,9.148489855649302,12.658434402411798,0.0,1.2658434402411798,1.0568015033332103,0.6940296618324453
replete,4.28,16.171924731371224,9.155753116291473,12.6723221523373,0.0,1.2672322152337299,1.0582994735812592,0.6947454724514972
replete,4.3,16.15074376618918,9.163032006830038,12.686224226980782,0.0,1.2686224226980782,1.0597969647994538,0.6954621337090066
replete,4.32,16.129532855971657,9.170326500668615,12.700140643359726,0.0,1.2700140643359725,1.0612939771555865,0.6961796460762268
replete,4.34,16.10829201029432,9.177636571204651,12.714071418501026,0.0,1.2714071418501027,1.0627905108065516,0.6968980100228664
replete,4.36,16.087021238729793,9.18496219182925,12.728016569440959,0.0,1.2728016569440959,1.064286565897874,0.697617226017093
replete,4.38,16.06572055084791,9.192303335926951,12.741976113225139,0.0,1.274197611322514,1.065782142563248,0.6983372945255404
replete,4.4,16.044389956215955,9.199659976875534,12.75595006690851,0.0,1.275595006690851,1.0672772409240667,0.6990582160133121
replete,4.42,16.023029464398917,9.207032088045791,12.769938447555292,0.0,1.2769938447555291,1.0687718610889554,0.699779990943987
replete,4.44,16.00163908495973,9.214419642801298,12.78394127223897,0.0,1.278394127223897,1.0702660031533038,0.700502619779624
replete,4.46,15.980218827459574,9.221822614498178,12.797958558042247,0.0,1.2797958558042246,1.0717596671987892,0.7012261029807656
replete,4.48,15.95876870145812,9.22924097648485,12.811990322057031,0.0,1.2811990322057032,1.073252853292916,0.7019504410064437
replete,4.5,15.937288716513844,9.23667470210177,12.826036581384386,0.0,1.2826036581384386,1.0747455614885297,0.7026756343141816
replete,4.5200000000000005,15.915778882184313,9.244123764681166,12.840097353134519,0.0,1.2840097353134519,1.0762377918233552,0.7034016833600003
replete,4.54,15.894239208026498,9.251588137546765,12.854172654426737,0.0,1.2854172654426737,1.0777295443195118,0.7041285885984199
replete,4.5600000000000005,15.87266970359708,9.259067794013493,12.868262502389427,0.0,1.2868262502389427,1.0792208189830435,0.7048563504824639
replete,4.58,15.851070378452793,9.26656270738719,12.882366914160016,0.0,1.2882366914160017,1.0807116158034376,0.7055849694636629
replete,4.6000000000000005,15.829441242150743,9.274072850964302,12.896485906884955,0.0,1.2896485906884956,1.0822019347531462,0.7063144459920564
replete,4.62,15.807782304248768,9.28159819803156,12.910619497719672,0.0,1.2910619497719673,1.083691775787108,0.7070447805161971
replete,4.64,15.78609357430578,9.289138721865664,12.924767703828556,0.0,1.2924767703828555,1.0851811388422603,0.7077759734831517
replete,4.66,15.764375061882143,9.296694395732937,12.93893054238492,0.0,1.293893054238492,1.0866700238370663,0.7085080253385052
replete,4.68,15.742626776540034,9.304265192888987,12.953108030570979,0.0,1.295310803057098,1.0881584306710173,0.7092409365263611
replete,4.7,15.720848727843837,9.311851086578354,12.96730018557781,0.0,1.296730018557781,1.0896463592241579,0.7099747074893447
replete,4.72,15.699040925360535,9.319452050034137,12.981507024605328,0.0,1.2981507024605328,1.0911338093565903,0.7107093386686042
replete,4.74,15.677203378660108,9.327068056477632,12.99572856486226,0.0,1.299572856486226,1.0926207809079895,0.7114448305038122
replete,4.76,15.655336097315958,9.334699079117934,13.009964823566108,0.0,1.3009964823566107,1.0941072736971105,0.7121811834331675
replete,4.78,15.633439090905318,9.342345091151556,13.024215817943126,0.0,1.3024215817943126,1.0955932875212953,0.7129183978933952
replete,4.8,15.611512369009699,9.350006065762017,13.038481565228285,0.0,1.3038481565228284,1.097078822155978,0.7136564743197481
replete,4.82,15.589555941215316,9.357681976119434,13.052762082665248,0.0,1.3052762082665248,1.0985638773541917,0.7143954131460071
replete,4.84,15.567569817113567,9.365372795380091,13.06705738750634,0.0,1.306705738750634,1.1000484528460674,0.7151352148044821
replete,4.86,15.545554006301465,9.373078496686016,13.081367497012515,0.0,1.3081367497012515,1.1015325483383345,0.7158758797260112
replete,4.88,15.52350851838214,9.380799053164528,13.095692428453331,0.0,1.3095692428453332,1.1030161635138223,0.7166174083399612
replete,4.9,15.501433362965297,9.388534437927785,13.110032199106916,0.0,1.3110032199106916,1.104499298030952,0.7173598010742273
replete,4.92,15.479328549667729,9.396284624072324,13.124386826259945,0.0,1.3124386826259946,1.105981951523236,0.7181030583552324
replete,4.94,15.457194088113807,9.404049584678587,13.138756327207604,0.0,1.3138756327207604,1.1074641235987661,0.718847180607926
replete,4.96,15.435029987936003,9.411829292810431,13.153140719253564,0.0,1.3153140719253564,1.108945813839708,0.7195921682557841
replete,4.98,15.412836258775405,9.419623721514643,13.16754001970995,0.0,1.316754001970995,1.1104270218017862,0.7203380217208066
replete,5.0,15.39061291028226,9.427432843820426,13.181954245897314,0.0,1.3181954245897314,1.1119077470137742,0.7210847414235176
replete,5.0200000000000005,15.368359952116506,9.43525663273889,13.196383415144602,0.0,1.3196383415144601,1.1133879889769747,0.7218323277829616
replete,5.04,15.346077393948343,9.443095061262527,13.210827544789128,0.0,1.3210827544789128,1.1148677471647046,0.7225807812167031
replete,5.0600000000000005,15.323765245458784,9.450948102364675,13.22528665217654,0.0,1.322528665217654,1.1163470210217734,0.7233301021408237
replete,5.08,15.301423516340233,9.458815728998973,13.239760754660795,0.0,1.3239760754660794,1.1178258099639606,0.7240802909699202
replete,5.1000000000000005,15.279052216297076,9.4666979140988,13.254249869604125,0.0,1.3254249869604124,1.1193041133774912,0.724831348117101
replete,5.12,15.256651355046277,9.474594630576714,13.268754014377011,0.0,1.326875401437701,1.1207819306185096,0.7255832739939843
replete,5.14,15.234220942317975,9.482505851323875,13.28327320635815,0.0,1.328327320635815,1.122259261012545,0.7263360690106938
replete,5.16,15.211760987856117,9.490431549209454,13.29780746293443,0.0,1.329780746293443,1.1237361038539868,0.7270897335758563
replete,5.18,15.189271501419075,9.498371697080037,13.312356801500888,0.0,1.3312356801500889,1.125212458405541,0.7278442680965972
replete,5.2,15.166752492780285,9.506326267759015,13.3269212394607,0.0,1.33269212394607,1.1266883238977008,0.7285996729785373
replete,5.22,15.144203971728903,9.514295234045964,13.341500794225132,0.0,1.3341500794225132,1.1281636995281994,0.729355948625788
replete,5.24,15.121625948070463,9.522278568716018,13.356095483213519,0.0,1.335609548321352,1.1296385844614731,0.7301130954409474
replete,5.26,15.099018431627547,9.530276244519222,13.370705323853231,0.0,1.3370705323853231,1.1311129778281113,0.7308711138250953
replete,5.28,15.076381432240467,9.538288234179886,13.385330333579647,0.0,1.3385330333579648,1.1325868787243096,0.7316300041777883
replete,5.3,15.05371495976796,9.546314510395918,13.39997052983612,0.0,1.339997052983612,1.134060286211318,0.7323897668970549
replete,5.32,15.031019024087895,9.554355045838154,13.41462593007395,0.0,1.341462593007395,1.135533199314887,0.7331504023793897
replete,5.34,15.008293635097983,9.562409813149667,13.42929655175235,0.0,1.342929655175235,1.1370056170247107,0.7339119110197477
replete,5.36,14.985538802716503,9.57047878494508,13.443982412338416,0.0,1.3443982412338416,1.138477538293864,0.7346742932115389
replete,5.38,14.96275453688305,9.578561933809848,13.4586835293071,0.0,1.34586835293071,1.1399489620382421,0.7354375493466214
replete,5.4,14.939940847559276,9.586659232299551,13.473399920141173,0.0,1.3473399920141174,1.1414198871359906,0.7362016798152952
replete,5.42,14.917097744729649,9.594770652939156,13.488131602331194,0.0,1.3488131602331195,1.142890312426937,0.7369666850062959
replete,5.44,14.894225238402228,9.602896168222282,13.502878593375488,0.0,1.350287859337549,1.1443602367120185,0.7377325653067862
replete,5.46,14.871323338609454,9.611035750610444,13.5176409107801,0.0,1.35176409107801,1.145829658752702,0.738499321102351
replete,5.48,14.84839205540893,9.619189372532292,13.532418572058777,0.0,1.3532418572058778,1.1472985772704076,0.7392669527769872
replete,5.5,14.825431398884243,9.627357006382832,13.547211594732923,0.0,1.3547211594732924,1.1487669909459213,0.7400354607130981
replete,5.5200000000000005,14.802441379145769,9.635538624522647,13.562019996331584,0.0,1.3562019996331585,1.1502348984188107,0.7408048452914839
replete,5.54,14.779422006331513,9.643734199277091,13.576843794391394,0.0,1.3576843794391393,1.1517022982868301,0.7415751068913337
replete,5.5600000000000005,14.756373290607948,9.651943702935485,13.591683006456565,0.0,1.3591683006456565,1.1531691891053328,0.7423462458902171
replete,5.58,14.733295242170872,9.66016710775029,13.606537650078836,0.0,1.3606537650078836,1.1546355693866626,0.7431182626640754
replete,5.6000000000000005,14.710187871246262,9.668404385936281,13.621407742817457,0.0,1.3621407742817457,1.1561014375995606,0.7438911575872116
replete,5.62,14.687051188091171,9.676655509669688,13.636293302239137,0.0,1.3636293302239137,1.1575667921685535,0.7446649310322812
replete,5.64,14.663885202994607,9.68492045108736,13.651194345918032,0.0,1.3651194345918032,1.1590316314733458,0.7454395833702832
replete,5.66,14.640689926278428,9.693199182285873,13.666110891435698,0.0,1.3666110891435699,1.1604959538482038,0.7462151149705494
replete,5.68,14.617465368298278,9.701491675320664,13.681042956381056,0.0,1.3681042956381055,1.1619597575813374,0.7469915262007331
replete,5.7,14.594211539444498,9.709797902205134,13.695990558350367,0.0,1.3695990558350366,1.163423040914278,0.7477688174268007
replete,5.72,14.57092845014307,9.718117834909732,13.710953714947195,0.0,1.3710953714947194,1.1648858020412516,0.7485469890130184
replete,5.74,14.547616110856568,9.726451445361057,13.725932443782373,0.0,1.3725932443782374,1.1663480391085461,0.7493260413219434
replete,5.76,14.52427453208513,9.734798705440904,13.740926762473963,0.0,1.3740926762473964,1.1678097502138745,0.7501059747144092
replete,5.78,14.500903724367426,9.743159586985339,13.755936688647234,0.0,1.3755936688647235,1.1692709334057385,0.7508867895495169
replete,5.8,14.477503698281655,9.751534061783731,13.770962239934612,0.0,1.3770962239934612,1.1707315866827777,0.7516684861846213
replete,5.82,14.454074464446547,9.759922101577795,13.786003433975656,0.0,1.3786003433975655,1.1721917079931246,0.7524510649753192
replete,5.84,14.430616033522384,9.768323678060593,13.801060288417021,0.0,1.3801060288417022,1.1736512952337483,0.7532345262754361
replete,5.86,14.407128416212016,9.776738762875564,13.816132820912417,0.0,1.3816132820912417,1.1751103462497923,0.7540188704370132
replete,5.88,14.383611623261926,9.785167327615492,13.831221049122579,0.0,1.383122104912258,1.1765688588339147,0.7548040978102951
replete,5.9,14.360065665463264,9.793609343821503,13.84632499071523,0.0,1.384632499071523,1.1780268307256154,0.7555902087437146
replete,5.92,14.336490553652933,9.802064782982022,13.86144466336504,0.0,1.386144466336504,1.179484259610561,0.7563772035838796
replete,5.94,14.312886298714666,9.810533616531735,13.876580084753597,0.0,1.3876580084753596,1.1809411431199084,0.7571650826755588
replete,5.96,14.289252911580121,9.819015815850515,13.89173127256936,0.0,1.3891731272569359,1.1823974788296152,0.7579538463616671
replete,5.98,14.265590403229998,9.827511352262364,13.906898244507634,0.0,1.3906898244507633,1.1838532642597523,0.7587434949832501
replete,6.0,14.24189878469516,9.836020197034316,13.922081018270521,0.0,1.3922081018270522,1.1853084968738061,0.7595340288794693
replete,6.0,0.0,9.836020197034316,13.922081018270521,14.24189878469516,1.3922081018270522,0.0,0.7595340288794693
replete,6.02,0.0,9.820825650856575,13.937275564448262,14.24189878469516,1.3937275564448262,0.0,0.7599203186525858
replete,6.04,0.0,9.80562339512743,13.952477820177407,14.24189878469516,1.3952477820177407,0.0,0.7603049825422903
replete,6.06,0.0,9.790413462453296,13.96768775285154,14.24189878469516,1.396768775285154,0.0,0.760688011669262
replete,6.08,0.0,9.775195885618444,13.982905329686393,14.24189878469516,1.3982905329686393,0.0,0.7610693971275055
replete,6.1,0.0,9.759970697585533,13.998130517719304,14.24189878469516,1.3998130517719303,0.0,0.7614491299843558
replete,6.12,0.0,9.744737931496136,14.013363283808701,14.24189878469516,1.4013363283808702,0.0,0.7618272012804842
replete,6.14,0.0,9.729497620671285,14.028603594633552,14.24189878469516,1.402860359463355,0.0,0.762203602029907
replete,6.16,0.0,9.714249798611997,14.04385141669284,14.24189878469516,1.404385141669284,0.0,0.7625783232199934
replete,6.18,0.0,9.698994498999806,14.059106716305031,14.24189878469516,1.4059106716305032,0.0,0.7629513558114744
replete,6.2,0.0,9.683731755697297,14.07436945960754,14.24189878469516,1.407436945960754,0.0,0.7633226907384554
replete,6.22,0.0,9.668461602748641,14.089639612556196,14.24189878469516,1.4089639612556195,0.0,0.7636923189084266
replete,6.24,0.0,9.653184074380126,14.10491714092471,14.24189878469516,1.410491714092471,0.0,0.7640602312022771
replete,6.26,0.0,9.63789920500069,14.120202010304148,14.24189878469516,1.4120202010304148,0.0,0.7644264184743081
replete,6.28,0.0,9.622607029202443,14.135494186102393,14.24189878469516,1.4135494186102393,0.0,0.7647908715522495
replete,6.3,0.0,9.607307581761214,14.150793633543623,14.24189878469516,1.4150793633543624,0.0,0.7651535812372761
replete,6.32,0.0,9.592000897637067,14.16610031766777,14.24189878469516,1.416610031766777,0.0,0.7655145383040247
replete,6.34,0.0,9.576687011974848,14.18141420332999,14.24189878469516,1.418141420332999,0.0,0.7658737335006144
replete,6.36,0.0,9.561365960104695,14.196735255200142,14.24189878469516,1.4196735255200141,0.0,0.7662311575486657
replete,6.38,0.0,9.546037777542585,14.212063437762252,14.24189878469516,1.4212063437762252,0.0,0.766586801143323
replete,6.4,0.0,9.530702499990854,14.227398715313983,14.24189878469516,1.4227398715313984,0.0,0.7669406549532763
replete,6.42,0.0,9.51536016333873,14.242741051966107,14.24189878469516,1.4242741051966106,0.0,0.7672927096207863
replete,6.44,0.0,9.50001080366286,14.258090411641977,14.24189878469516,1.4258090411641977,0.0,0.7676429557617098
replete,6.46,0.0,9.484654457227837,14.273446758077,14.24189878469516,1.4273446758077,0.0,0.7679913839655248
replete,6.48,0.0,9.469291160486726,14.28881005481811,14.24189878469516,1.428881005481811,0.0,0.7683379847953598
replete,6.5,0.0,9.4539209500816,14.304180265223238,14.24189878469516,1.4304180265223239,0.0,0.7686827487880232
replete,6.52,0.0,9.438543862844046,14.31955735246079,14.24189878469516,1.431955735246079,0.0,0.7690256664540331
replete,6.54,0.0,9.423159935795715,14.334941279509122,14.24189878469516,1.4334941279509121,0.0,0.7693667282776502
replete,6.5600000000000005,0.0,9.40776920614883,14.350332009156007,14.24189878469516,1.4350332009156008,0.0,0.7697059247169106
replete,6.58,0.0,9.392371711306716,14.365729503998121,14.24189878469516,1.4365729503998121,0.0,0.7700432462036603
replete,6.6,0.0,9.376967488864324,14.381133726440513,14.24189878469516,1.4381133726440514,0.0,0.7703786831435924
replete,6.62,0.0,9.361556576608749,14.396544638696088,14.24189878469516,1.439654463869609,0.0,0.7707122259162837
replete,6.64,0.0,9.346139012519759,14.411962202785078,14.24189878469516,1.4411962202785078,0.0,0.7710438648752347
replete,6.66,0.0,9.330714834770308,14.427386380534529,14.24189878469516,1.4427386380534528,0.0,0.7713735903479095
replete,6.68,0.0,9.315284081727068,14.442817133577769,14.24189878469516,1.444281713357777,0.0,0.7717013926357777
replete,6.7,0.0,9.299846791950934,14.458254423353903,14.24189878469516,1.4458254423353902,0.0,0.7720272620143583
replete,6.72,0.0,9.284403004197552,14.473698211107285,14.24189878469516,1.4473698211107284,0.0,0.7723511887332648
replete,6.74,0.0,9.268952757417836,14.489148457887001,14.24189878469516,1.4489148457887002,0.0,0.7726731630162518
replete,6.76,0.0,9.253496090758484,14.504605124546353,14.24189878469516,1.4504605124546353,0.0,0.7729931750612616
replete,6.78,0.0,9.238033043562485,14.520068171742352,14.24189878469516,1.4520068171742353,0.0,0.7733112150404766
replete,6.8,0.0,9.222563655369653,14.535537559935184,14.24189878469516,1.4535537559935183,0.0,0.7736272731003676
replete,6.82,0.0,9.207087965917122,14.551013249387715,14.24189878469516,1.4551013249387714,0.0,0.7739413393617489
replete,6.84,0.0,9.191606015139866,14.56649520016497,14.24189878469516,1.456649520016497,0.0,0.7742534039198316
replete,6.86,0.0,9.176117843171212,14.581983372133624,14.24189878469516,1.4581983372133624,0.0,0.7745634568442791
replete,6.88,0.0,9.160623490343353,14.597477724961484,14.24189878469516,1.4597477724961485,0.0,0.7748714881792667
replete,6.9,0.0,9.145122997187842,14.612978218116995,14.24189878469516,1.4612978218116994,0.0,0.7751774879435386
replete,6.92,0.0,9.12961640443612,14.628484810868716,14.24189878469516,1.4628484810868716,0.0,0.7754814461304711
replete,6.94,0.0,9.114103753020013,14.643997462284824,14.24189878469516,1.4643997462284823,0.0,0.7757833527081338
replete,6.96,0.0,9.098585084072232,14.659516131232605,14.24189878469516,1.4659516131232606,0.0,0.7760831976193548
replete,6.98,0.0,9.083060438926891,14.675040776377946,14.24189878469516,1.4675040776377946,0.0,0.7763809707817867
replete,7.0,0.0,9.067529859119997,14.69057135618484,14.24189878469516,1.469057135618484,0.0,0.7766766620879743
replete,7.02,0.0,9.051993386389958,14.70610782891488,14.24189878469516,1.4706107828914878,0.0,0.7769702614054248
replete,7.04,0.0,9.036451062678083,14.721650152626754,14.24189878469516,1.4721650152626755,0.0,0.7772617585766791
replete,7.0600000000000005,0.0,9.020902930129076,14.737198285175761,14.24189878469516,1.473719828517576,0.0,0.777551143419385
replete,7.08,0.0,9.005349031091539,14.752752184213298,14.24189878469516,1.4752752184213298,0.0,0.7778384057263718
replete,7.1,0.0,8.989789408118467,14.76831180718637,14.24189878469516,1.476831180718637,0.0,0.7781235352657294
replete,7.12,0.0,8.974224103967734,14.783877111337103,14.24189878469516,1.4783877111337103,0.0,0.7784065217808838
replete,7.140000000000001,0.0,8.958653161602594,14.799448053702243,14.24189878469516,1.4799448053702242,0.0,0.7786873549906813
replete,7.16,0.0,8.943076624192173,14.815024591112664,14.24189878469516,1.4815024591112664,0.0,0.7789660245894684
replete,7.18,0.0,8.92749453511195,14.830606680192886,14.24189878469516,1.4830606680192886,0.0,0.7792425202471781
replete,7.2,0.0,8.91190693794425,14.846194277360587,14.24189878469516,1.4846194277360587,0.0,0.7795168316094155
replete,7.22,0.0,8.896313876478729,14.861787338826108,14.24189878469516,1.486178733882611,0.0,0.7797889482975467
replete,7.24,0.0,8.880715394712857,14.87738582059198,14.24189878469516,1.487738582059198,0.0,0.7800588599087892
replete,7.26,0.0,8.865111536852398,14.89298967845244,14.24189878469516,1.489298967845244,0.0,0.7803265560163041
replete,7.28,0.0,8.849502347311896,14.908598867992941,14.24189878469516,1.4908598867992942,0.0,0.7805920261692908
replete,7.3,0.0,8.833887870715149,14.924213344589688,14.24189878469516,1.4924213344589687,0.0,0.7808552598930838
replete,7.32,0.0,8.818268151895683,14.939833063409154,14.24189878469516,1.4939833063409154,0.0,0.7811162466892504
replete,7.34,0.0,8.802643235897238,14.9554579794076,14.24189878469516,1.49554579794076,0.0,0.7813749760356923
replete,7.36,0.0,8.787013167974221,14.971088047330616,14.24189878469516,1.4971088047330616,0.0,0.781631437386748
replete,7.38,0.0,8.771377993592193,14.986723221712644,14.24189878469516,1.4986723221712643,0.0,0.7818856201732975
replete,7.4,0.0,8.75573775842833,15.002363456876507,14.24189878469516,1.5002363456876506,0.0,0.7821375138028697
replete,7.42,0.0,8.740092508371891,15.018008706932946,14.24189878469516,1.5018008706932946,0.0,0.7823871076597514
replete,7.4399999999999995,0.0,8.72444228952468,15.033658925780157,14.24189878469516,1.5033658925780158,0.0,0.7826343911050988
replete,7.46,0.0,8.708787148201505,15.049314067103332,14.24189878469516,1.5049314067103332,0.0,0.782879353477051
replete,7.48,0.0,8.693127130930646,15.06497408437419,14.24189878469516,1.506497408437419,0.0,0.7831219840908454
replete,7.5,0.0,8.677462284454304,15.080638930850533,14.24189878469516,1.5080638930850534,0.0,0.7833622722389374
replete,7.52,0.0,8.661792655729057,15.09630855957578,14.24189878469516,1.509630855957578,0.0,0.7836002071911182
replete,7.54,0.0,8.646118291926312,15.111982923378525,14.24189878469516,1.5111982923378524,0.0,0.7838357781946401
replete,7.5600000000000005,0.0,8.630439240432759,15.127661974872078,14.24189878469516,1.5127661974872078,0.0,0.7840689744743397
replete,7.58,0.0,8.614755548850809,15.143345666454028,14.24189878469516,1.514334566645403,0.0,0.7842997852327653
replete,7.6,0.0,8.59906726499905,15.159033950305787,14.24189878469516,1.5159033950305787,0.0,0.7845281996503078
replete,7.62,0.0,8.583374436912676,15.174726778392161,14.24189878469516,1.517472677839216,0.0,0.7847542068853316
replete,7.640000000000001,0.0,8.567677112843937,15.1904241024609,14.24189878469516,1.51904241024609,0.0,0.7849777960743092
replete,7.66,0.0,8.551975341262573,15.206125874042264,14.24189878469516,1.5206125874042264,0.0,0.7851989563319589
replete,7.68,0.0,8.536269170856242,15.221832044448595,14.24189878469516,1.5221832044448596,0.0,0.7854176767513825
replete,7.7,0.0,8.520558650530957,15.23754256477388,14.24189878469516,1.523754256477388,0.0,0.7856339464042091
replete,7.72,0.0,8.504843829411511,15.253257385893326,14.24189878469516,1.5253257385893326,0.0,0.7858477543407381
replete,7.74,0.0,8.489124756841903,15.268976458462934,14.24189878469516,1.5268976458462933,0.0,0.7860590895900859
replete,7.76,0.0,8.473401482385764,15.284699732919073,14.24189878469516,1.5284699732919074,0.0,0.7862679411603366
replete,7.78,0.0,8.457674055826764,15.300427159478073,14.24189878469516,1.5300427159478072,0.0,0.7864742980386918
replete,7.8,0.0,8.441942527169047,15.31615868813579,14.24189878469516,1.531615868813579,0.0,0.7866781491916277
replete,7.82,0.0,8.426206946637626,15.331894268667211,14.24189878469516,1.5331894268667212,0.0,0.7868794835650496
replete,7.84,0.0,8.410467364678802,15.347633850626035,14.24189878469516,1.5347633850626035,0.0,0.7870782900844533
replete,7.86,0.0,8.394723831960569,15.363377383344268,14.24189878469516,1.5363377383344268,0.0,0.7872745576550878
replete,7.88,0.0,8.378976399373018,15.379124815931819,14.24189878469516,1.537912481593182,0.0,0.7874682751621186
replete,7.9,0.0,8.363225118028735,15.394876097276102,14.24189878469516,1.5394876097276102,0.0,0.7876594314707972
replete,7.92,0.0,8.3474700392632,15.410631176041637,14.24189878469516,1.5410631176041636,0.0,0.787848015426631
replete,7.9399999999999995,0.0,8.33171121463518,15.426390000669658,14.24189878469516,1.5426390000669659,0.0,0.7880340158555562
replete,7.96,0.0,8.31594869592711,15.442152519377727,14.24189878469516,1.5442152519377728,0.0,0.7882174215641149
replete,7.98,0.0,8.300182535145497,15.45791868015934,14.24189878469516,1.545791868015934,0.0,0.7883982213396324
replete,8.0,0.0,8.284412784521287,15.47368843078355,14.24189878469516,1.547368843078355,0.0,0.7885764039504007
replete,8.02,0.0,8.268639496510247,15.48946171879459,14.24189878469516,1.548946171879459,0.0,0.7887519581458617
replete,8.04,0.0,8.252862723793346,15.505238491511491,14.24189878469516,1.550523849151149,0.0,0.7889248726567952
replete,8.06,0.0,8.237082519277118,15.521018696027719,14.24189878469516,1.552101869602772,0.0,0.7890951361955086
replete,8.08,0.0,8.22129893609404,15.536802279210796,14.24189878469516,1.5536802279210797,0.0,0.7892627374560313
replete,8.1,0.0,8.205512027602888,15.55258918770195,14.24189878469516,1.5552589187701948,0.0,0.7894276651143091
replete,8.120000000000001,0.0,8.189721847389093,15.568379367915744,14.24189878469516,1.5568379367915743,0.0,0.7895899078284054
replete,8.14,0.0,8.173928449265105,15.584172766039732,14.24189878469516,1.5584172766039732,0.0,0.7897494542387024
replete,8.16,0.0,8.158131887270747,15.59996932803409,14.24189878469516,1.5599969328034091,0.0,0.7899062929681051
replete,8.18,0.0,8.142332215673546,15.61576899963129,14.24189878469516,1.561576899963129,0.0,0.7900604126222517
replete,8.2,0.0,8.126529488969098,15.63157172633574,14.24189878469516,1.563157172633574,0.0,0.7902118017897238
replete,8.22,0.0,8.110723761881387,15.64737745342345,14.24189878469516,1.564737745342345,0.0,0.7903604490422604
replete,8.24,0.0,8.094915089363136,15.663186125941701,14.24189878469516,1.5663186125941702,0.0,0.7905063429349762
replete,8.26,0.0,8.079103526596125,15.678997688708712,14.24189878469516,1.5678997688708711,0.0,0.7906494720065819
replete,8.280000000000001,0.0,8.063289128991524,15.694812086313313,14.24189878469516,1.5694812086313312,0.0,0.7907898247796081
replete,8.3,0.0,8.047471952190216,15.71062926311462,14.24189878469516,1.5710629263114622,0.0,0.7909273897606327
replete,8.32,0.0,8.031652052063103,15.726449163241732,14.24189878469516,1.5726449163241731,0.0,0.7910621554405101
replete,8.34,0.0,8.015829484711432,15.742271730593405,14.24189878469516,1.5742271730593405,0.0,0.7911941102946063
replete,8.36,0.0,8.000004306467089,15.758096908837748,14.24189878469516,1.5758096908837749,0.0,0.7913232427830347
replete,8.379999999999999,0.0,7.984176573892912,15.773924641411925,14.24189878469516,1.5773924641411925,0.0,0.7914495413508961
replete,8.4,0.0,7.968346343782984,15.789754871521852,14.24189878469516,1.5789754871521853,0.0,0.7915729944285228
replete,8.42,0.0,7.95251367316293,15.805587542141907,14.24189878469516,1.5805587542141908,0.0,0.7916935904317252
replete,8.44,0.0,7.9366786192901975,15.821422596014639,14.24189878469516,1.5821422596014638,0.0,0.7918113177620418
replete,8.46,0.0,7.920841239654346,15.83725997565049,14.24189878469516,1.583725997565049,0.0,0.791926164806993
replete,8.48,0.0,7.905001591977325,15.85309962332751,14.24189878469516,1.5853099623327511,0.0,0.7920381199403378
replete,8.5,0.0,7.88915973421374,15.868941481091095,14.24189878469516,1.5868941481091094,0.0,0.7921471715223347
replete,8.52,0.0,7.873315724551126,15.88478549075371,14.24189878469516,1.588478549075371,0.0,0.7922533079000061
replete,8.54,0.0,7.857469621410206,15.90063159389463,14.24189878469516,1.590063159389463,0.0,0.7923565174074044
replete,8.56,0.0,7.841621483445152,15.916479731859685,14.24189878469516,1.5916479731859685,0.0,0.792456788365885
replete,8.58,0.0,7.825771369543834,15.932329845761002,14.24189878469516,1.5932329845761002,0.0,0.7925541090843784
replete,8.6,0.0,7.809919338828063,15.948181876476774,14.24189878469516,1.5948181876476775,0.0,0.7926484678596716
replete,8.620000000000001,0.0,7.794065450653832,15.964035764651003,14.24189878469516,1.5964035764651003,0.0,0.7927398529766869
replete,8.64,0.0,7.778209764611558,15.979891450693277,14.24189878469516,1.5979891450693278,0.0,0.7928282527087697
replete,8.66,0.0,7.7623523405262995,15.995748874778537,14.24189878469516,1.5995748874778537,0.0,0.7929136553179761
replete,8.68,0.0,7.746493238457983,16.01160797684685,14.24189878469516,1.601160797684685,0.0,0.7929960490553666
replete,8.7,0.0,7.730632518701626,16.027468696603208,14.24189878469516,1.6027468696603209,0.0,0.7930754221613028
replete,8.72,0.0,7.714770241787538,16.043330973517296,14.24189878469516,1.6043330973517296,0.0,0.7931517628657468
replete,8.74,0.0,7.698906468481537,16.059194746823298,14.24189878469516,1.6059194746823298,0.0,0.7932250593885668
replete,8.76,0.0,7.683041259785138,16.0750599555197,14.24189878469516,1.60750599555197,0.0,0.7932952999398436
replete,8.780000000000001,0.0,7.667174676935748,16.09092653836909,14.24189878469516,1.609092653836909,0.0,0.7933624727201832
replete,8.8,0.0,7.651306781406858,16.106794433897978,14.24189878469516,1.6106794433897977,0.0,0.7934265659210327
replete,8.82,0.0,7.635437634908217,16.12266358039662,14.24189878469516,1.612266358039662,0.0,0.7934875677249991
replete,8.84,0.0,7.619567299386008,16.138533915918828,14.24189878469516,1.6138533915918827,0.0,0.793545466306173
replete,8.86,0.0,7.603695837023015,16.15440537828182,14.24189878469516,1.615440537828182,0.0,0.793600249830457
replete,8.879999999999999,0.0,7.5878233102387815,16.170277905066055,14.24189878469516,1.6170277905066055,0.0,0.7936519064558952
replete,8.9,0.0,7.571949781689766,16.18615143361507,14.24189878469516,1.618615143361507,0.0,0.79370042433301
replete,8.92,0.0,7.556075314269492,16.202025901035345,14.24189878469516,1.6202025901035344,0.0,0.7937457916051414
replete,8.94,0.0,7.540199971108683,16.217901244196153,14.24189878469516,1.6217901244196153,0.0,0.7937879964087896
replete,8.96,0.0,7.524323815575395,16.23377739972944,14.24189878469516,1.623377739972944,0.0,0.7938270268739638
replete,8.98,0.0,7.508446911275152,16.249654304029683,14.24189878469516,1.6249654304029684,0.0,0.7938628711245326
replete,9.0,0.0,7.4925693220510565,16.26553189325378,14.24189878469516,1.626553189325378,0.0,0.7938955172785807
replete,9.02,0.0,7.476691111983901,16.281410103320933,14.24189878469516,1.6281410103320932,0.0,0.7939249534487682
replete,9.04,0.0,7.460812345392281,16.297288869912556,14.24189878469516,1.6297288869912556,0.0,0.7939511677426959
replete,9.06,0.0,7.444933086832681,16.313168128472157,14.24189878469516,1.6313168128472157,0.0,0.7939741482632713
replete,9.08,0.0,7.42905340109958,16.329047814205257,14.24189878469516,1.6329047814205258,0.0,0.7939938831090836
replete,9.1,0.0,7.413173353225519,16.344927862079317,14.24189878469516,1.6344927862079317,0.0,0.7940103603747795
replete,9.120000000000001,0.0,7.397293008481181,16.360808206823656,14.24189878469516,1.6360808206823656,0.0,0.7940235681514445
replete,9.14,0.0,7.381412432375467,16.376688782929367,14.24189878469516,1.6376688782929367,0.0,0.7940334945269875
replete,9.16,0.0,7.3655316906555415,16.392569524649293,14.24189878469516,1.6392569524649292,0.0,0.7940401275865328
replete,9.18,0.0,7.349650849306895,16.40845036599794,14.24189878469516,1.640845036599794,0.0,0.7940434554128115
replete,9.2,0.0,7.3337699745533795,16.424331240751457,14.24189878469516,1.6424331240751457,0.0,0.7940434660865625
replete,9.22,0.0,7.317889132857253,16.44021208244758,14.24189878469516,1.644021208244758,0.0,0.7940401476869335
replete,9.24,0.0,7.302008390919204,16.45609282438563,14.24189878469516,1.645609282438563,0.0,0.7940334882918902
replete,9.26,0.0,7.286127815678366,16.471973399626467,14.24189878469516,1.6471973399626467,0.0,0.7940234759786272
replete,9.280000000000001,0.0,7.270247474312334,16.4878537409925,14.24189878469516,1.64878537409925,0.0,0.7940100988239845
replete,9.3,0.0,7.254367434237169,16.503733781067666,14.24189878469516,1.6503733781067667,0.0,0.7939933449048687
replete,9.32,0.0,7.238487763107387,16.519613452197447,14.24189878469516,1.6519613452197448,0.0,0.7939732022986785
replete,9.34,0.0,7.222608528815948,16.535492686488887,14.24189878469516,1.6535492686488886,0.0,0.7939496590837347
replete,9.36,0.0,7.206729799494233,16.5513714158106,14.24189878469516,1.65513714158106,0.0,0.7939227033397152
replete,9.379999999999999,0.0,7.190851643512011,16.56724957179282,14.24189878469516,1.6567249571792821,0.0,0.7938923231480931
replete,9.4,0.0,7.174974129477402,16.58312708582743,14.24189878469516,1.6583127085827432,0.0,0.7938585065925832
replete,9.42,0.0,7.159097326236825,16.59900388906801,14.24189878469516,1.659900388906801,0.0,0.7938212417595879
replete,9.44,0.0,7.143221302874939,16.614879912429895,14.24189878469516,1.6614879912429896,0.0,0.7937805167386522
replete,9.46,0.0,7.127346128714577,16.630755086590256,14.24189878469516,1.6630755086590256,0.0,0.7937363196229215
replete,9.48,0.0,7.111471873316673,16.646629341988163,14.24189878469516,1.6646629341988164,0.0,0.7936886385096045
replete,9.5,0.0,7.095598606480167,16.662502608824667,14.24189878469516,1.6662502608824667,0.0,0.7936374615004398
replete,9.52,0.0,7.079726398241918,16.678374817062917,14.24189878469516,1.6678374817062918,0.0,0.7935827767021707
replete,9.54,0.0,7.063855318876595,16.69424589642824,14.24189878469516,1.669424589642824,0.0,0.7935245722270196
replete,9.56,0.0,7.047985438896562,16.710115776408273,14.24189878469516,1.6710115776408272,0.0,0.7934628361931725
replete,9.58,0.0,7.032116829051762,16.72598438625307,14.24189878469516,1.672598438625307,0.0,0.7933975567252646
replete,9.6,0.0,7.0162495603295705,16.741851654975264,14.24189878469516,1.6741851654975264,0.0,0.7933287219548727
replete,9.620000000000001,0.0,7.0003837039546575,16.757717511350176,14.24189878469516,1.6757717511350176,0.0,0.793256320021012
replete,9.64,0.0,6.9845193313888405,16.77358188391599,14.24189878469516,1.6773581883915991,0.0,0.7931803390706376
replete,9.66,0.0,6.968656514330909,16.789444700973924,14.24189878469516,1.6789444700973923,0.0,0.7931007672591517
replete,9.68,0.0,6.952795324716456,16.805305890588375,14.24189878469516,1.6805305890588376,0.0,0.7930175927509149
replete,9.7,0.0,6.936935834717695,16.821165380587136,14.24189878469516,1.6821165380587135,0.0,0.7929308037197633
replete,9.72,0.0,6.921078116743261,16.83702309856157,14.24189878469516,1.683702309856157,0.0,0.7928403883495296
replete,9.74,0.0,6.905222243438013,16.85287897186682,14.24189878469516,1.6852878971866818,0.0,0.792746334834571
replete,9.76,0.0,6.88936828768281,16.86873292762202,14.24189878469516,1.6868732927622019,0.0,0.7926486313802996
replete,9.780000000000001,0.0,6.873516322594285,16.884584892710546,14.24189878469516,1.6884584892710546,0.0,0.7925472662037214
replete,9.8,0.0,6.857666421524618,16.900434793780214,14.24189878469516,1.6900434793780215,0.0,0.7924422275339763
replete,9.82,0.0,6.841818658061272,16.91628255724356,14.24189878469516,1.6916282557243558,0.0,0.7923335036128869
replete,9.84,0.0,6.825973106026748,16.932128109278082,14.24189878469516,1.6932128109278082,0.0,0.7922210826955105
replete,9.86,0.0,6.810129839478305,16.947971375826526,14.24189878469516,1.6947971375826527,0.0,0.792104953050696
replete,9.879999999999999,0.0,6.794288932707685,16.963812282597146,14.24189878469516,1.6963812282597146,0.0,0.7919851029616478
replete,9.9,0.0,6.778450460240816,16.979650755064014,14.24189878469516,1.6979650755064015,0.0,0.7918615207264933
replete,9.92,0.0,6.762614496837512,16.99548671846732,14.24189878469516,1.6995486718467319,0.0,0.791734194658856
replete,9.94,0.0,6.746781117491151,17.01132009781368,14.24189878469516,1.701132009781368,0.0,0.7916031130884343
replete,9.96,0.0,6.730950397428354,17.02715081787648,14.24189878469516,1.7027150817876477,0.0,0.7914682643615855
replete,9.98,0.0,6.715122412108643,17.04297880319619,14.24189878469516,1.704297880319619,0.0,0.7913296368419142
replete,10.0,0.0,6.6992972372240915,17.058803978080743,14.24189878469516,1.7058803978080743,0.0,0.7911872189108675
replete,10.02,0.0,6.683474948698957,17.074626266605875,14.24189878469516,1.7074626266605875,0.0,0.7910409989683339
replete,10.04,0.0,6.667655622689313,17.09044559261552,14.24189878469516,1.709044559261552,0.0,0.7908909654332493
replete,10.06,0.0,6.6518393355826575,17.106261879722176,14.24189878469516,1.7106261879722175,0.0,0.790737106744207
replete,10.08,0.0,6.636026163997516,17.122075051307316,14.24189878469516,1.7122075051307317,0.0,0.7905794113600737
replete,10.1,0.0,6.620216184783029,17.137885030521804,14.24189878469516,1.7137885030521804,0.0,0.7904178677606102
replete,10.120000000000001,0.0,6.604409475018524,17.15369174028631,14.24189878469516,1.715369174028631,0.0,0.7902524644470981
replete,10.14,0.0,6.588606112013086,17.169495103291744,14.24189878469516,1.7169495103291745,0.0,0.7900831899429734
replete,10.16,0.0,6.572806173305106,17.185295041999726,14.24189878469516,1.7185295041999726,0.0,0.789910032794462
replete,10.18,0.0,6.557009736661812,17.20109147864302,14.24189878469516,1.7201091478643018,0.0,0.789732981571223
replete,10.2,0.0,6.541216880078803,17.216884335226027,14.24189878469516,1.7216884335226026,0.0,0.7895520248669989
replete,10.219999999999999,0.0,6.525427681779555,17.232673533525276,14.24189878469516,1.7232673533525276,0.0,0.7893671513002667
replete,10.24,0.0,6.509642220214922,17.24845899508991,14.24189878469516,1.7248458995089908,0.0,0.7891783495149
replete,10.26,0.0,6.493860574062623,17.26424064124221,14.24189878469516,1.726424064124221,0.0,0.7889856081808317
replete,10.280000000000001,0.0,6.478082822226708,17.280018393078127,14.24189878469516,1.7280018393078127,0.0,0.7887889159947263
replete,10.3,0.0,6.462309043837026,17.295792171467806,14.24189878469516,1.7295792171467805,0.0,0.7885882616806539
replete,10.32,0.0,6.446539318248661,17.311561897056173,14.24189878469516,1.7311561897056174,0.0,0.7883836339907742
replete,10.34,0.0,6.430773725041368,17.327327490263464,14.24189878469516,1.7327327490263464,0.0,0.7881750217060202
replete,10.36,0.0,6.41501234401899,17.343088871285843,14.24189878469516,1.7343088871285843,0.0,0.7879624136367939
replete,10.379999999999999,0.0,6.399255255208863,17.35884596009597,14.24189878469516,1.735884596009597,0.0,0.7877457986236632
replete,10.4,0.0,6.3835025388612,17.374598676443632,14.24189878469516,1.7374598676443633,0.0,0.7875251655380647
replete,10.42,0.0,6.367754275448476,17.390346939856357,14.24189878469516,1.7390346939856358,0.0,0.7873005032830148
replete,10.440000000000001,0.0,6.35201054566478,17.406090669640054,14.24189878469516,1.7406090669640055,0.0,0.7870718007938232
replete,10.46,0.0,6.336271430425168,17.421829784879666,14.24189878469516,1.7421829784879665,0.0,0.7868390470388139
replete,10.48,0.0,6.320537010864994,17.43756420443984,14.24189878469516,1.7437564204439842,0.0,0.7866022310200513
replete,10.5,0.0,6.304807368339223,17.45329384696561,14.24189878469516,1.7453293846965612,0.0,0.7863613417740717
replete,10.52,0.0,6.289082584421743,17.46901863088309,14.24189878469516,1.746901863088309,0.0,0.7861163683726202
replete,10.54,0.0,6.273362740904646,17.48473847440019,14.24189878469516,1.7484738474400188,0.0,0.7858672999233958
replete,10.56,0.0,6.257647919797504,17.500453295507334,14.24189878469516,1.7500453295507334,0.0,0.7856141255707962
replete,10.58,0.0,6.241938203326632,17.516163011978204,14.24189878469516,1.7516163011978203,0.0,0.7853568344966749
replete,10.600000000000001,0.0,6.226233673934321,17.531867541370517,14.24189878469516,1.7531867541370516,0.0,0.7850954159210995
replete,10.620000000000001,0.0,6.2105344142780785,17.547566801026758,14.24189878469516,1.7547566801026757,0.0,0.7848298591031185
replete,10.64,0.0,6.194840507229831,17.563260708075006,14.24189878469516,1.7563260708075006,0.0,0.7845601533415303
replete,10.66,0.0,6.179152035875123,17.578949179429717,14.24189878469516,1.7578949179429717,0.0,0.7842862879756609
replete,10.68,0.0,6.163469083512305,17.594632131792533,14.24189878469516,1.7594632131792534,0.0,0.7840082523861461
replete,10.7,0.0,6.147791733651693,17.610309481653147,14.24189878469516,1.7610309481653146,0.0,0.7837260359957197
replete,10.719999999999999,0.0,6.132120070014722,17.625981145290115,14.24189878469516,1.7625981145290115,0.0,0.7834396282700058
replete,10.74,0.0,6.116454176533075,17.64164703877176,14.24189878469516,1.7641647038771762,0.0,0.7831490187183192
replete,10.76,0.0,6.100794137347813,17.657307077957025,14.24189878469516,1.7657307077957025,0.0,0.7828541968944687
replete,10.780000000000001,0.0,6.085140036808459,17.67296117849638,14.24189878469516,1.767296117849638,0.0,0.782555152397568
replete,10.8,0.0,6.0694919594721055,17.688609255832734,14.24189878469516,1.7688609255832735,0.0,0.7822518748728522
replete,10.82,0.0,6.053849990102462,17.704251225202377,14.24189878469516,1.7704251225202376,0.0,0.7819443540124978
replete,10.84,0.0,6.038214213668922,17.719887001635914,14.24189878469516,1.7719887001635914,0.0,0.7816325795564503
replete,10.86,0.0,6.022584715345596,17.735516499959243,14.24189878469516,1.7735516499959243,0.0,0.7813165412932577
replete,10.879999999999999,0.0,6.006961580510331,17.75113963479451,14.24189878469516,1.7751139634794508,0.0,0.7809962290609068
replete,10.9,0.0,5.99134489474371,17.76675632056113,14.24189878469516,1.7766756320561128,0.0,0.7806716327476684
replete,10.92,0.0,5.9757347438280455,17.78236647147679,14.24189878469516,1.7782366471476792,0.0,0.7803427422929454
replete,10.940000000000001,0.0,5.960131213746338,17.7979700015585,14.24189878469516,1.77979700015585,0.0,0.7800095476881287
replete,10.96,0.0,5.944534390681238,17.813566824623603,14.24189878469516,1.7813566824623603,0.0,0.7796720389774557
replete,10.98,0.0,5.928944361013971,17.82915685429087,14.24189878469516,1.7829156854290868,0.0,0.7793302062588771
replete,11.0,0.0,5.913361211323264,17.844740003981574,14.24189878469516,1.7844740003981574,0.0,0.7789840396849287
replete,11.02,0.0,5.897785028384236,17.860316186920603,14.24189878469516,1.7860316186920602,0.0,0.7786335294636063
replete,11.04,0.0,5.882215899167287,17.875885316137552,14.24189878469516,1.7875885316137552,0.0,0.7782786658592491
replete,11.06,0.0,5.866653910836955,17.89144730446788,14.24189878469516,1.7891447304467882,0.0,0.7779194391934264
replete,11.08,0.0,5.851099150750773,17.907002064554064,14.24189878469516,1.7907002064554063,0.0,0.7775558398458314
replete,11.100000000000001,0.0,5.835551706458088,17.92254950884675,14.24189878469516,1.792254950884675,0.0,0.7771878582551786
replete,11.120000000000001,0.0,5.820011665698876,17.938089549605962,14.24189878469516,1.7938089549605962,0.0,0.7768154849201072
replete,11.14,0.0,5.804479116402531,17.953622098902304,14.24189878469516,1.7953622098902304,0.0,0.7764387104000912
replete,11.16,0.0,5.7889541466866445,17.96914706861819,14.24189878469516,1.7969147068618192,0.0,0.7760575253163525
replete,11.18,0.0,5.773436844855757,17.98466437044908,14.24189878469516,1.7984664370449082,0.0,0.775671920352782
replete,11.2,0.0,5.757927299400097,18.00017391590474,14.24189878469516,1.8000173915904738,0.0,0.7752818862568616
replete,11.219999999999999,0.0,5.7424255989943,18.015675616310535,14.24189878469516,1.8015675616310536,0.0,0.7748874138405972
replete,11.24,0.0,5.726931832496106,18.03116938280873,14.24189878469516,1.8031169382808732,0.0,0.7744884939814529
replete,11.26,0.0,5.71144608894505,18.046655126359788,14.24189878469516,1.8046655126359787,0.0,0.77408511762329
replete,11.280000000000001,0.0,5.695968457561109,18.06213275774373,14.24189878469516,1.806213275774373,0.0,0.7736772757773148
replete,11.3,0.0,5.680499027743361,18.077602187561475,14.24189878469516,1.8077602187561475,0.0,0.7732649595230279
replete,11.32,0.0,5.665037889068601,18.093063326236237,14.24189878469516,1.8093063326236236,0.0,0.7728481600091801
replete,11.34,0.0,5.649585131289947,18.108516084014887,14.24189878469516,1.8108516084014887,0.0,0.7724268684547333
replete,11.36,0.0,5.634140844335431,18.123960370969407,14.24189878469516,1.8123960370969407,0.0,0.7720010761498266
replete,11.379999999999999,0.0,5.618705118306559,18.13939609699828,14.24189878469516,1.813939609699828,0.0,0.7715707744567454
replete,11.4,0.0,5.603278043476862,18.154823171827974,14.24189878469516,1.8154823171827974,0.0,0.7711359548109
replete,11.42,0.0,5.587859710290427,18.17024150501441,14.24189878469516,1.817024150501441,0.0,0.7706966087218036
replete,11.440000000000001,0.0,5.572450209360397,18.18565100594444,14.24189878469516,1.8185651005944439,0.0,0.7702527277740578
replete,11.46,0.0,5.557049631467468,18.20105158383737,14.24189878469516,1.8201051583837369,0.0,0.769804303628345
replete,11.48,0.0,5.541658067558349,18.21644314774649,14.24189878469516,1.8216443147746488,0.0,0.7693513280224205
replete,11.5,0.0,5.526275608744219,18.23182560656062,14.24189878469516,1.8231825606560619,0.0,0.7688937927721142
replete,11.52,0.0,5.510902346299146,18.247198869005693,14.24189878469516,1.8247198869005694,0.0,0.7684316897723334
replete,11.54,0.0,5.495538371658507,18.262562843646332,14.24189878469516,1.8262562843646333,0.0,0.7679650109980735
replete,11.56,0.0,5.480183776417364,18.277917438887474,14.24189878469516,1.8277917438887474,0.0,0.767493748505429
replete,11.58,0.0,5.464838652328843,18.293262562975997,14.24189878469516,1.8293262562975996,0.0,0.7670178944326144
replete,11.600000000000001,0.0,5.44950309130247,18.30859812400237,14.24189878469516,1.8308598124002369,0.0,0.766537441000984
replete,11.620000000000001,0.0,5.43417718540251,18.32392402990233,14.24189878469516,1.832392402990233,0.0,0.7660523805160605
replete,11.64,0.0,5.4188610268462645,18.339240188458575,14.24189878469516,1.8339240188458574,0.0,0.7655627053685657
replete,11.66,0.0,5.403554708002359,18.35454650730248,14.24189878469516,1.835454650730248,0.0,0.7650684080354552
replete,11.68,0.0,5.388258321389009,18.36984289391583,14.24189878469516,1.836984289391583,0.0,0.7645694810809595
replete,11.7,0.0,5.372971959672267,18.385129255632574,14.24189878469516,1.8385129255632573,0.0,0.7640659171576267
replete,11.719999999999999,0.0,5.357695715664238,18.400405499640602,14.24189878469516,1.8400405499640602,0.0,0.7635577090073714
replete,11.74,0.0,5.3424296823212885,18.415671532983552,14.24189878469516,1.8415671532983553,0.0,0.7630448494625267
replete,11.76,0.0,5.327173952742228,18.430927262562612,14.24189878469516,1.8430927262562613,0.0,0.7625273314468989
replete,11.780000000000001,0.0,5.311928620166462,18.44617259513838,14.24189878469516,1.844617259513838,0.0,0.7620051479768288
replete,11.8,0.0,5.296693777972139,18.4614074373327,14.24189878469516,1.84614074373327,0.0,0.7614782921622559
replete,11.82,0.0,5.28146951967426,18.47663169563058,14.24189878469516,1.847663169563058,0.0,0.7609467572077847
replete,11.84,0.0,5.26625593892278,18.491845276382058,14.24189878469516,1.8491845276382057,0.0,0.760410536413756
replete,11.86,0.0,5.251053129500681,18.507048085804158,14.24189878469516,1.8507048085804159,0.0,0.759869623177323
replete,11.879999999999999,0.0,5.235861185322025,18.522240029982814,14.24189878469516,1.8522240029982815,0.0,0.7593240109935288
replete,11.9,0.0,5.220680200429984,18.537421014874855,14.24189878469516,1.8537421014874855,0.0,0.7587736934563885
replete,11.92,0.0,5.205510268994853,18.552590946309987,14.24189878469516,1.8552590946309988,0.0,0.7582186642599746
replete,11.940000000000001,0.0,5.190351485312034,18.567749729992805,14.24189878469516,1.8567749729992804,0.0,0.7576589171995062
replete,11.96,0.0,5.175203943800006,18.582897271504834,14.24189878469516,1.8582897271504835,0.0,0.7570944461724398
replete,11.98,0.0,5.160067738998266,18.598033476306576,14.24189878469516,1.8598033476306575,0.0,0.7565252451795659
replete,12.0,0.0,5.144942965565251,18.613158249739588,14.24189878469516,1.8613158249739588,0.0,0.7559513083261047
replete,12.02,0.0,5.129829718276245,18.628271497028596,14.24189878469516,1.8628271497028597,0.0,0.7553726298228104
replete,12.04,0.0,5.114728092021247,18.643373123283595,14.24189878469516,1.8643373123283595,0.0,0.7547892039870723
replete,12.06,0.0,5.099638181802834,18.658463033502006,14.24189878469516,1.8658463033502006,0.0,0.7542010252440233
replete,12.08,0.0,5.084560082733998,18.673541132570843,14.24189878469516,1.8673541132570843,0.0,0.7536080881276495
replete,12.100000000000001,0.0,5.069493890035948,18.688607325268894,14.24189878469516,1.8688607325268893,0.0,0.753010387281901
replete,12.120000000000001,0.0,5.054439699035909,18.703661516268934,14.24189878469516,1.8703661516268935,0.0,0.752407917461808
replete,12.14,0.0,5.039397605164883,18.71870361013996,14.24189878469516,1.8718703610139962,0.0,0.7518006735345972
replete,12.16,0.0,5.024367703955395,18.733733511349445,14.24189878469516,1.8733733511349446,0.0,0.7511886504808113
replete,12.18,0.0,5.00935009103922,18.74875112426562,14.24189878469516,1.8748751124265621,0.0,0.7505718433954307
replete,12.2,0.0,4.994344862145078,18.763756353159764,14.24189878469516,1.8763756353159764,0.0,0.7499502474889974
replete,12.219999999999999,0.0,4.979352113096312,18.77874910220853,14.24189878469516,1.877874910220853,0.0,0.7493238580887407
replete,12.24,0.0,4.964371939808546,18.793729275496297,14.24189878469516,1.8793729275496296,0.0,0.7486926706397045
replete,12.26,0.0,4.949404438287316,18.808696777017524,14.24189878469516,1.8808696777017524,0.0,0.7480566807058775
replete,12.280000000000001,0.0,4.934449704625675,18.823651510679166,14.24189878469516,1.8823651510679167,0.0,0.747415883971324
replete,12.3,0.0,4.9195078350017925,18.83859338030305,14.24189878469516,1.8838593380303048,0.0,0.746770276241317
replete,12.32,0.0,4.904578925676503,18.853522289628337,14.24189878469516,1.8853522289628337,0.0,0.7461198534434714
replete,12.34,0.0,4.88966307299086,18.86843814231398,14.24189878469516,1.8868438142313981,0.0,0.7454646116288813
replete,12.36,0.0,4.87476037336365,18.88334084194119,14.24189878469516,1.8883340841941192,0.0,0.7448045469732548
replete,12.379999999999999,0.0,4.85987092328889,18.89823029201595,14.24189878469516,1.889823029201595,0.0,0.7441396557780535
replete,12.4,0.0,4.844994819333297,18.913106395971543,14.24189878469516,1.8913106395971542,0.0,0.7434699344716312
replete,12.42,0.0,4.830132158133751,18.92796905717109,14.24189878469516,1.892796905717109,0.0,0.7427953796103727
replete,12.440000000000001,0.0,4.815283036394706,18.942818178910134,14.24189878469516,1.8942818178910135,0.0,0.7421159878798347
replete,12.46,0.0,4.800447550885609,18.957653664419233,14.24189878469516,1.8957653664419234,0.0,0.7414317560958882
replete,12.48,0.0,4.785625798438274,18.972475416866565,14.24189878469516,1.8972475416866565,0.0,0.7407426812058574
replete,12.5,0.0,4.770817875944246,18.987283339360594,14.24189878469516,1.8987283339360594,0.0,0.7400487602896645
replete,12.52,0.0,4.756023880352135,19.002077334952705,14.24189878469516,1.9002077334952705,0.0,0.7393499905609697
replete,12.54,0.0,4.741243908664932,19.01685730663991,14.24189878469516,1.901685730663991,0.0,0.738646369368315
replete,12.56,0.0,4.726478057937295,19.031623157367548,14.24189878469516,1.9031623157367548,0.0,0.7379378941962644
replete,12.58,0.0,4.711726425272829,19.04637479003201,14.24189878469516,1.9046374790032012,0.0,0.7372245626665481
replete,12.600000000000001,0.0,4.696989107821314,19.061112107483527,14.24189878469516,1.9061112107483527,0.0,0.7365063725392027
replete,12.620000000000001,0.0,4.682266202775946,19.075835012528895,14.24189878469516,1.9075835012528894,0.0,0.7357833217137126
replete,12.64,0.0,4.667557807370518,19.090543407934323,14.24189878469516,1.9090543407934324,0.0,0.7350554082301503
replete,12.66,0.0,4.652864018876614,19.105237196428227,14.24189878469516,1.9105237196428226,0.0,0.7343226302703162
replete,12.68,0.0,4.638184934600749,19.119916280704093,14.24189878469516,1.9119916280704092,0.0,0.7335849861588781
replete,12.7,0.0,4.623520651881511,19.13458056342333,14.24189878469516,1.9134580563423331,0.0,0.7328424743645078
replete,12.719999999999999,0.0,4.608871268086663,19.14922994721818,14.24189878469516,1.914922994721818,0.0,0.7320950935010179
replete,12.74,0.0,4.59423688061023,19.163864334694612,14.24189878469516,1.9163864334694611,0.0,0.7313428423284974
replete,12.76,0.0,4.579617586869566,19.178483628435277,14.24189878469516,1.9178483628435277,0.0,0.7305857197544444
replete,12.780000000000001,0.0,4.565013484302388,19.193087731002457,14.24189878469516,1.9193087731002456,0.0,0.7298237248348982
replete,12.8,0.0,4.550424670363801,19.20767654494104,14.24189878469516,1.9207676544941041,0.0,0.7290568567755696
replete,12.82,0.0,4.535851242523288,19.222249972781555,14.24189878469516,1.9222249972781555,0.0,0.7282851149329682
replete,12.84,0.0,4.521293298261683,19.236807917043162,14.24189878469516,1.9236807917043162,0.0,0.7275084988155286
replete,12.86,0.0,4.5067509350681245,19.25135028023672,14.24189878469516,1.925135028023672,0.0,0.7267270080847336
replete,12.879999999999999,0.0,4.49222425043698,19.265876964867864,14.24189878469516,1.9265876964867865,0.0,0.7259406425562339
replete,12.9,0.0,4.477713341864754,19.28038787344009,14.24189878469516,1.928038787344009,0.0,0.7251494022009688
replete,12.92,0.0,4.463218306846972,19.294882908457872,14.24189878469516,1.929488290845787,0.0,0.7243532871462787
replete,12.940000000000001,0.0,4.4487392428750345,19.30936197242981,14.24189878469516,1.9309361972429808,0.0,0.7235522976770182
replete,12.96,0.0,4.434276247433067,19.323824967871776,14.24189878469516,1.9323824967871777,0.0,0.7227464342366661
replete,12.98,0.0,4.419829417994724,19.33827179731012,14.24189878469516,1.933827179731012,0.0,0.721935697428429
replete,13.0,0.0,4.405398852019992,19.352702363284852,14.24189878469516,1.9352702363284853,0.0,0.7211200880163444
replete,13.02,0.0,4.39098464695196,19.367116568352884,14.24189878469516,1.9367116568352885,0.0,0.720299606926379
replete,13.04,0.0,4.3765869002135664,19.381514315091277,14.24189878469516,1.9381514315091277,0.0,0.7194742552475221
replete,13.06,0.0,4.362205709204334,19.395895506100512,14.24189878469516,1.9395895506100511,0.0,0.7186440342328759
replete,13.08,0.0,4.3478411712970715,19.410260044007774,14.24189878469516,1.9410260044007774,0.0,0.7178089453007419
replete,13.100000000000001,0.0,4.3334933838345595,19.424607831470283,14.24189878469516,1.9424607831470282,0.0,0.7169689900357011
replete,13.120000000000001,0.0,4.31916244412622,19.438938771178623,14.24189878469516,1.9438938771178624,0.0,0.7161241701896908
replete,13.14,0.0,4.304848449444748,19.453252765860096,14.24189878469516,1.9453252765860096,0.0,0.7152744876830762
replete,13.16,0.0,4.290551497022741,19.467549718282104,14.24189878469516,1.9467549718282104,0.0,0.7144199446057173
replete,13.18,0.0,4.276271684049294,19.481829531255553,14.24189878469516,1.9481829531255552,0.0,0.7135605432180292
replete,13.2,0.0,4.2620091076665805,19.496092107638265,14.24189878469516,1.9496092107638265,0.0,0.7126962859520379
replete,13.219999999999999,0.0,4.247763864966409,19.510337350338435,14.24189878469516,1.9510337350338436,0.0,0.7118271754124313
replete,13.24,0.0,4.233536052986756,19.52456516231809,14.24189878469516,1.952456516231809,0.0,0.7109532143776022
replete,13.26,0.0,4.21932576870829,19.538775446596556,14.24189878469516,1.9538775446596557,0.0,0.7100744058006859
replete,13.280000000000001,0.0,4.205133109050855,19.552968106253992,14.24189878469516,1.9552968106253992,0.0,0.7091907528105932
replete,13.3,0.0,4.190958170869955,19.567143044434893,14.24189878469516,1.9567143044434894,0.0,0.7083022587130345
replete,13.32,0.0,4.1768010509532,19.581300164351646,14.24189878469516,1.9581300164351645,0.0,0.7074089269915387
replete,13.34,0.0,4.162661846016745,19.5954393692881,14.24189878469516,1.9595439369288101,0.0,0.7065107613084636
replete,13.36,0.0,4.148540652701699,19.60956056260315,14.24189878469516,1.960956056260315,0.0,0.7056077655060018
replete,13.379999999999999,0.0,4.134437567570521,19.623663647734325,14.24189878469516,1.9623663647734326,0.0,0.7046999436071765
replete,13.4,0.0,4.120352687103395,19.637748528201453,14.24189878469516,1.9637748528201453,0.0,0.703787299816831
replete,13.42,0.0,4.10628610769458,19.65181510761027,14.24189878469516,1.9651815107610269,0.0,0.7028698385226109
replete,13.440000000000001,0.0,4.092237925648747,19.6658632896561,14.24189878469516,1.9665863289656103,0.0,0.7019475642959364
replete,13.46,0.0,4.078208237177293,19.679892978127555,14.24189878469516,1.9679892978127556,0.0,0.7010204818929697
replete,13.48,0.0,4.064197138394634,19.693904076910215,14.24189878469516,1.9693904076910216,0.0,0.7000885962555693
replete,13.5,0.0,4.050204725314485,19.707896489990365,14.24189878469516,1.9707896489990364,0.0,0.6991519125122401
replete,13.52,0.0,4.036231093846118,19.721870121458732,14.24189878469516,1.972187012145873,0.0,0.698210435979072
replete,13.54,0.0,4.0222763397906,19.73582487551425,14.24189878469516,1.973582487551425,0.0,0.6972641721606697
replete,13.56,0.0,4.008340558837007,19.749760656467842,14.24189878469516,1.9749760656467843,0.0,0.6963131267510745
replete,13.58,0.0,3.9944238465586435,19.763677368746205,14.24189878469516,1.9763677368746204,0.0,0.6953573056346749
replete,13.600000000000001,0.0,3.980526298409204,19.777574916895645,14.24189878469516,1.9777574916895646,0.0,0.6943967148871083
replete,13.620000000000001,0.0,3.966648009718958,19.791453205585892,14.24189878469516,1.9791453205585892,0.0,0.6934313607761518
replete,13.64,0.0,3.9527890756908857,19.805312139613964,14.24189878469516,1.9805312139613964,0.0,0.692461249762604
replete,13.66,0.0,3.9389495913968164,19.819151623908034,14.24189878469516,1.9819151623908033,0.0,0.6914863885011561
replete,13.68,0.0,3.9251296517735397,19.83297156353131,14.24189878469516,1.983297156353131,0.0,0.6905067838412506
replete,13.7,0.0,3.9113293516189005,19.846771863685948,14.24189878469516,1.9846771863685948,0.0,0.6895224428279312
replete,13.719999999999999,0.0,3.8975487855878796,19.860552429716968,14.24189878469516,1.9860552429716969,0.0,0.68853337270268
replete,13.74,0.0,3.883788048188658,19.874313167116192,14.24189878469516,1.987431316711619,0.0,0.687539580904245
replete,13.76,0.0,3.8700472337786627,19.888053981526188,14.24189878469516,1.9888053981526188,0.0,0.6865410750694534
replete,13.780000000000001,0.0,3.8563264365605945,19.901774778744254,14.24189878469516,1.9901774778744254,0.0,0.6855378630340146
replete,13.8,0.0,3.842625750578448,19.9154754647264,14.24189878469516,1.9915475464726398,0.0,0.6845299528333122
replete,13.82,0.0,3.828945269713503,19.929155945591344,14.24189878469516,1.9929155945591344,0.0,0.6835173527031807
replete,13.84,0.0,3.8152850876803153,19.942816127624532,14.24189878469516,1.9942816127624532,0.0,0.6825000710806719
replete,13.86,0.0,3.801645298022678,19.95645591728217,14.24189878469516,1.995645591728217,0.0,0.6814781166048077
replete,13.879999999999999,0.0,3.7880259941095793,19.97007522119527,14.24189878469516,1.997007522119527,0.0,0.6804514981173198
replete,13.9,0.0,3.7744272691311394,19.98367394617371,14.24189878469516,1.998367394617371,0.0,0.6794202246633756
replete,13.92,0.0,3.760849216094537,19.997251999210313,14.24189878469516,1.9997251999210313,0.0,0.678384305492292
replete,13.940000000000001,0.0,3.7472919278199126,20.010809287484935,14.24189878469516,2.0010809287484936,0.0,0.6773437500582337
replete,13.96,0.0,3.7337554969362747,20.024345718368576,14.24189878469516,2.0024345718368575,0.0,0.6762985680208978
replete,13.98,0.0,3.7202400158773727,20.037861199427475,14.24189878469516,2.0037861199427476,0.0,0.6752487692461857
replete,14.0,0.0,3.7067455768775717,20.051355638427278,14.24189878469516,2.0051355638427277,0.0,0.6741943638068576
replete,14.02,0.0,3.6932722719677074,20.06482894333714,14.24189878469516,2.006482894333714,0.0,0.6731353619831749
replete,14.040000000000001,0.0,3.6798201929709298,20.07828102233392,14.24189878469516,2.007828102233392,0.0,0.6720717742635264
replete,14.06,0.0,3.6663894314985375,20.09171178380631,14.24189878469516,2.009171178380631,0.0,0.671003611345039
replete,14.08,0.0,3.652980078945791,20.105121136359056,14.24189878469516,2.0105121136359054,0.0,0.6699308841341733
replete,14.1,0.0,3.639592226487725,20.118508988817123,14.24189878469516,2.011850898881712,0.0,0.6688536037473032
replete,14.120000000000001,0.0,3.6262259650749398,20.131875250229907,14.24189878469516,2.0131875250229907,0.0,0.6677717815112799
replete,14.14,0.0,3.6128813854293953,20.14521982987545,14.24189878469516,2.014521982987545,0.0,0.6666854289639795
replete,14.16,0.0,3.599558578040174,20.158542637264674,14.24189878469516,2.0158542637264674,0.0,0.665594557854834
replete,14.18,0.0,3.586257633159252,20.171843582145595,14.24189878469516,2.0171843582145597,0.0,0.6644991801453453
replete,14.2,0.0,3.57297864079725,20.1851225745076,14.24189878469516,2.0185122574507597,0.0,0.6633993080095826
replete,14.22,0.0,3.5597216907191767,20.198379524585672,14.24189878469516,2.019837952458567,0.0,0.6622949538346629
replete,14.24,0.0,3.546486872440167,20.21161434286468,14.24189878469516,2.0211614342864683,0.0,0.6611861302212143
replete,14.26,0.0,3.5332742752212027,20.224826940083645,14.24189878469516,2.0224826940083647,0.0,0.6600728499838193
replete,14.28,0.0,3.520083988064829,20.238017227240018,14.24189878469516,2.0238017227240017,0.0,0.6589551261514435
replete,14.3,0.0,3.5069160997108666,20.251185115593984,14.24189878469516,2.0251185115593984,0.0,0.6578329719678442
replete,14.32,0.0,3.4937706986321113,20.264330516672736,14.24189878469516,2.0264330516672735,0.0,0.6567064008919608
replete,14.34,0.0,3.4806478730300223,20.27745334227483,14.24189878469516,2.027745334227483,0.0,0.6555754265982862
replete,14.36,0.0,3.467547710830411,20.29055350447444,14.24189878469516,2.029055350447444,0.0,0.6544400629772217
replete,14.38,0.0,3.454470299679119,20.303630915625728,14.24189878469516,2.030363091562573,0.0,0.6533003241354086
replete,14.4,0.0,3.441415726937693,20.316685488367156,14.24189878469516,2.0316685488367154,0.0,0.6521562243960453
replete,14.42,0.0,3.428384079679043,20.329717135625806,14.24189878469516,2.0329717135625804,0.0,0.6510077782991806
replete,14.44,0.0,3.4153754446831095,20.342725770621737,14.24189878469516,2.0342725770621737,0.0,0.6498550006019896
replete,14.46,0.0,3.4023899084325158,20.355711306872333,14.24189878469516,2.0355711306872335,0.0,0.6486979062790299
replete,14.48,0.0,3.3894275571082204,20.368673658196627,14.24189878469516,2.0368673658196625,0.0,0.6475365105224753
replete,14.5,0.0,3.3764884765851564,20.381612738719692,14.24189878469516,2.038161273871969,0.0,0.6463708287423311
replete,14.52,0.0,3.3635727524278796,20.394528462876966,14.24189878469516,2.0394528462876966,0.0,0.6452008765666281
replete,14.540000000000001,0.0,3.350680469886201,20.407420745418644,14.24189878469516,2.0407420745418645,0.0,0.6440266698415952
replete,14.56,0.0,3.3378117138908285,20.420289501414018,14.24189878469516,2.0420289501414017,0.0,0.6428482246318123
replete,14.58,0.0,3.324966569048989,20.43313464625586,14.24189878469516,2.043313464625586,0.0,0.6416655572203391
replete,14.6,0.0,3.3121451196400646,20.445956095664783,14.24189878469516,2.0445956095664783,0.0,0.6404786841088258
replete,14.620000000000001,0.0,3.2993474496112154,20.45875376569363,14.24189878469516,2.045875376569363,0.0,0.6392876220175988
replete,14.64,0.0,3.2865736425730128,20.471527572731834,14.24189878469516,2.0471527572731834,0.0,0.6380923878857273
replete,14.66,0.0,3.273823781795054,20.484277433509792,14.24189878469516,2.048427743350979,0.0,0.6368929988710648
replete,14.68,0.0,3.2610979502015938,20.497003265103253,14.24189878469516,2.049700326510325,0.0,0.6356894723502703
replete,14.700000000000001,0.0,3.2483962303671627,20.509704984937684,14.24189878469516,2.0509704984937684,0.0,0.6344818259188072
replete,14.72,0.0,3.235718704512199,20.522382510792646,14.24189878469516,2.0522382510792645,0.0,0.6332700773909163
replete,14.74,0.0,3.223065454498665,20.53503576080618,14.24189878469516,2.053503576080618,0.0,0.6320542447995697
replete,14.76,0.0,3.2104365618256776,20.547664653479167,14.24189878469516,2.0547664653479165,0.0,0.6308343463963987
replete,14.78,0.0,3.1978321076251355,20.56026910767971,14.24189878469516,2.056026910767971,0.0,0.6296104006515996
replete,14.8,0.0,3.185252172657348,20.572849042647498,14.24189878469516,2.05728490426475,0.0,0.6283824262538149
replete,14.82,0.0,3.1726968373066713,20.585404377998174,14.24189878469516,2.0585404377998175,0.0,0.6271504421099925
replete,14.84,0.0,3.160166181577137,20.59793503372771,14.24189878469516,2.059793503372771,0.0,0.6259144673452186
replete,14.86,0.0,3.1476602850880973,20.610440930216747,14.24189878469516,2.0610440930216747,0.0,0.6246745213025279
replete,14.88,0.0,3.1351792270698646,20.62292198823498,14.24189878469516,2.0622921988234983,0.0,0.6234306235426893
replete,14.9,0.0,3.1227230863593634,20.635378128945483,14.24189878469516,2.0635378128945483,0.0,0.6221827938439666
replete,14.92,0.0,3.1102919413957775,20.64780927390907,14.24189878469516,2.064780927390907,0.0,0.6209310522018551
replete,14.94,0.0,3.097885870216211,20.660215345088634,14.24189878469516,2.0660215345088635,0.0,0.6196754188287921
replete,14.96,0.0,3.0855049504513525,20.672596264853492,14.24189878469516,2.0672596264853493,0.0,0.6184159141538446
replete,14.98,0.0,3.0731492593211485,20.6849519559837,14.24189878469516,2.06849519559837,0.0,0.6171525588223694
replete,15.0,0.0,3.0608188736304744,20.697282341674374,14.24189878469516,2.0697282341674375,0.0,0.6158853736956491
replete,15.02,0.0,3.0485138697648266,20.70958734554002,14.24189878469516,2.0709587345540017,0.0,0.6146143798505024
replete,15.040000000000001,0.0,3.0362343236860116,20.721866891618834,14.24189878469516,2.0721866891618834,0.0,0.6133395985788687
replete,15.06,0.0,3.023980310927852,20.734120904376994,14.24189878469516,2.0734120904376994,0.0,0.6120610513873671
replete,15.08,0.0,3.011751906591892,20.746349308712954,14.24189878469516,2.0746349308712952,0.0,0.6107787599968287
replete,15.1,0.0,2.999549185343123,20.758552029961724,14.24189878469516,2.0758552029961725,0.0,0.6094927463418033
replete,15.120000000000001,0.0,2.9873722214057112,20.770728993899137,14.24189878469516,2.077072899389914,0.0,0.6082030325700402
replete,15.14,0.0,2.9752210885587433,20.782880126746104,14.24189878469516,2.0782880126746104,0.0,0.6069096410419418
replete,15.16,0.0,2.9630958601319737,20.795005355172876,14.24189878469516,2.0795005355172878,0.0,0.6056125943299919
replete,15.18,0.0,2.9509966090015904,20.807104606303255,14.24189878469516,2.0807104606303257,0.0,0.6043119152181555
replete,15.200000000000001,0.0,2.938923407585994,20.819177807718855,14.24189878469516,2.0819177807718856,0.0,0.6030076267012541
replete,15.22,0.0,2.926876327841587,20.83122488746326,14.24189878469516,2.083122488746326,0.0,0.6016997519843121
replete,15.24,0.0,2.9148554412585717,20.843245774046274,14.24189878469516,2.0843245774046273,0.0,0.6003883144818776
replete,15.26,0.0,2.9028608188567726,20.855240396448075,14.24189878469516,2.0855240396448074,0.0,0.5990733378173159
replete,15.28,0.0,2.8908925311814637,20.867208684123383,14.24189878469516,2.086720868412338,0.0,0.5977548458220745
replete,15.3,0.0,2.8789506482992144,20.87915056700563,14.24189878469516,2.087915056700563,0.0,0.5964328625349237
replete,15.32,0.0,2.867035239793756,20.89106597551109,14.24189878469516,2.089106597551109,0.0,0.5951074122011667
replete,15.34,0.0,2.855146374761851,20.902954840542996,14.24189878469516,2.0902954840542995,0.0,0.5937785192718237
replete,15.36,0.0,2.843284121809193,20.914817093495653,14.24189878469516,2.0914817093495652,0.0,0.592446208402789
replete,15.38,0.0,2.831448549046316,20.92665266625853,14.24189878469516,2.092665266625853,0.0,0.5911105044539595
replete,15.4,0.0,2.8196397240845243,20.93846149122032,14.24189878469516,2.093846149122032,0.0,0.5897714324883365
replete,15.42,0.0,2.8078577140318384,20.950243501273007,14.24189878469516,2.095024350127301,0.0,0.5884290177710979
replete,15.44,0.0,2.7961025854889603,20.961998629815884,14.24189878469516,2.0961998629815883,0.0,0.5870832857686458
replete,15.46,0.0,2.78437440454526,20.973726810759587,14.24189878469516,2.0973726810759588,0.0,0.5857342621476224
replete,15.48,0.0,2.7726732367747835,20.985427978530062,14.24189878469516,2.098542797853006,0.0,0.5843819727739017
replete,15.5,0.0,2.7609991472322726,20.997102068072575,14.24189878469516,2.0997102068072575,0.0,0.5830264437115505
replete,15.52,0.0,2.749352200449215,21.00874901485563,14.24189878469516,2.100874901485563,0.0,0.5816677012217633
replete,15.540000000000001,0.0,2.737732460429913,21.020368754874934,14.24189878469516,2.102036875487493,0.0,0.5803057717617668
replete,15.56,0.0,2.7261399906475745,21.031961224657273,14.24189878469516,2.1031961224657274,0.0,0.5789406819837007
replete,15.58,0.0,2.7145748540404226,21.043526361264423,14.24189878469516,2.104352636126442,0.0,0.5775724587334652
replete,15.6,0.0,2.7030371130078366,21.05506410229701,14.24189878469516,2.105506410229701,0.0,0.5762011290495443
replete,15.620000000000001,0.0,2.691526829406508,21.06657438589834,14.24189878469516,2.106657438589834,0.0,0.5748267201617991
replete,15.64,0.0,2.6800440645466317,21.078057150758216,14.24189878469516,2.1078057150758216,0.0,0.5734492594902352
replete,15.66,0.0,2.6685888791881074,21.08951233611674,14.24189878469516,2.1089512336116742,0.0,0.5720687746437381
replete,15.68,0.0,2.6571613335367803,21.100939881768067,14.24189878469516,2.1100939881768066,0.0,0.570685293418785
replete,15.700000000000001,0.0,2.645761487240701,21.112339728064146,14.24189878469516,2.1112339728064144,0.0,0.5692988437981262
replete,15.72,0.0,2.6343893993864156,21.12371181591843,14.24189878469516,2.112371181591843,0.0,0.5679094539494385
replete,15.74,0.0,2.6230451284952765,21.13505608680957,14.24189878469516,2.113505608680957,0.0,0.566517152223951
replete,15.76,0.0,2.6117287325197878,21.146372482785058,14.24189878469516,2.114637248278506,0.0,0.5651219671550438
replete,15.78,0.0,2.6004402688399773,21.15766094646487,14.24189878469516,2.115766094646487,0.0,0.5637239274568172
replete,15.8,0.0,2.5891797942597936,21.168921421045052,14.24189878469516,2.116892142104505,0.0,0.5623230620226346
replete,15.82,0.0,2.5779473650035425,21.180153850301302,14.24189878469516,2.11801538503013,0.0,0.5609193999236369
replete,15.84,0.0,2.566743036712337,21.19135817859251,14.24189878469516,2.119135817859251,0.0,0.5595129704072289
replete,15.86,0.0,2.555566864440594,21.20253435086425,14.24189878469516,2.120253435086425,0.0,0.5581038028955387
replete,15.88,0.0,2.544418902652553,21.213682312652292,14.24189878469516,2.121368231265229,0.0,0.5566919269838494
replete,15.9,0.0,2.5332992052188317,21.224802010086012,14.24189878469516,2.1224802010086012,0.0,0.5552773724390035
replete,15.92,0.0,2.5222078254130063,21.235893389891835,14.24189878469516,2.1235893389891833,0.0,0.5538601691977787
replete,15.94,0.0,2.5111448159082332,21.24695639939661,14.24189878469516,2.124695639939661,0.0,0.552440347365239
replete,15.96,0.0,2.500110228773897,21.257990986530945,14.24189878469516,2.1257990986530944,0.0,0.5510179372130551
replete,15.98,0.0,2.4891041154723004,21.268997099832543,14.24189878469516,2.1268997099832543,0.0,0.5495929691778018
replete,16.0,0.0,2.4781265268553767,21.279974688449464,14.24189878469516,2.1279974688449466,0.0,0.5481654738592244
replete,16.02,0.0,2.467177513161449,21.290923702143395,14.24189878469516,2.1290923702143396,0.0,0.5467354820184815
replete,16.04,0.0,2.4562571240120157,21.30184409129283,14.24189878469516,2.1301844091292828,0.0,0.5453030245763595
replete,16.060000000000002,0.0,2.445365408408579,21.312735806896264,14.24189878469516,2.1312735806896264,0.0,0.5438681326114606
replete,16.08,0.0,2.434502414729513,21.32359880057533,14.24189878469516,2.1323598800575327,0.0,0.5424308373583661
replete,16.1,0.0,2.4236681907269424,21.3344330245779,14.24189878469516,2.13344330245779,0.0,0.5409911702057691
replete,16.12,0.0,2.412862783523705,21.345238431781137,14.24189878469516,2.1345238431781137,0.0,0.5395491626945884
replete,16.14,0.0,2.4020862396103078,21.356014975694535,14.24189878469516,2.1356014975694535,0.0,0.5381048465160484
replete,16.16,0.0,2.391338604841948,21.366762610462896,14.24189878469516,2.1366762610462895,0.0,0.5366582535097394
replete,16.18,0.0,2.3806199244355626,21.37748129086928,14.24189878469516,2.137748129086928,0.0,0.5352094156616487
replete,16.200000000000003,0.0,2.3699302429669213,21.38817097233792,14.24189878469516,2.138817097233792,0.0,0.5337583651021688
replete,16.22,0.0,2.359269604367765,21.39883161093708,14.24189878469516,2.139883161093708,0.0,0.5323051341040793
replete,16.240000000000002,0.0,2.3486380519229595,21.409463163381886,14.24189878469516,2.1409463163381885,0.0,0.5308497550805021
replete,16.259999999999998,0.0,2.338035628267736,21.420065587037108,14.24189878469516,2.1420065587037107,0.0,0.5293922605828365
replete,16.28,0.0,2.3274623753849197,21.430638839919926,14.24189878469516,2.1430638839919927,0.0,0.5279326832986645
replete,16.3,0.0,2.31691833460225,21.441182880702595,14.24189878469516,2.1441182880702594,0.0,0.5264710560496354
replete,16.32,0.0,2.3064035465897055,21.45169766871514,14.24189878469516,2.145169766871514,0.0,0.5250074117893253
replete,16.34,0.0,2.2959180513568924,21.462183163947955,14.24189878469516,2.1462183163947954,0.0,0.5235417836010718
replete,16.36,0.0,2.285461888250471,21.472639327054374,14.24189878469516,2.1472639327054375,0.0,0.5220742046957864
replete,16.380000000000003,0.0,2.2750350959516252,21.48306611935322,14.24189878469516,2.1483066119353222,0.0,0.520604708409743
replete,16.4,0.0,2.2646377124735846,21.49346350283126,14.24189878469516,2.149346350283126,0.0,0.5191333282023444
replete,16.42,0.0,2.2542697751591656,21.50383144014568,14.24189878469516,2.150383144014568,0.0,0.5176600976538623
replete,16.439999999999998,0.0,2.2439313206784046,21.51416989462644,14.24189878469516,2.151416989462644,0.0,0.5161850504631615
replete,16.46,0.0,2.2336223850261785,21.524478830278667,14.24189878469516,2.152447883027867,0.0,0.5147082204453937
replete,16.48,0.0,2.2233430035199317,21.534758211784915,14.24189878469516,2.1534758211784917,0.0,0.5132296415296769
replete,16.5,0.0,2.2130932107973975,21.545008004507448,14.24189878469516,2.154500800450745,0.0,0.5117493477567473
replete,16.52,0.0,2.202873040814401,21.555228174490445,14.24189878469516,2.1555228174490444,0.0,0.5102673732765938
replete,16.54,0.0,2.1926825268426935,21.565418688462152,14.24189878469516,2.1565418688462152,0.0,0.5087837523460689
replete,16.560000000000002,0.0,2.1825217014678397,21.575579513837006,14.24189878469516,2.1575579513837004,0.0,0.50729851932648
replete,16.58,0.0,2.1723905965871615,21.585710618717684,14.24189878469516,2.1585710618717684,0.0,0.5058117086811613
replete,16.6,0.0,2.1622892434077006,21.595811971897145,14.24189878469516,2.1595811971897145,0.0,0.5043233549730216
replete,16.62,0.0,2.152217672444279,21.605883542860568,14.24189878469516,2.1605883542860567,0.0,0.5028334928620787
replete,16.64,0.0,2.1421759135175598,21.615925301787286,14.24189878469516,2.1615925301787287,0.0,0.5013421571029679
replete,16.66,0.0,2.1321639957521903,21.625937219552657,14.24189878469516,2.1625937219552656,0.0,0.49984938254243544
replete,16.68,0.0,2.122181947574983,21.635919267729864,14.24189878469516,2.1635919267729866,0.0,0.49835520411681256
replete,16.700000000000003,0.0,2.1122297967131467,21.6458714185917,14.24189878469516,2.16458714185917,0.0,0.4968596568494693
replete,16.72,0.0,2.1023075701925817,21.655793645112265,14.24189878469516,2.1655793645112267,0.0,0.49536277584825406
replete,16.740000000000002,0.0,2.0924152943361953,21.665685920968652,14.24189878469516,2.166568592096865,0.0,0.49386459630290974
replete,16.759999999999998,0.0,2.0825529947623167,21.67554822054253,14.24189878469516,2.167554822054253,0.0,0.4923651534824799
replete,16.78,0.0,2.072720696383109,21.68538051892174,14.24189878469516,2.168538051892174,0.0,0.4908644827326903
replete,16.8,0.0,2.0629184234030875,21.695182791901757,14.24189878469516,2.169518279190176,0.0,0.48936261947332144
replete,16.82,0.0,2.0531461993176476,21.7049550159872,14.24189878469516,2.1704955015987197,0.0,0.4878595991955591
replete,16.84,0.0,2.04340404691167,21.714697168393176,14.24189878469516,2.1714697168393178,0.0,0.4863554574593318
replete,16.86,0.0,2.033691988258172,21.724409227046674,14.24189878469516,2.1724409227046673,0.0,0.4848502298906336
replete,16.880000000000003,0.0,2.0240100447170106,21.734091170587835,14.24189878469516,2.1734091170587835,0.0,0.48334395217882953
replete,16.9,0.0,2.0143582369336523,21.743742978371195,14.24189878469516,2.1743742978371197,0.0,0.4818366600739504
replete,16.92,0.0,2.0047365848379664,21.75336463046688,14.24189878469516,2.175336463046688,0.0,0.4803283893839678
replete,16.939999999999998,0.0,1.9951451076431188,21.762956107661726,14.24189878469516,2.1762956107661724,0.0,0.47881917597206336
replete,16.96,0.0,1.9855838238444705,21.772517391460376,14.24189878469516,2.1772517391460378,0.0,0.4773090557538752
replete,16.98,0.0,1.9760527512185793,21.782048464086266,14.24189878469516,2.1782048464086268,0.0,0.4757980646947423
replete,17.0,0.0,1.9665519068222155,21.79154930848263,14.24189878469516,2.179154930848263,0.0,0.4742862388069265
replete,17.02,0.0,1.9570813069914603,21.801019908313386,14.24189878469516,2.1801019908313384,0.0,0.47277361414682983
replete,17.04,0.0,1.9476409673408484,21.810460247964,14.24189878469516,2.1810460247964,0.0,0.47126022681219715
replete,17.060000000000002,0.0,1.9382309027625675,21.819870312542278,14.24189878469516,2.181987031254228,0.0,0.4697461129393076
replete,17.08,0.0,1.9288511274257254,21.82925008787912,14.24189878469516,2.182925008787912,0.0,0.46823130870015867
replete,17.1,0.0,1.919501654775644,21.838599560529204,14.24189878469516,2.1838599560529204,0.0,0.4667158502996344
replete,17.12,0.0,1.9101824975332544,21.84791871777159,14.24189878469516,2.184791871777159,0.0,0.46519977397267176
replete,17.14,0.0,1.900893667694505,21.857207547610344,14.24189878469516,2.1857207547610344,0.0,0.4636831159814104
replete,17.16,0.0,1.8916351765298551,21.86646603877499,14.24189878469516,2.186646603877499,0.0,0.4621659126123389
replete,17.18,0.0,1.8824070345838149,21.875694180721034,14.24189878469516,2.1875694180721035,0.0,0.4606482001734304
replete,17.200000000000003,0.0,1.873209251674542,21.884891963630306,14.24189878469516,2.1884891963630304,0.0,0.45913001499127143
replete,17.22,0.0,1.8640418368935068,21.89405937841134,14.24189878469516,2.1894059378411344,0.0,0.45761139340818424
replete,17.240000000000002,0.0,1.854904798605189,21.90319641669966,14.24189878469516,2.190319641669966,0.0,0.45609237177933915
replete,17.259999999999998,0.0,1.8457981444468727,21.912303070857977,14.24189878469516,2.1912303070857977,0.0,0.45457298646986666
replete,17.28,0.0,1.8367218813284518,21.921379333976397,14.24189878469516,2.19213793339764,0.0,0.4530532738519563
replete,17.3,0.0,1.8276760154323408,21.930425199872506,14.24189878469516,2.1930425199872507,0.0,0.4515332703019582
replete,17.32,0.0,1.8186605522134034,21.939440663091442,14.24189878469516,2.193944066309144,0.0,0.4500130121974732
replete,17.34,0.0,1.809675496398965,21.94842571890588,14.24189878469516,2.194842571890588,0.0,0.44849253591444294
replete,17.36,0.0,1.8007208519888722,21.957380363315973,14.24189878469516,2.1957380363315973,0.0,0.44697187782423464
replete,17.380000000000003,0.0,1.791796622255614,21.966304593049234,14.24189878469516,2.1966304593049233,0.0,0.4454510742907221
replete,17.4,0.0,1.7829028097445063,21.97519840556034,14.24189878469516,2.1975198405560343,0.0,0.44393016166736726
replete,17.42,0.0,1.7740394162739141,21.984061799030933,14.24189878469516,2.198406179903093,0.0,0.44240917629429327
replete,17.439999999999998,0.0,1.7652064429355698,21.992894772369276,14.24189878469516,2.1992894772369276,0.0,0.44088815449536445
replete,17.46,0.0,1.756403890094903,22.001697325209946,14.24189878469516,2.200169732520995,0.0,0.4393671325752558
replete,17.48,0.0,1.747631757391477,22.01046945791337,14.24189878469516,2.201046945791337,0.0,0.43784614681653056
replete,17.5,0.0,1.7388900437394432,22.019211171565406,14.24189878469516,2.2019211171565405,0.0,0.43632523347671126
replete,17.52,0.0,1.730178747328079,22.02792246797677,14.24189878469516,2.202792246797677,0.0,0.43480442878535414
replete,17.54,0.0,1.7214978656223745,22.036603349682473,14.24189878469516,2.203660334968247,0.0,0.433283768941124
replete,17.560000000000002,0.0,1.7128473953636782,22.04525381994117,14.24189878469516,2.204525381994117,0.0,0.43176329010887027
replete,17.58,0.0,1.7042273325704107,22.053873882734436,14.24189878469516,2.2053873882734436,0.0,0.4302430284167063
replete,17.6,0.0,1.6956376725388107,22.06246354276604,14.24189878469516,2.2062463542766038,0.0,0.4287230199530872
replete,17.62,0.0,1.6870784098437797,22.07102280546107,14.24189878469516,2.207102280546107,0.0,0.42720330076389734
replete,17.64,0.0,1.6785495383397455,22.079551676965103,14.24189878469516,2.20795516769651,0.0,0.4256839068495342
replete,17.66,0.0,1.6700510511616085,22.08805016414324,14.24189878469516,2.208805016414324,0.0,0.42416487416200177
replete,17.68,0.0,1.6615829407257368,22.09651827457911,14.24189878469516,2.209651827457911,0.0,0.42264623860200556
replete,17.700000000000003,0.0,1.6531451987310206,22.10495601657383,14.24189878469516,2.210495601657383,0.0,0.42112803601605336
replete,17.72,0.0,1.644737816159992,22.11336339914486,14.24189878469516,2.211336339914486,0.0,0.41961030219356327
replete,17.740000000000002,0.0,1.6363607832799785,22.121740432024872,14.24189878469516,2.212174043202487,0.0,0.4180930728639734
replete,17.759999999999998,0.0,1.6280140896443556,22.130087125660495,14.24189878469516,2.2130087125660496,0.0,0.41657638369386557
replete,17.78,0.0,1.6196977240938069,22.138403491211044,14.24189878469516,2.2138403491211043,0.0,0.41506027028408726
replete,17.8,0.0,1.6114116747576912,22.146689540547158,14.24189878469516,2.2146689540547158,0.0,0.41354476816688995
replete,17.82,0.0,1.6031559290554258,22.154945286249426,14.24189878469516,2.2154945286249426,0.0,0.41202991280306883
replete,17.84,0.0,1.5949304736979526,22.163170741606898,14.24189878469516,2.2163170741606897,0.0,0.4105157395791156
replete,17.86,0.0,1.586735294689249,22.1713659206156,14.24189878469516,2.2171365920615598,0.0,0.4090022838043778
replete,17.880000000000003,0.0,1.5785703773279005,22.17953083797695,14.24189878469516,2.217953083797695,0.0,0.40748958070823
replete,17.9,0.0,1.5704357062087333,22.187665509096117,14.24189878469516,2.2187665509096117,0.0,0.4059776654372547
replete,17.92,0.0,1.5623312652244834,22.19576995008037,14.24189878469516,2.219576995008037,0.0,0.4044665730524313
replete,17.939999999999998,0.0,1.554257037567558,22.20384417773729,14.24189878469516,2.220384417773729,0.0,0.40295633852634205
replete,17.96,0.0,1.5462130057318082,22.211888209573043,14.24189878469516,2.2211888209573045,0.0,0.401446996740383
replete,17.98,0.0,1.538199151514403,22.219902063790446,14.24189878469516,2.2219902063790444,0.0,0.3999385824819937
replete,18.0,0.0,1.5302154560177181,22.227885759287133,14.24189878469516,2.222788575928713,0.0,0.3984311304418946
replete,18.02,0.0,1.5222618996513078,22.235839315653543,14.24189878469516,2.2235839315653543,0.0,0.3969246752113403
replete,18.04,0.0,1.5143384621339178,22.243762753170934,14.24189878469516,2.2243762753170935,0.0,0.39541925127938626
replete,18.060000000000002,0.0,1.506445122495556,22.251656092809295,14.24189878469516,2.2251656092809293,0.0,0.3939148930301694
replete,18.08,0.0,1.4985818590796252,22.259519356225226,14.24189878469516,2.225951935622523,0.0,0.3924116347402044
replete,18.1,0.0,1.4907486495450866,22.267352565759765,14.24189878469516,2.2267352565759766,0.0,0.3909095105756918
replete,18.12,0.0,1.4829454708687129,22.275155744436137,14.24189878469516,2.227515574443614,0.0,0.3894085545898482
replete,18.14,0.0,1.4751722993473584,22.28292891595749,14.24189878469516,2.228292891595749,0.0,0.3879088007202457
replete,18.16,0.0,1.4674291106003063,22.290672104704544,14.24189878469516,2.2290672104704545,0.0,0.3864102827861731
replete,18.18,0.0,1.4597158795716585,22.29838533573319,14.24189878469516,2.229838533573319,0.0,0.3849130344860107
replete,18.200000000000003,0.0,1.4520325805327783,22.30606863477207,14.24189878469516,2.230606863477207,0.0,0.3834170893946253
replete,18.22,0.0,1.4443791870847948,22.313722028220056,14.24189878469516,2.2313722028220058,0.0,0.381922480960783
replete,18.240000000000002,0.0,1.4367556721611339,22.321345543143718,14.24189878469516,2.2321345543143716,0.0,0.3804292425045763
replete,18.259999999999998,0.0,1.4291620080301388,22.32893920727471,14.24189878469516,2.232893920727471,0.0,0.37893740721487823
replete,18.28,0.0,1.4215981662976978,22.336503049007153,14.24189878469516,2.2336503049007153,0.0,0.37744700814680626
replete,18.3,0.0,1.414064117909965,22.344037097394885,14.24189878469516,2.2344037097394884,0.0,0.37595807821921506
replete,18.32,0.0,1.4065598331560945,22.351541382148756,14.24189878469516,2.2351541382148756,0.0,0.37447065021220244
replete,18.34,0.0,1.3990852816710488,22.359015933633803,14.24189878469516,2.2359015933633803,0.0,0.3729847567646399
replete,18.36,0.0,1.3916404324384457,22.366460782866405,14.24189878469516,2.2366460782866406,0.0,0.3715004303717233
replete,18.380000000000003,0.0,1.3842252537934543,22.3738759615114,14.24189878469516,2.23738759615114,0.0,0.37001770338254436
replete,18.4,0.0,1.3768397134257484,22.381261501879102,14.24189878469516,2.2381261501879104,0.0,0.3685366079976863
replete,18.42,0.0,1.3694837783824862,22.388617436922367,14.24189878469516,2.2388617436922367,0.0,0.3670571762668368
replete,18.439999999999998,0.0,1.3621574150713711,22.395943800233482,14.24189878469516,2.239594380023348,0.0,0.36557944008643156
replete,18.46,0.0,1.354860589263719,22.403240626041132,14.24189878469516,2.240324062604113,0.0,0.36410343119731164
replete,18.48,0.0,1.347593266097614,22.41050794920724,14.24189878469516,2.241050794920724,0.0,0.3626291811824136
replete,18.5,0.0,1.3403554100810737,22.417745805223777,14.24189878469516,2.2417745805223777,0.0,0.3611567214644759
replete,18.52,0.0,1.3331469850952837,22.42495423020957,14.24189878469516,2.242495423020957,0.0,0.35968608330377394
replete,18.54,0.0,1.3259679543978673,22.432133260906987,14.24189878469516,2.243213326090699,0.0,0.35821729779587863
replete,18.560000000000002,0.0,1.3188182806262003,22.43928293467865,14.24189878469516,2.243928293467865,0.0,0.3567503958694391
replete,18.58,0.0,1.3116979258007786,22.446403289504072,14.24189878469516,2.2446403289504073,0.0,0.35528540828399274
replete,18.6,0.0,1.3046068513286073,22.453494363976244,14.24189878469516,2.2453494363976243,0.0,0.35382236562779723
replete,18.62,0.0,1.297545018006666,22.460556197298185,14.24189878469516,2.2460556197298187,0.0,0.35236129831569446
replete,18.64,0.0,1.2905123860253842,22.467588829279467,14.24189878469516,2.2467588829279466,0.0,0.35090223658699377
replete,18.66,0.0,1.2835089149721792,22.474592300332674,14.24189878469516,2.247459230033267,0.0,0.34944521050338845
replete,18.68,0.0,1.2765345638350278,22.481566651469823,14.24189878469516,2.248156665146982,0.0,0.3479902499468942
replete,18.700000000000003,0.0,1.269589291006079,22.488511924298773,14.24189878469516,2.2488511924298775,0.0,0.34653738461781763
replete,18.72,0.0,1.2626730542853142,22.495428161019536,14.24189878469516,2.2495428161019535,0.0,0.34508664403275296
replete,18.740000000000002,0.0,1.2557858108842281,22.502315404420624,14.24189878469516,2.2502315404420625,0.0,0.3436380575226026
replete,18.759999999999998,0.0,1.2489275174295804,22.509173697875273,14.24189878469516,2.250917369787527,0.0,0.34219165423063214
replete,18.78,0.0,1.242098129967148,22.516003085337704,14.24189878469516,2.2516003085337704,0.0,0.34074746311054704
replete,18.8,0.0,1.2352976039655537,22.5228036113393,14.24189878469516,2.2522803611339297,0.0,0.3393055129246046
replete,18.82,0.0,1.2285258943201,22.52957532098475,14.24189878469516,2.252957532098475,0.0,0.33786583224174954
replete,18.84,0.0,1.221782955356661,22.536318259948192,14.24189878469516,2.253631825994819,0.0,0.3364284494357824
replete,18.86,0.0,1.2150687408356,22.543032474469253,14.24189878469516,2.2543032474469253,0.0,0.3349933926835555
replete,18.880000000000003,0.0,1.2083832039557276,22.549718011349125,14.24189878469516,2.2549718011349125,0.0,0.33356068996319976
replete,18.9,0.0,1.2017262973582972,22.556374917946556,14.24189878469516,2.255637491794656,0.0,0.3321303690523825
replete,18.92,0.0,1.1950979731310205,22.56300324217383,14.24189878469516,2.256300324217383,0.0,0.330702457526591
replete,18.939999999999998,0.0,1.188498182812144,22.569603032492708,14.24189878469516,2.256960303249271,0.0,0.3292769827574533
replete,18.96,0.0,1.1819268773945248,22.576174337910327,14.24189878469516,2.2576174337910326,0.0,0.3278539719110833
replete,18.98,0.0,1.175384007329775,22.582717207975076,14.24189878469516,2.2582717207975076,0.0,0.32643345194646173
replete,19.0,0.0,1.1688695225324066,22.589231692772444,14.24189878469516,2.2589231692772445,0.0,0.3250154496138445
replete,19.02,0.0,1.162383372384028,22.595717842920823,14.24189878469516,2.259571784292082,0.0,0.3235999914532045
replete,19.04,0.0,1.1559255057375637,22.602175709567287,14.24189878469516,2.260217570956729,0.0,0.32218710379270377
replete,19.060000000000002,0.0,1.1494958709215046,22.608605344383346,14.24189878469516,2.2608605344383346,0.0,0.320776812747198
replete,19.08,0.0,1.1430944157441942,22.615006799560657,14.24189878469516,2.2615006799560655,0.0,0.31936914421677304
replete,19.1,0.0,1.136721087498126,22.621380127806724,14.24189878469516,2.2621380127806723,0.0,0.31796412388531053
replete,19.12,0.0,1.1303758329642974,22.627725382340554,14.24189878469516,2.2627725382340556,0.0,0.316561777219091
replete,19.14,0.0,1.1240585984165632,22.634042616888287,14.24189878469516,2.263404261688829,0.0,0.3151621294654234
replete,19.16,0.0,1.1177693296260345,22.640331885678815,14.24189878469516,2.2640331885678817,0.0,0.313765205651311
replete,19.18,0.0,1.1115079718654952,22.646593243439355,14.24189878469516,2.2646593243439357,0.0,0.3123710305821475
replete,19.200000000000003,0.0,1.1052744699138481,22.652826745391003,14.24189878469516,2.2652826745391,0.0,0.31097962884044705
replete,19.22,0.0,1.0990687680605884,22.659032447244265,14.24189878469516,2.2659032447244263,0.0,0.3095910247846069
replete,19.240000000000002,0.0,1.0928908101102874,22.665210405194564,14.24189878469516,2.2665210405194562,0.0,0.3082052425477003
replete,19.259999999999998,0.0,1.0867405393871268,22.671360675917725,14.24189878469516,2.2671360675917724,0.0,0.3068223060363072
replete,19.28,0.0,1.0806178987394217,22.67748331656543,14.24189878469516,2.2677483316565428,0.0,0.3054422389293717
replete,19.3,0.0,1.074522830544202,22.683578384760647,14.24189878469516,2.2683578384760645,0.0,0.30406506467709893
replete,19.32,0.0,1.068455276711786,22.689645938593063,14.24189878469516,2.268964593859306,0.0,0.30269080649987967
replete,19.34,0.0,1.0624151786903917,22.695686036614457,14.24189878469516,2.2695686036614457,0.0,0.30131948738725084
replete,19.36,0.0,1.0564024774707628,22.701698737834086,14.24189878469516,2.2701698737834084,0.0,0.2999511300968886
replete,19.380000000000003,0.0,1.050417113590816,22.707684101714033,14.24189878469516,2.2707684101714034,0.0,0.29858575715363456
replete,19.4,0.0,1.044459027140311,22.71364218816454,14.24189878469516,2.271364218816454,0.0,0.2972233908485558
replete,19.42,0.0,1.0385281577655245,22.719573057539325,14.24189878469516,2.2719573057539324,0.0,0.29586405323803566
replete,19.439999999999998,0.0,1.032624444673968,22.72547677063088,14.24189878469516,2.272547677063088,0.0,0.2945077661429027
replete,19.46,0.0,1.0267478266390906,22.73135338866576,14.24189878469516,2.273135338866576,0.0,0.2931545511475865
replete,19.48,0.0,1.0208982420050305,22.73720297329982,14.24189878469516,2.273720297329982,0.0,0.2918044295993135
replete,19.5,0.0,1.0150756286913567,22.74302558661349,14.24189878469516,2.2743025586613492,0.0,0.29045742260733026
replete,19.52,0.0,1.009279924197839,22.74882129110701,14.24189878469516,2.274882129110701,0.0,0.28911355104216335
replete,19.54,0.0,1.003511065609231,22.754590149695616,14.24189878469516,2.2754590149695617,0.0,0.2877728355349117
replete,19.560000000000002,0.0,0.9977689896000622,22.760332225704786,14.24189878469516,2.2760332225704785,0.0,0.2864352964765711
replete,19.58,0.0,0.9920536324394535,22.766047582865394,14.24189878469516,2.276604758286539,0.0,0.28510095401739444
replete,19.6,0.0,0.9863649299959258,22.771736285308922,14.24189878469516,2.277173628530892,0.0,0.2837698280662801
replete,19.62,0.0,0.9807028177422474,22.7773983975626,14.24189878469516,2.27773983975626,0.0,0.2824419382902002
replete,19.64,0.0,0.9750672307602671,22.78303398454458,14.24189878469516,2.278303398454458,0.0,0.2811173041136552
replete,19.66,0.0,0.9694581037457737,22.78864311155907,14.24189878469516,2.2788643111559073,0.0,0.2797959447181655
replete,19.68,0.0,0.9638753710133592,22.79422584429149,14.24189878469516,2.279422584429149,0.0,0.27847787904179444
replete,19.700000000000003,0.0,0.9583189665012917,22.799782248803556,14.24189878469516,2.2799782248803555,0.0,0.2771631257787038
replete,19.72,0.0,0.9527888237764026,22.805312391528442,14.24189878469516,2.280531239152844,0.0,0.2758517033787432
replete,19.740000000000002,0.0,0.9472848760389657,22.81081633926588,14.24189878469516,2.281081633926588,0.0,0.2745436300470692
replete,19.759999999999998,0.0,0.9418070561276095,22.816294159177236,14.24189878469516,2.2816294159177235,0.0,0.2732389237438013
replete,19.78,0.0,0.9363552965242049,22.821745918780643,14.24189878469516,2.2821745918780643,0.0,0.2719376021837044
replete,19.8,0.0,0.9309295293587906,22.827171685946055,14.24189878469516,2.2827171685946057,0.0,0.2706396828359096
replete,19.82,0.0,0.9255296864144771,22.83257152889037,14.24189878469516,2.283257152889037,0.0,0.26934518292366194
replete,19.84,0.0,0.9201556991323716,22.837945516172475,14.24189878469516,2.2837945516172473,0.0,0.268054119424103
replete,19.86,0.0,0.9148074986165015,22.843293716688347,14.24189878469516,2.284329371668835,0.0,0.26676650906808397
replete,19.880000000000003,0.0,0.9094850156387397,22.848616199666107,14.24189878469516,2.2848616199666107,0.0,0.2654823683400106
replete,19.9,0.0,0.9041881806437412,22.853913034661105,14.24189878469516,2.2853913034661106,0.0,0.26420171347772076
replete,19.92,0.0,0.8989169237538633,22.85918429155098,14.24189878469516,2.2859184291550982,0.0,0.26292456047238943
replete,19.939999999999998,0.0,0.893671174774115,22.86443004053073,14.24189878469516,2.286443004053073,0.0,0.2616509250684712
replete,19.96,0.0,0.8884508631970758,22.86965035210777,14.24189878469516,2.286965035210777,0.0,0.2603808227636662
replete,19.98,0.0,0.8832559182078457,22.874845297097,14.24189878469516,2.2874845297097,0.0,0.2591142688089238
replete,20.0,0.0,0.878086268688969,22.880014946615876,14.24189878469516,2.2880014946615876,0.0,0.25785127820847126
replete,20.02,0.0,0.8729418432253733,22.885159372079475,14.24189878469516,2.2885159372079475,0.0,0.25659186571987636
replete,20.04,0.0,0.8678225701093003,22.890278645195547,14.24189878469516,2.2890278645195545,0.0,0.2553360458541381
replete,20.060000000000002,0.0,0.8627283773452362,22.89537283795961,14.24189878469516,2.289537283795961,0.0,0.2540838328758087
replete,20.08,0.0,0.8576591926548424,22.900442022650005,14.24189878469516,2.2900442022650003,0.0,0.25283524080314485
replete,20.1,0.0,0.8526149434818706,22.905486271822976,14.24189878469516,2.2905486271822975,0.0,0.2515902834082869
replete,20.12,0.0,0.8475955569970953,22.910505658307752,14.24189878469516,2.2910505658307754,0.0,0.2503489742174712
replete,20.14,0.0,0.8426009601032199,22.91550025520163,14.24189878469516,2.291550025520163,0.0,0.24911132651126736
replete,20.16,0.0,0.8376310794397918,22.920470135865056,14.24189878469516,2.2920470135865054,0.0,0.24787735332484614
replete,20.18,0.0,0.8326858413881062,22.925415373916742,14.24189878469516,2.292541537391674,0.0,0.24664706744827677
replete,20.200000000000003,0.0,0.8277651720761048,22.930336043228742,14.24189878469516,2.2930336043228743,0.0,0.24542048142685063
replete,20.22,0.0,0.8228689973832715,22.935232217921577,14.24189878469516,2.2935232217921575,0.0,0.24419760756143571
replete,20.240000000000002,0.0,0.8179972429455079,22.94010397235934,14.24189878469516,2.294010397235934,0.0,0.24297845790885456
replete,20.259999999999998,0.0,0.8131498341600233,22.944951381144826,14.24189878469516,2.2944951381144825,0.0,0.24176304428229592
replete,20.28,0.0,0.8083266961901889,22.94977451911466,14.24189878469516,2.294977451911466,0.0,0.24055137825174688
replete,20.3,0.0,0.8035277539704105,22.954573461334437,14.24189878469516,2.2954573461334435,0.0,0.23934347114445864
replete,20.32,0.0,0.7987529322109687,22.959348283093878,14.24189878469516,2.2959348283093877,0.0,0.23813933404543372
replete,20.34,0.0,0.7940021554028629,22.964099059901983,14.24189878469516,2.296409905990198,0.0,0.23693897779794273
replete,20.36,0.0,0.7892753478226402,22.968825867482206,14.24189878469516,2.2968825867482208,0.0,0.23574241300406626
replete,20.380000000000003,0.0,0.7845724335372124,22.973528781767634,14.24189878469516,2.2973528781767634,0.0,0.2345496500252631
replete,20.4,0.0,0.7798933364086666,22.97820787889618,14.24189878469516,2.2978207878896177,0.0,0.23336069898296452
replete,20.42,0.0,0.7752379800990509,22.982863235205794,14.24189878469516,2.2982863235205793,0.0,0.23217556975919137
replete,20.439999999999998,0.0,0.7706062880751677,22.98749492722968,14.24189878469516,2.298749492722968,0.0,0.23099427199720138
replete,20.46,0.0,0.7659981836133306,22.992103031691514,14.24189878469516,2.2992103031691515,0.0,0.2298168151021545
replete,20.48,0.0,0.7614135898041303,22.996687625500716,14.24189878469516,2.2996687625500716,0.0,0.22864320824180953
replete,20.5,0.0,0.7568524295571675,23.00124878574768,14.24189878469516,2.300124878574768,0.0,0.2274734603472397
replete,20.52,0.0,0.7523146256057827,23.005786589699063,14.24189878469516,2.3005786589699064,0.0,0.22630758011357469
replete,20.54,0.0,0.7478001005117669,23.01030111479308,14.24189878469516,2.301030111479308,0.0,0.22514557600076535
replete,20.560000000000002,0.0,0.7433087766700567,23.01479243863479,14.24189878469516,2.301479243863479,0.0,0.22398745623437208
replete,20.58,0.0,0.7388405763134178,23.01926063899143,14.24189878469516,2.301926063899143,0.0,0.22283322880637696
replete,20.6,0.0,0.7343954215170995,23.023705793787748,14.24189878469516,2.302370579378775,0.0,0.2216829014760146
replete,20.62,0.0,0.729973234203492,23.028127981101356,14.24189878469516,2.3028127981101356,0.0,0.22053648177063173
replete,20.64,0.0,0.7255739361467478,23.0325272791581,14.24189878469516,2.30325272791581,0.0,0.2193939769865625
replete,20.66,0.0,0.7211974489773954,23.036903766327452,14.24189878469516,2.303690376632745,0.0,0.21825539419002912
replete,20.68,0.0,0.7168436941869324,23.041257521117913,14.24189878469516,2.3041257521117915,0.0,0.21712074021806266
replete,20.700000000000003,0.0,0.7125125931323993,23.04558862217245,14.24189878469516,2.304558862217245,0.0,0.21599002167944473
replete,20.72,0.0,0.7082040670409389,23.04989714826391,14.24189878469516,2.304989714826391,0.0,0.2148632449556708
replete,20.740000000000002,0.0,0.7039180370143224,23.054183178290526,14.24189878469516,2.3054183178290524,0.0,0.21374041620193088
replete,20.759999999999998,0.0,0.699654424033479,23.05844679127137,14.24189878469516,2.3058446791271368,0.0,0.21262154134811542
replete,20.78,0.0,0.6954131489629781,23.06268806634187,14.24189878469516,2.306268806634187,0.0,0.21150662609983462
replete,20.8,0.0,0.6911941325555163,23.06690708274933,14.24189878469516,2.306690708274933,0.0,0.21039567593946265
replete,20.82,0.0,0.6869972954563633,23.071103919848486,14.24189878469516,2.307110391984849,0.0,0.20928869612719686
replete,20.84,0.0,0.6828225582077984,23.07527865709705,14.24189878469516,2.307527865709705,0.0,0.2081856917021374
replete,20.86,0.0,0.6786698412535206,23.079431374051328,14.24189878469516,2.307943137405133,0.0,0.2070866674833854
replete,20.880000000000003,0.0,0.6745390649430372,23.08356215036181,14.24189878469516,2.308356215036181,0.0,0.20599162807115742
replete,20.9,0.0,0.6704301495360331,23.087671065768816,14.24189878469516,2.3087671065768816,0.0,0.2049005778479204
replete,20.92,0.0,0.6663430152067069,23.09175820009814,14.24189878469516,2.309175820009814,0.0,0.20381352097953925
replete,20.939999999999998,0.0,0.662277582048102,23.095823633256746,14.24189878469516,2.3095823633256747,0.0,0.2027304614164476
replete,20.96,0.0,0.6582337700763919,23.09986744522846,14.24189878469516,2.309986744522846,0.0,0.2016514028948283
replete,20.98,0.0,0.6542114992351639,23.103889716069684,14.24189878469516,2.3103889716069683,0.0,0.20057634893781637
replete,21.0,0.0,0.65021068939966,23.10789052590519,14.24189878469516,2.3107890525905193,0.0,0.19950530285671297
replete,21.02,0.0,0.646231260381005,23.111869954923844,14.24189878469516,2.3111869954923843,0.0,0.1984382677522178
replete,21.04,0.0,0.6422731319304055,23.115828083374442,14.24189878469516,2.311582808337444,0.0,0.19737524651567567
replete,21.060000000000002,0.0,0.6383362237433234,23.119764991561524,14.24189878469516,2.3119764991561524,0.0,0.19631624183033783
replete,21.08,0.0,0.6344204554636288,23.12368075984122,14.24189878469516,2.3123680759841223,0.0,0.19526125617263884
replete,21.1,0.0,0.6305257466877157,23.12757546861713,14.24189878469516,2.312757546861713,0.0,0.19421029181348481
replete,21.12,0.0,0.626652016968609,23.131449198336238,14.24189878469516,2.313144919833624,0.0,0.19316335081955982
replete,21.14,0.0,0.6227991858200287,23.13530202948482,14.24189878469516,2.313530202948482,0.0,0.19212043505464166
replete,21.16,0.0,0.6189671727204377,23.139134042584413,14.24189878469516,2.3139134042584413,0.0,0.1910815461809328
replete,21.18,0.0,0.6151558971170594,23.14294531818779,14.24189878469516,2.314294531818779,0.0,0.190046685660404
replete,21.200000000000003,0.0,0.6113652784298685,23.14673593687498,14.24189878469516,2.314673593687498,0.0,0.18901585475614963
replete,21.22,0.0,0.6075952360555575,23.150505979249292,14.24189878469516,2.3150505979249294,0.0,0.18798905453375664
replete,21.240000000000002,0.0,0.6038456893714663,23.154255525933383,14.24189878469516,2.3154255525933385,0.0,0.186966285862682
replete,21.259999999999998,0.0,0.6001165577395006,23.157984657565347,14.24189878469516,2.3157984657565347,0.0,0.18594754941764643
replete,21.28,0.0,0.5964077605100019,23.161693454794847,14.24189878469516,2.3161693454794845,0.0,0.18493284568003376
replete,21.3,0.0,0.5927192170256105,23.165381998279237,14.24189878469516,2.3165381998279235,0.0,0.18392217493930624
replete,21.32,0.0,0.5890508466250821,23.169050368679766,14.24189878469516,2.3169050368679764,0.0,0.182915537294426
replete,21.34,0.0,0.585402568647087,23.17269864665776,14.24189878469516,2.317269864665776,0.0,0.18191293265528907
replete,21.36,0.0,0.5817743024339759,23.176326912870874,14.24189878469516,2.3176326912870873,0.0,0.18091436074416822
replete,21.380000000000003,0.0,0.578165967335518,23.179935247969333,14.24189878469516,2.3179935247969334,0.0,0.1799198210971654
replete,21.4,0.0,0.574577482712612,23.18352373259224,14.24189878469516,2.318352373259224,0.0,0.17892931306567372
replete,21.42,0.0,0.5710087679409597,23.18709244736389,14.24189878469516,2.318709244736389,0.0,0.17794283581784606
replete,21.439999999999998,0.0,0.5674597424147245,23.190641472890125,14.24189878469516,2.3190641472890126,0.0,0.1769603883400762
replete,21.46,0.0,0.5639303255501426,23.194170889754705,14.24189878469516,2.3194170889754706,0.0,0.17598196943848277
replete,21.48,0.0,0.5604204367891219,23.19768077851573,14.24189878469516,2.319768077851573,0.0,0.17500757774040618
replete,21.5,0.0,0.5569299956027969,23.20117121970205,14.24189878469516,2.3201171219702053,0.0,0.1740372116959088
replete,21.52,0.0,0.5534589214950612,23.204642293809787,14.24189878469516,2.3204642293809785,0.0,0.1730708695792848
replete,21.54,0.0,0.5500071340060678,23.208094081298782,14.24189878469516,2.320809408129878,0.0,0.17210854949057577
replete,21.560000000000002,0.0,0.5465745527156982,23.21152666258915,14.24189878469516,2.3211526662589153,0.0,0.17115024935709283
replete,21.58,0.0,0.5431610972470043,23.214940118057843,14.24189878469516,2.3214940118057843,0.0,0.17019596693494618
replete,21.6,0.0,0.5397666872696113,23.21833452803524,14.24189878469516,2.321833452803524,0.0,0.16924569981057727
replete,21.62,0.0,0.5363912425031031,23.221709972801747,14.24189878469516,2.3221709972801747,0.0,0.16829944540230124
replete,21.64,0.0,0.5330346827203638,23.225066532584485,14.24189878469516,2.3225066532584484,0.0,0.16735720096185042
replete,21.66,0.0,0.529696927750896,23.228404287553953,14.24189878469516,2.3228404287553954,0.0,0.16641896357592478
replete,21.68,0.0,0.526377897484106,23.231723317820745,14.24189878469516,2.3231723317820743,0.0,0.16548473016774692
replete,21.700000000000003,0.0,0.5230775118725566,23.235023703432294,14.24189878469516,2.3235023703432294,0.0,0.1645544974986209
replete,21.72,0.0,0.5197956909351927,23.238305524369657,14.24189878469516,2.3238305524369656,0.0,0.1636282621694958
replete,21.740000000000002,0.0,0.5165323547605275,23.241568860544323,14.24189878469516,2.3241568860544324,0.0,0.1627060206225316
replete,21.759999999999998,0.0,0.5132874235098097,23.24481379179504,14.24189878469516,2.324481379179504,0.0,0.161787769142671
replete,21.78,0.0,0.5100608174201439,23.248040397884704,14.24189878469516,2.3248040397884706,0.0,0.16087350385921112
replete,21.8,0.0,0.5068524568075959,23.251248758497255,14.24189878469516,2.3251248758497254,0.0,0.15996322074738176
replete,21.82,0.0,0.5036622620702527,23.254438953234597,14.24189878469516,2.3254438953234597,0.0,0.15905691562992322
replete,21.84,0.0,0.500490153691258,23.25761106161359,14.24189878469516,2.3257611061613592,0.0,0.1581545841786677
replete,21.86,0.0,0.4973360522418152,23.260765163063034,14.24189878469516,2.3260765163063035,0.0,0.15725622191612296
replete,21.880000000000003,0.0,0.494199878384157,23.263901336920693,14.24189878469516,2.3263901336920694,0.0,0.15636182421705735
replete,21.9,0.0,0.49108155287448696,23.26701966243036,14.24189878469516,2.326701966243036,0.0,0.15547138631008695
replete,21.92,0.0,0.48798099656588095,23.270120218738967,14.24189878469516,2.3270120218738968,0.0,0.15458490327926191
replete,21.939999999999998,0.0,0.4848981304111704,23.27320308489368,14.24189878469516,2.327320308489368,0.0,0.15370237006565765
replete,21.96,0.0,0.4818328754657776,23.276268339839074,14.24189878469516,2.3276268339839072,0.0,0.15282378146896167
replete,21.98,0.0,0.4787851528905354,23.279316062414313,14.24189878469516,2.3279316062414313,0.0,0.1519491321490662
replete,22.0,0.0,0.47575488395446147,23.28234633135039,14.24189878469516,2.3282346331350388,0.0,0.15107841662765645
replete,22.02,0.0,0.47274199003750894,23.285359225267342,14.24189878469516,2.328535922526734,0.0,0.15021162928980145
replete,22.04,0.0,0.4697463926332826,23.288354822671568,14.24189878469516,2.3288354822671566,0.0,0.1493487643855439
replete,22.06,0.0,0.4667680133517233,23.291333201953126,14.24189878469516,2.3291333201953126,0.0,0.14848981603148925
replete,22.080000000000002,0.0,0.4638067739217606,23.29429444138309,14.24189878469516,2.329429444138309,0.0,0.14763477821239404
replete,22.1,0.0,0.4608625961939355,23.297238619110917,14.24189878469516,2.329723861911092,0.0,0.14678364478275394
replete,22.12,0.0,0.4579354021429871,23.300165813161865,14.24189878469516,2.3300165813161864,0.0,0.14593640946838876
replete,22.14,0.0,0.45502511387041217,23.30307610143444,14.24189878469516,2.3303076101434437,0.0,0.145093065868028
replete,22.16,0.0,0.4521316536069904,23.30596956169786,14.24189878469516,2.330596956169786,0.0,0.14425360745489313
replete,22.18,0.0,0.44925494371527924,23.308846271589573,14.24189878469516,2.3308846271589574,0.0,0.14341802757827882
replete,22.2,0.0,0.4463949066920761,23.311706308612774,14.24189878469516,2.331170630861277,0.0,0.14258631946513134
replete,22.22,0.0,0.44355146517085,23.314549750134002,14.24189878469516,2.3314549750134,0.0,0.14175847622162518
replete,22.240000000000002,0.0,0.44072454192414046,23.31737667338071,14.24189878469516,2.331737667338071,0.0,0.14093449083473628
replete,22.26,0.0,0.4379140598659279,23.320187155438923,14.24189878469516,2.3320187155438923,0.0,0.14011435617381338
replete,22.28,0.0,0.4351199420539676,23.322981273250882,14.24189878469516,2.332298127325088,0.0,0.13929806499214503
replete,22.3,0.0,0.43234211169209685,23.325759103612754,14.24189878469516,2.3325759103612755,0.0,0.13848560992852468
replete,22.32,0.0,0.42958049213250926,23.328520723172343,14.24189878469516,2.3328520723172343,0.0,0.13767698350881136
replete,22.34,0.0,0.4268350068779975,23.331266208426854,14.24189878469516,2.3331266208426853,0.0,0.13687217814748714
replete,22.36,0.0,0.4241055795841655,23.333995635720683,14.24189878469516,2.333399563572068,0.0,0.13607118614921065
replete,22.38,0.0,0.42139213406160925,23.33670908124324,14.24189878469516,2.333670908124324,0.0,0.1352739997103665
replete,22.4,0.0,0.418694594278067,23.339406621026782,14.24189878469516,2.333940662102678,0.0,0.1344806109206102
replete,22.42,0.0,0.41601288436053774,23.34208833094431,14.24189878469516,2.334208833094431,0.0,0.13369101176440923
replete,22.44,0.0,0.4133469285973717,23.344754286707477,14.24189878469516,2.3344754286707476,0.0,0.13290519412257934
replete,22.46,0.0,0.4106966514403252,23.347404563864522,14.24189878469516,2.3347404563864522,0.0,0.13212314977381528
replete,22.48,0.0,0.40806197750658946,23.35003923779826,14.24189878469516,2.335003923779826,0.0,0.13134487039621762
replete,22.5,0.0,0.405442831580787,23.352658383724062,14.24189878469516,2.3352658383724063,0.0,0.13057034756881378
replete,22.52,0.0,0.4028391386169379,23.35526207668791,14.24189878469516,2.3355262076687913,0.0,0.12979957277307405
replete,22.54,0.0,0.40025082374039583,23.357850391564455,14.24189878469516,2.3357850391564456,0.0,0.12903253739442203
replete,22.56,0.0,0.39767781224975396,23.360423403055098,14.24189878469516,2.33604234030551,0.0,0.1282692327237393
replete,22.580000000000002,0.0,0.3951200296187202,23.36298118568613,14.24189878469516,2.336298118568613,0.0,0.12750964995886432
replete,22.6,0.0,0.39257740149796505,23.365523813806888,14.24189878469516,2.336552381380689,0.0,0.12675378020608608
replete,22.62,0.0,0.390049853716935,23.368051361587916,14.24189878469516,2.336805136158792,0.0,0.12600161448163
replete,22.64,0.0,0.38753731228564087,23.37056390301921,14.24189878469516,2.337056390301921,0.0,0.1252531437131394
replete,22.66,0.0,0.3850397033964139,23.37306151190844,14.24189878469516,2.3373061511908437,0.0,0.12450835874114927
replete,22.68,0.0,0.3825569534256337,23.37554426187922,14.24189878469516,2.337554426187922,0.0,0.12376725032055433
replete,22.7,0.0,0.38008898893542603,23.378012226369428,14.24189878469516,2.337801222636943,0.0,0.12302980912206979
replete,22.72,0.0,0.37763573667533223,23.38046547862952,14.24189878469516,2.338046547862952,0.0,0.12229602573368556
replete,22.740000000000002,0.0,0.37519712358394847,23.382904091720903,14.24189878469516,2.33829040917209,0.0,0.1215658906621135
replete,22.76,0.0,0.3727730767905387,23.385328138514314,14.24189878469516,2.3385328138514314,0.0,0.12083939433422777
replete,22.78,0.0,0.3703635236166147,23.387737691688237,14.24189878469516,2.3387737691688235,0.0,0.12011652709849734
replete,22.8,0.0,0.36796839157749117,23.39013282372736,14.24189878469516,2.339013282372736,0.0,0.11939727922641183
replete,22.82,0.0,0.3655876083838113,23.39251360692104,14.24189878469516,2.3392513606921037,0.0,0.11868164091389967
replete,22.84,0.0,0.36322110194304347,23.394880113361808,14.24189878469516,2.3394880113361807,0.0,0.11796960228273848
replete,22.86,0.0,0.36086880036095015,23.3972324149439,14.24189878469516,2.33972324149439,0.0,0.11726115338195803
replete,22.88,0.0,0.3585306319430293,23.39957058336182,14.24189878469516,2.339957058336182,0.0,0.11655628418923537
replete,22.9,0.0,0.3562065251959271,23.401894690108925,14.24189878469516,2.3401894690108924,0.0,0.11585498461228179
replete,22.92,0.0,0.35389640882882345,23.404204806476027,14.24189878469516,2.3404204806476026,0.0,0.11515724449022213
replete,22.94,0.0,0.3516002117547912,23.40650100355006,14.24189878469516,2.3406501003550058,0.0,0.114463053594966
replete,22.96,0.0,0.3493178630921248,23.408783352212726,14.24189878469516,2.3408783352212725,0.0,0.11377240163257014
replete,22.98,0.0,0.34704929216564506,23.411051923139205,14.24189878469516,2.3411051923139206,0.0,0.1130852782445931
replete,23.0,0.0,0.3447944285079753,23.413306786796873,14.24189878469516,2.3413306786796872,0.0,0.11240167300944155
replete,23.02,0.0,0.34255320186079125,23.41554801344406,14.24189878469516,2.341554801344406,0.0,0.1117215754437078
replete,23.04,0.0,0.34032554217604377,23.417775673128805,14.24189878469516,2.3417775673128807,0.0,0.1110449750034988
replete,23.06,0.0,0.3381113796171554,23.419989835687694,14.24189878469516,2.3419989835687693,0.0,0.11037186108575654
replete,23.080000000000002,0.0,0.33591064456019026,23.42219057074466,14.24189878469516,2.342219057074466,0.0,0.10970222302956968
replete,23.1,0.0,0.33372326759499943,23.42437794770985,14.24189878469516,2.342437794770985,0.0,0.10903605011747679
replete,23.12,0.0,0.3315491795263368,23.426552035778514,14.24189878469516,2.342655203577851,0.0,0.10837333157675963
replete,23.14,0.0,0.32938831137495284,23.428712903929895,14.24189878469516,2.3428712903929894,0.0,0.1077140565807286
replete,23.16,0.0,0.327240594378661,23.430860620926186,14.24189878469516,2.3430860620926186,0.0,0.10705821424999849
replete,23.18,0.0,0.3251059599933786,23.43299525531147,14.24189878469516,2.343299525531147,0.0,0.1064057936537555
replete,23.2,0.0,0.32298433989414327,23.435116875410706,14.24189878469516,2.3435116875410706,0.0,0.10575678381101489
replete,23.22,0.0,0.32087566597610356,23.437225549328744,14.24189878469516,2.3437225549328744,0.0,0.10511117369186934
replete,23.240000000000002,0.0,0.31877987035548455,23.439321344949363,14.24189878469516,2.343932134494936,0.0,0.10446895221872805
replete,23.26,0.0,0.316696885370531,23.441404329934315,14.24189878469516,2.3441404329934317,0.0,0.10383010826754722
replete,23.28,0.0,0.31462664358242176,23.443474571722426,14.24189878469516,2.3443474571722427,0.0,0.10319463066904971
replete,23.3,0.0,0.3125690777761637,23.445532137528684,14.24189878469516,2.344553213752868,0.0,0.10256250820993633
replete,23.32,0.0,0.31052412096146004,23.447577094343387,14.24189878469516,2.344757709434339,0.0,0.10193372963408764
replete,23.34,0.0,0.3084917063735545,23.449609508931292,14.24189878469516,2.344960950893129,0.0,0.10130828364375558
replete,23.36,0.0,0.30647176747405236,23.451629447830793,14.24189878469516,2.3451629447830795,0.0,0.10068615890074613
replete,23.38,0.0,0.30446423795171723,23.45363697735313,14.24189878469516,2.345363697735313,0.0,0.10006734402759196
replete,23.400000000000002,0.0,0.302469051723245,23.4556321635816,14.24189878469516,2.34556321635816,0.0,0.09945182760871554
replete,23.42,0.0,0.30048614293401543,23.45761507237083,14.24189878469516,2.345761507237083,0.0,0.098839598191583
replete,23.44,0.0,0.29851544595881807,23.459585769346027,14.24189878469516,2.3459585769346027,0.0,0.09823064428784717
replete,23.46,0.0,0.29655689540255836,23.461544319902288,14.24189878469516,2.3461544319902288,0.0,0.09762495437448201
replete,23.48,0.0,0.29461042610093974,23.463490789203906,14.24189878469516,2.3463490789203907,0.0,0.09702251689490665
replete,23.5,0.0,0.2926759731211234,23.465425242183723,14.24189878469516,2.346542524218372,0.0,0.09642332026009977
replete,23.52,0.0,0.2907534717623664,23.46734774354248,14.24189878469516,2.346734774354248,0.0,0.0958273528497042
replete,23.54,0.0,0.2888428575566368,23.46925835774821,14.24189878469516,2.346925835774821,0.0,0.09523460301312137
replete,23.56,0.0,0.2869440662692083,23.471157149035637,14.24189878469516,2.3471157149035635,0.0,0.09464505907059635
replete,23.580000000000002,0.0,0.28505703389923187,23.473044181405612,14.24189878469516,2.347304418140561,0.0,0.09405870931429253
replete,23.6,0.0,0.28318169668028814,23.474919518624557,14.24189878469516,2.3474919518624557,0.0,0.09347554200935697
replete,23.62,0.0,0.2813179910809151,23.47678322422393,14.24189878469516,2.347678322422393,0.0,0.09289554539497494
replete,23.64,0.0,0.2794658538051184,23.478635361499727,14.24189878469516,2.3478635361499727,0.0,0.09231870768541534
replete,23.66,0.0,0.27762522179285876,23.480475993511988,14.24189878469516,2.3480475993511987,0.0,0.09174501707106589
replete,23.68,0.0,0.2757960322205194,23.48230518308433,14.24189878469516,2.3482305183084327,0.0,0.0911744617194582
replete,23.7,0.0,0.27397822250135295,23.484122992803492,14.24189878469516,2.348412299280349,0.0,0.09060702977628318
replete,23.72,0.0,0.27217173028590846,23.485929485018936,14.24189878469516,2.3485929485018935,0.0,0.0900427093663963
replete,23.740000000000002,0.0,0.27037649346243736,23.487724721842408,14.24189878469516,2.348772472184241,0.0,0.08948148859481266
replete,23.76,0.0,0.268592450157282,23.489508765147562,14.24189878469516,2.348950876514756,0.0,0.08892335554769297
replete,23.78,0.0,0.266819538735241,23.491281676569603,14.24189878469516,2.34912816765696,0.0,0.0883682982933183
replete,23.8,0.0,0.26505769779991833,23.493043517504926,14.24189878469516,2.349304351750493,0.0,0.08781630488305579
replete,23.82,0.0,0.263306866194052,23.494794349110794,14.24189878469516,2.3494794349110792,0.0,0.08726736335231429
replete,23.84,0.0,0.2615669829998233,23.49653423230502,14.24189878469516,2.349653423230502,0.0,0.08672146172148958
replete,23.86,0.0,0.259837987539148,23.498263227765698,14.24189878469516,2.3498263227765697,0.0,0.08617858799690024
replete,23.88,0.0,0.2581198193739486,23.499981395930895,14.24189878469516,2.3499981395930893,0.0,0.08563873017171326
replete,23.900000000000002,0.0,0.2564124183064078,23.501688796998437,14.24189878469516,2.3501688796998437,0.0,0.08510187622685964
replete,23.92,0.0,0.2547157243792055,23.503385490925638,14.24189878469516,2.3503385490925637,0.0,0.08456801413194073
replete,23.94,0.0,0.25302967787573416,23.50507153742911,14.24189878469516,2.350507153742911,0.0,0.08403713184612352
replete,23.96,0.0,0.25135421932030055,23.506746995984546,14.24189878469516,2.3506746995984544,0.0,0.08350921731902722
replete,23.98,0.0,0.24968928947830696,23.50841192582654,14.24189878469516,2.350841192582654,0.0,0.08298425849159938
replete,24.0,0.0,0.24803482935641635,23.51006638594843,14.24189878469516,2.351006638594843,0.0,0.08246224329698237
replete,24.02,0.0,0.24639078020269967,23.511710435102145,14.24189878469516,2.3511710435102144,0.0,0.08194315966136997
replete,24.04,0.0,0.24475708350676645,23.513344131798082,14.24189878469516,2.351334413179808,0.0,0.08142699550485413
replete,24.06,0.0,0.24313368099987842,23.51496753430497,14.24189878469516,2.3514967534304967,0.0,0.08091373874226208
replete,24.080000000000002,0.0,0.2415205146550462,23.5165807006498,14.24189878469516,2.35165807006498,0.0,0.08040337728398368
replete,24.1,0.0,0.239917526687111,23.518183688617736,14.24189878469516,2.3518183688617738,0.0,0.07989589903678922
replete,24.12,0.0,0.23832465955280732,23.51977655575204,14.24189878469516,2.3519776555752037,0.0,0.0793912919046369
replete,24.14,0.0,0.2367418559508121,23.521359359354033,14.24189878469516,2.3521359359354035,0.0,0.07888954378947152
replete,24.16,0.0,0.23516905882177705,23.52293215648307,14.24189878469516,2.3522932156483067,0.0,0.07839064259201296
replete,24.18,0.0,0.2336062113483452,23.524495003956503,14.24189878469516,2.3524495003956503,0.0,0.07789457621253537
replete,24.2,0.0,0.23205325695515208,23.526047958349693,14.24189878469516,2.3526047958349694,0.0,0.07740133255163648
replete,24.22,0.0,0.23051013930881178,23.527591075996035,14.24189878469516,2.3527591075996037,0.0,0.07691089951099783
replete,24.240000000000002,0.0,0.22897680231788736,23.52912441298696,14.24189878469516,2.352912441298696,0.0,0.07642326499413504
replete,24.26,0.0,0.22745319013284782,23.530648025172,14.24189878469516,2.3530648025172,0.0,0.0759384169071392
replete,24.28,0.0,0.22593924714600766,23.53216196815884,14.24189878469516,2.353216196815884,0.0,0.07545634315940809
replete,24.3,0.0,0.22443491799145465,23.533666297313392,14.24189878469516,2.3533666297313394,0.0,0.07497703166436862
replete,24.32,0.0,0.22294014754496178,23.535161067759883,14.24189878469516,2.3535161067759884,0.0,0.0745004703401898
replete,24.34,0.0,0.22145488092388532,23.53664633438096,14.24189878469516,2.353664633438096,0.0,0.07402664711048637
replete,24.36,0.0,0.21997906348704904,23.538122151817795,14.24189878469516,2.3538122151817795,0.0,0.07355554990501302
replete,24.38,0.0,0.21851264083461447,23.53958857447023,14.24189878469516,2.353958857447023,0.0,0.07308716666034971
replete,24.400000000000002,0.0,0.2170555588079374,23.54104565649691,14.24189878469516,2.354104565649691,0.0,0.07262148532057747
replete,24.42,0.0,0.21560776348941219,23.542493451815435,14.24189878469516,2.3542493451815436,0.0,0.07215849383794563
replete,24.44,0.0,0.2141692012023003,23.543932014102545,14.24189878469516,2.3543932014102547,0.0,0.07169818017352918
replete,24.46,0.0,0.21273981851054824,23.5453613967943,14.24189878469516,2.3545361396794298,0.0,0.07124053229787758
replete,24.48,0.0,0.21131956221859147,23.546781653086253,14.24189878469516,2.3546781653086253,0.0,0.07078553819165477
replete,24.5,0.0,0.20990837937114573,23.5481928359337,14.24189878469516,2.35481928359337,0.0,0.07033318584626976
replete,24.52,0.0,0.20850621725298596,23.54959499805186,14.24189878469516,2.3549594998051857,0.0,0.06988346326449864
replete,24.54,0.0,0.20711302338871282,23.550988191916133,14.24189878469516,2.355098819191613,0.0,0.06943635846109766
replete,24.56,0.0,0.20572874554250697,23.55237246976234,14.24189878469516,2.355237246976234,0.0,0.06899185946340745
replete,24.580000000000002,0.0,0.2043533317178712,23.553747883586972,14.24189878469516,2.3553747883586973,0.0,0.06854995431194853
replete,24.6,0.0,0.2029867301573619,23.55511448514748,14.24189878469516,2.355511448514748,0.0,0.06811063106100845
replete,24.62,0.0,0.20162888934230655,23.556472325962538,14.24189878469516,2.3556472325962536,0.0,0.06767387777921959
replete,24.64,0.0,0.200279757992512,23.557821457312333,14.24189878469516,2.3557821457312333,0.0,0.06723968255012891
replete,24.66,0.0,0.19893928506596023,23.559161930238883,14.24189878469516,2.355916193023888,0.0,0.06680803347275911
replete,24.68,0.0,0.19760741975849355,23.56049379554635,14.24189878469516,2.356049379554635,0.0,0.06637891866216124
replete,24.7,0.0,0.19628411150348832,23.561817103801356,14.24189878469516,2.3561817103801355,0.0,0.06595232624995868
replete,24.72,0.0,0.19496930997151832,23.563131905333325,14.24189878469516,2.3563131905333323,0.0,0.06552824438488312
replete,24.740000000000002,0.0,0.1936629650700069,23.564438250234836,14.24189878469516,2.356443825023484,0.0,0.0651066612333018
replete,24.76,0.0,0.1923650269428701,23.56573618836197,14.24189878469516,2.356573618836197,0.0,0.06468756497973713
replete,24.78,0.0,0.19107544597014703,23.567025769334695,14.24189878469516,2.3567025769334693,0.0,0.06427094382737712
replete,24.8,0.0,0.18979417276762237,23.56830704253722,14.24189878469516,2.356830704253722,0.0,0.06385678599857857
replete,24.82,0.0,0.1885211581864379,23.569580057118404,14.24189878469516,2.3569580057118404,0.0,0.06344507973536173
replete,24.84,0.0,0.1872563533126942,23.570844861992146,14.24189878469516,2.3570844861992146,0.0,0.063035813299897
replete,24.86,0.0,0.18599970946704308,23.572101505837797,14.24189878469516,2.3572101505837795,0.0,0.06262897497498364
replete,24.88,0.0,0.18475117820427003,23.57335003710057,14.24189878469516,2.357335003710057,0.0,0.06222455306452045
replete,24.900000000000002,0.0,0.18351071131286756,23.574590503991974,14.24189878469516,2.3574590503991972,0.0,0.061822535893968855
replete,24.92,0.0,0.18227826081460016,23.575822954490242,14.24189878469516,2.357582295449024,0.0,0.061422911810808105
replete,24.94,0.0,0.18105377896405817,23.577047436340784,14.24189878469516,2.3577047436340783,0.0,0.061025669184982305
replete,24.96,0.0,0.1798372182482049,23.578263997056638,14.24189878469516,2.357826399705664,0.0,0.06063079640934026
replete,24.98,0.0,0.17862853138591409,23.579472683918926,14.24189878469516,2.3579472683918925,0.0,0.060238281900067595
replete,25.0,0.0,0.17742767132749884,23.58067354397734,14.24189878469516,2.358067354397734,0.0,0.059848114097111146
replete,25.02,0.0,0.17623459125423221,23.58186662405061,14.24189878469516,2.358186662405061,0.0,0.05946028146459592
replete,25.04,0.0,0.1750492445778596,23.58305197072698,14.24189878469516,2.3583051970726983,0.0,0.059074772491234606
replete,25.06,0.0,0.17387158494010282,23.58422963036474,14.24189878469516,2.3584229630364737,0.0,0.058691575690729705
replete,25.080000000000002,0.0,0.17270156621215635,23.585399649092686,14.24189878469516,2.3585399649092684,0.0,0.058310679602168194
replete,25.1,0.0,0.1715391424941764,23.586562072810665,14.24189878469516,2.3586562072810664,0.0,0.05793207279040938
replete,25.12,0.0,0.17038426811476048,23.58771694719008,14.24189878469516,2.358771694719008,0.0,0.057555743846464724
replete,25.14,0.0,0.1692368976304215,23.58886431767442,14.24189878469516,2.3588864317674423,0.0,0.057181681387871344
replete,25.16,0.0,0.16809698582505322,23.59000422947979,14.24189878469516,2.359000422947979,0.0,0.056809874059057935
replete,25.18,0.0,0.16696448770938896,23.59113672759545,14.24189878469516,2.359113672759545,0.0,0.0564403105317038
replete,25.2,0.0,0.16583935852045303,23.59226185678439,14.24189878469516,2.359226185678439,0.0,0.05607297950509105
replete,25.22,0.0,0.16472155372100517,23.593379661583835,14.24189878469516,2.3593379661583835,0.0,0.055707869706449586
replete,25.240000000000002,0.0,0.163611028998978,23.594490186305862,14.24189878469516,2.359449018630586,0.0,0.055344969891295503
replete,25.26,0.0,0.1625077402669088,23.595593475037933,14.24189878469516,2.3595593475037933,0.0,0.054984268843762785
replete,25.28,0.0,0.16141164366136274,23.596689571643477,14.24189878469516,2.359668957164348,0.0,0.054625755376927876
replete,25.3,0.0,0.16032269554235143,23.59777851976249,14.24189878469516,2.359777851976249,0.0,0.05426941833312787
replete,25.32,0.0,0.15924085249274467,23.598860362812097,14.24189878469516,2.3598860362812095,0.0,0.0539152465842723
replete,25.34,0.0,0.15816607131767574,23.599935143987164,14.24189878469516,2.3599935143987163,0.0,0.053563229032147865
replete,25.36,0.0,0.15709830904394095,23.6010029062609,14.24189878469516,2.36010029062609,0.0,0.05321335460871725
replete,25.38,0.0,0.1560375229193931,23.602063692385446,14.24189878469516,2.3602063692385444,0.0,0.052865612276411074
replete,25.400000000000002,0.0,0.1549836704123292,23.603117544892513,14.24189878469516,2.3603117544892513,0.0,0.0525199910284137
replete,25.42,0.0,0.15393670921087318,23.60416450609397,14.24189878469516,2.3604164506093968,0.0,0.05217647988894301
replete,25.44,0.0,0.15289659722235152,23.60520461808249,14.24189878469516,2.3605204618082487,0.0,0.05183506791352318
replete,25.46,0.0,0.15186329257266504,23.606237922732177,14.24189878469516,2.3606237922732176,0.0,0.05149574418925212
replete,25.48,0.0,0.15083675360565474,23.607264461699188,14.24189878469516,2.360726446169919,0.0,0.05115849783506241
replete,25.5,0.0,0.14981693888246242,23.608284276422378,14.24189878469516,2.3608284276422378,0.0,0.05082331800197621
replete,25.52,0.0,0.14880380718088654,23.609297408123954,14.24189878469516,2.3609297408123955,0.0,0.05049019387335422
replete,25.54,0.0,0.14779731749473288,23.61030389781011,14.24189878469516,2.361030389781011,0.0,0.0501591146651387
replete,25.56,0.0,0.1467974290331606,23.61130378627168,14.24189878469516,2.361130378627168,0.0,0.04983006962609071
replete,25.580000000000002,0.0,0.14580410122002332,23.612297114084818,14.24189878469516,2.3612297114084817,0.0,0.04950304803802136
replete,25.6,0.0,0.14481729369320662,23.613283921611636,14.24189878469516,2.3613283921611634,0.0,0.04917803921601767
replete,25.62,0.0,0.14383696630395917,23.614264249000883,14.24189878469516,2.3614264249000883,0.0,0.04885503250866222
replete,25.64,0.0,0.14286307911622143,23.61523813618862,14.24189878469516,2.361523813618862,0.0,0.04853401729824762
replete,25.66,0.0,0.1418955924059492,23.616205622898892,14.24189878469516,2.361620562289889,0.0,0.0482149830009853
replete,25.68,0.0,0.14093446666043313,23.617166748644408,14.24189878469516,2.3617166748644407,0.0,0.04789791906720869
replete,25.7,0.0,0.1399796625776143,23.618121552727228,14.24189878469516,2.3618121552727227,0.0,0.04758281498157109
replete,25.72,0.0,0.139031141065396,23.619070074239445,14.24189878469516,2.3619070074239445,0.0,0.04726966026323808
replete,25.740000000000002,0.0,0.13808886324095127,23.620012352063892,14.24189878469516,2.3620012352063893,0.0,0.04695844446607458
replete,25.76,0.0,0.1371527904300279,23.620948424874815,14.24189878469516,2.3620948424874815,0.0,0.04664915717882687
replete,25.78,0.0,0.13622288416624795,23.621878331138596,14.24189878469516,2.3621878331138597,0.0,0.046341788025298966
replete,25.8,0.0,0.1352991061904055,23.62280210911444,14.24189878469516,2.362280210911444,0.0,0.04603632666452426
replete,25.82,0.0,0.13438141844976034,23.62371979685508,14.24189878469516,2.3623719796855083,0.0,0.04573276279093189
replete,25.84,0.0,0.1334697830973284,23.624631432207515,14.24189878469516,2.3624631432207517,0.0,0.045431086134508136
replete,25.86,0.0,0.13256416249116892,23.625537052813673,14.24189878469516,2.362553705281367,0.0,0.045131286460952755
replete,25.88,0.0,0.13166451919366878,23.626436696111174,14.24189878469516,2.3626436696111175,0.0,0.04483335357183044
replete,25.900000000000002,0.0,0.13077081597082355,23.62733039933402,14.24189878469516,2.362733039933402,0.0,0.044537277304717474
replete,25.92,0.0,0.12988301579151643,23.628218199513327,14.24189878469516,2.362821819951333,0.0,0.044243047533343675
replete,25.94,0.0,0.12900108182679287,23.62910013347805,14.24189878469516,2.362910013347805,0.0,0.04395065416772921
replete,25.96,0.0,0.12812497744913406,23.62997623785571,14.24189878469516,2.362997623785571,0.0,0.04366008715431709
replete,25.98,0.0,0.12725466623172707,23.630846549073116,14.24189878469516,2.3630846549073117,0.0,0.04337133647610098
replete,26.0,0.0,0.1263901119477325,23.631711103357112,14.24189878469516,2.363171110335711,0.0,0.04308439215274826
replete,26.02,0.0,0.12553127856954988,23.632569936735294,14.24189878469516,2.3632569936735295,0.0,0.042799244240718765
replete,26.04,0.0,0.12467813026808074,23.633423085036764,14.24189878469516,2.363342308503676,0.0,0.04251588283337892
replete,26.06,0.0,0.1238306314119892,23.634270583892853,14.24189878469516,2.363427058389285,0.0,0.04223429806111153
replete,26.080000000000002,0.0,0.12298874656696059,23.635112468737884,14.24189878469516,2.3635112468737884,0.0,0.04195448009142113
replete,26.1,0.0,0.1221524404949585,23.635948774809886,14.24189878469516,2.3635948774809887,0.0,0.04167641912903533
replete,26.12,0.0,0.12132167815347851,23.636779537151366,14.24189878469516,2.3636779537151367,0.0,0.04140010541600137
replete,26.14,0.0,0.1204964246948014,23.637604790610045,14.24189878469516,2.3637604790610043,0.0,0.041125529231778986
replete,26.16,0.0,0.11967664546524392,23.6384245698396,14.24189878469516,2.36384245698396,0.0,0.040852680893328934
replete,26.18,0.0,0.11886230600440786,23.639238909300435,14.24189878469516,2.3639238909300433,0.0,0.04058155075519737
replete,26.2,0.0,0.11805337204442758,23.640047843260415,14.24189878469516,2.3640047843260414,0.0,0.04031212920959636
replete,26.22,0.0,0.11724980950921587,23.64085140579563,14.24189878469516,2.364085140579563,0.0,0.04004440668648025
replete,26.240000000000002,0.0,0.11645158451370831,23.641649630791136,14.24189878469516,2.3641649630791135,0.0,0.039778373653618145
replete,26.26,0.0,0.11565866336310676,23.642442551941738,14.24189878469516,2.3642442551941736,0.0,0.03951402061666272
replete,26.28,0.0,0.11487101255212023,23.643230202752726,14.24189878469516,2.3643230202752727,0.0,0.039251338119214746
replete,26.3,0.0,0.11408859876420588,23.64401261654064,14.24189878469516,2.3644012616540637,0.0,0.03899031674288434
replete,26.32,0.0,0.11331138887080808,23.644789826434035,14.24189878469516,2.3644789826434036,0.0,0.03873094710734817
replete,26.34,0.0,0.11253934993059653,23.645561865374248,14.24189878469516,2.364556186537425,0.0,0.038473219870403086
replete,26.36,0.0,0.11177244918870341,23.64632876611614,14.24189878469516,2.3646328766116143,0.0,0.03821712572801623
replete,26.38,0.0,0.11101065407595946,23.647090561228886,14.24189878469516,2.3647090561228885,0.0,0.037962655414371334
replete,26.400000000000002,0.0,0.11025393220812907,23.647847283096716,14.24189878469516,2.3647847283096715,0.0,0.037709799701911684
replete,26.42,0.0,0.10950225138514523,23.6485989639197,14.24189878469516,2.36485989639197,0.0,0.037458549401379715
replete,26.44,0.0,0.1087555795903424,23.649345635714504,14.24189878469516,2.3649345635714503,0.0,0.03720889536185273
replete,26.46,0.0,0.10801388498969001,23.650087330315156,14.24189878469516,2.3650087330315155,0.0,0.03696082847077574
replete,26.48,0.0,0.10727713593102466,23.650824079373823,14.24189878469516,2.3650824079373822,0.0,0.03671433965399072
replete,26.5,0.0,0.1065453009432819,23.651555914361566,14.24189878469516,2.3651555914361566,0.0,0.03646941987576263
replete,26.52,0.0,0.10581834873572761,23.65228286656912,14.24189878469516,2.365228286656912,0.0,0.03622606013880221
replete,26.54,0.0,0.10509624819718878,23.65300496710766,14.24189878469516,2.365300496710766,0.0,0.03598425148428555
replete,26.56,0.0,0.1043789683952841,23.653722246909563,14.24189878469516,2.3653722246909563,0.0,0.035743984991870585
replete,26.580000000000002,0.0,0.10366647857565404,23.654434736729193,14.24189878469516,2.3654434736729195,0.0,0.03550525177971039
replete,26.6,0.0,0.10295874816119138,23.65514246714366,14.24189878469516,2.365514246714366,0.0,0.035268043004463706
replete,26.62,0.0,0.10225574675127018,23.65584546855358,14.24189878469516,2.365584546855358,0.0,0.03503234986130194
replete,26.64,0.0,0.10155744412097607,23.656543771183873,14.24189878469516,2.3656543771183873,0.0,0.0347981635839137
replete,26.66,0.0,0.10086381022033569,23.657237405084512,14.24189878469516,2.365723740508451,0.0,0.034565475444506236
replete,26.68,0.0,0.10017481517354639,23.657926400131302,14.24189878469516,2.3657926400131304,0.0,0.034334276753803926
replete,26.7,0.0,0.09949042927820584,23.658610786026642,14.24189878469516,2.365861078602664,0.0,0.034104558861044076
replete,26.72,0.0,0.09881062300454196,23.659290592300305,14.24189878469516,2.3659290592300306,0.0,0.03387631315396987
replete,26.740000000000002,0.0,0.09813536699464268,23.659965848310204,14.24189878469516,2.3659965848310205,0.0,0.03364953105882052
replete,26.76,0.0,0.09746463206168662,23.66063658324316,14.24189878469516,2.366063658324316,0.0,0.03342420404031896
replete,26.78,0.0,0.0967983891891729,23.661302826115673,14.24189878469516,2.366130282611567,0.0,0.033200323601656485
replete,26.8,0.0,0.09613660953015238,23.661964605774696,14.24189878469516,2.3661964605774695,0.0,0.032977881284475125
replete,26.82,0.0,0.09547926440645876,23.66262195089839,14.24189878469516,2.3662621950898393,0.0,0.032756868668847354
replete,26.84,0.0,0.09482632530794015,23.66327488999691,14.24189878469516,2.366327488999691,0.0,0.03253727737325318
replete,26.86,0.0,0.09417776389169122,23.663923451413158,14.24189878469516,2.366392345141316,0.0,0.03231909905455482
replete,26.88,0.0,0.09353355198128575,23.664567663323563,14.24189878469516,2.366456766332356,0.0,0.032102325407968965
replete,26.900000000000002,0.0,0.09289366156600985,23.66520755373884,14.24189878469516,2.366520755373884,0.0,0.03188694816703647
replete,26.92,0.0,0.09225806480009614,23.665843150504752,14.24189878469516,2.366584315050475,0.0,0.03167295910359004
replete,26.94,0.0,0.09162673400195762,23.666474481302888,14.24189878469516,2.366647448130289,0.0,0.03146035002771901
replete,26.96,0.0,0.09099964165342334,23.667101573651422,14.24189878469516,2.366710157365142,0.0,0.03124911278773241
replete,26.98,0.0,0.09037676039897433,23.667724454905873,14.24189878469516,2.366772445490587,0.0,0.03103923927011944
replete,27.0,0.0,0.08975806304498037,23.668343152259865,14.24189878469516,2.3668343152259865,0.0,0.030830721399507852
replete,27.02,0.0,0.08914352255893766,23.66895769274591,14.24189878469516,2.366895769274591,0.0,0.03062355113862013
replete,27.04,0.0,0.0885331120687074,23.669568103236138,14.24189878469516,2.3669568103236136,0.0,0.030417720488227544
replete,27.06,0.0,0.08792680486175525,23.670174410443092,14.24189878469516,2.3670174410443092,0.0,0.03021322148710207
replete,27.080000000000002,0.0,0.08732457438439173,23.670776640920455,14.24189878469516,2.3670776640920455,0.0,0.030010046211966238
replete,27.1,0.0,0.08672639424101419,23.671374821063832,14.24189878469516,2.3671374821063833,0.0,0.029808186777441167
replete,27.12,0.0,0.08613223819334867,23.671968977111497,14.24189878469516,2.3671968977111497,0.0,0.029607635335992186
replete,27.14,0.0,0.08554208015969406,23.672559135145153,14.24189878469516,2.3672559135145153,0.0,0.02940838407787289
replete,27.16,0.0,0.08495589421416673,23.67314532109068,14.24189878469516,2.367314532109068,0.0,0.02921042523106708
replete,27.18,0.0,0.08437365458594663,23.673727560718902,14.24189878469516,2.36737275607189,0.0,0.029013751061228887
replete,27.2,0.0,0.08379533565852441,23.674305879646322,14.24189878469516,2.3674305879646322,0.0,0.028818353871621044
replete,27.22,0.0,0.0832209119689499,23.674880303335897,14.24189878469516,2.3674880303335897,0.0,0.02862422600305126
replete,27.240000000000002,0.0,0.08265035820708176,23.675450857097765,14.24189878469516,2.3675450857097764,0.0,0.028431359833806923
replete,27.26,0.0,0.082083649214839,23.676017566090007,14.24189878469516,2.367601756609001,0.0,0.02823974777958806
replete,27.28,0.0,0.08152075998545276,23.676580455319396,14.24189878469516,2.3676580455319396,0.0,0.028049382293438417
replete,27.3,0.0,0.08096166566272052,23.677139549642128,14.24189878469516,2.3677139549642128,0.0,0.02786025586567501
replete,27.32,0.0,0.08040634154026133,23.677694873764587,14.24189878469516,2.3677694873764588,0.0,0.027672361023816032
replete,27.34,0.0,0.07985476306077247,23.678246452244075,14.24189878469516,2.3678246452244074,0.0,0.027485690332507026
replete,27.36,0.0,0.07930690581528764,23.678794309489557,14.24189878469516,2.367879430948956,0.0,0.027300236393445608
replete,27.38,0.0,0.07876274554243673,23.67933846976241,14.24189878469516,2.367933846976241,0.0,0.027115991845304506
replete,27.400000000000002,0.0,0.07822225812770697,23.679878957177138,14.24189878469516,2.3679878957177136,0.0,0.02693294936365315
replete,27.42,0.0,0.07768541960270618,23.68041579570214,14.24189878469516,2.368041579570214,0.0,0.026751101660877852
replete,27.44,0.0,0.07715220614442671,23.68094900916042,14.24189878469516,2.368094900916042,0.0,0.026570441486100247
replete,27.46,0.0,0.07662259407451184,23.681478621230333,14.24189878469516,2.3681478621230334,0.0,0.02639096162509463
replete,27.48,0.0,0.07609655985852361,23.68200465544632,14.24189878469516,2.368200465544632,0.0,0.026212654900203674
replete,27.5,0.0,0.0755740801052122,23.682527135199635,14.24189878469516,2.3682527135199636,0.0,0.02603551417025287
replete,27.52,0.0,0.07505513156578718,23.683046083739058,14.24189878469516,2.3683046083739057,0.0,0.02585953233046359
replete,27.54,0.0,0.07453969113319046,23.683561524171655,14.24189878469516,2.3683561524171655,0.0,0.02568470231236481
replete,27.56,0.0,0.07402773584137105,23.684073479463475,14.24189878469516,2.3684073479463477,0.0,0.025511017083703628
replete,27.580000000000002,0.0,0.07351924286456152,23.684581972440284,14.24189878469516,2.3684581972440286,0.0,0.0253384696483544
replete,27.6,0.0,0.07301418951655667,23.68508702578829,14.24189878469516,2.368508702578829,0.0,0.025167053046226844
replete,27.62,0.0,0.07251255324999328,23.685588662054855,14.24189878469516,2.3685588662054853,0.0,0.02499676035317262
replete,27.64,0.0,0.07201431165563257,23.686086903649215,14.24189878469516,2.3686086903649217,0.0,0.024827584680891055
replete,27.66,0.0,0.07151944246164409,23.6865817728432,14.24189878469516,2.36865817728432,0.0,0.02465951917683358
replete,27.68,0.0,0.07102792353289161,23.687073291771956,14.24189878469516,2.3687073291771954,0.0,0.024492557024106975
replete,27.7,0.0,0.07053973287022107,23.687561482434624,14.24189878469516,2.3687561482434623,0.0,0.024326691441375652
replete,27.72,0.0,0.07005484860975034,23.688046366695097,14.24189878469516,2.36880463666951,0.0,0.024161915682762793
replete,27.740000000000002,0.0,0.069573249022161,23.688527966282685,14.24189878469516,2.3688527966282686,0.0,0.023998223037750396
replete,27.76,0.0,0.06909491251199247,23.689006302792855,14.24189878469516,2.3689006302792857,0.0,0.02383560683107848
replete,27.78,0.0,0.06861981761693743,23.68948139768791,14.24189878469516,2.368948139768791,0.0,0.02367406042264301
replete,27.8,0.0,0.06814794300713997,23.689953272297707,14.24189878469516,2.368995327229771,0.0,0.023513577207393083
replete,27.82,0.0,0.06767926748449557,23.69042194782035,14.24189878469516,2.3690421947820353,0.0,0.023354150615227113
replete,27.84,0.0,0.06721376998195311,23.690887445322893,14.24189878469516,2.3690887445322892,0.0,0.023195774110888027
replete,27.86,0.0,0.06675142956281904,23.691349785742027,14.24189878469516,2.369134978574203,0.0,0.023038441193857607
replete,27.88,0.0,0.06629222542006367,23.691808989884784,14.24189878469516,2.3691808989884784,0.0,0.022882145398249967
replete,27.900000000000002,0.0,0.06583613687562956,23.692265078429216,14.24189878469516,2.3692265078429218,0.0,0.022726880292704116
replete,27.92,0.0,0.0653831433797423,23.692718071925103,14.24189878469516,2.3692718071925105,0.0,0.022572639480275828
replete,27.94,0.0,0.06493322451022293,23.693167990794624,14.24189878469516,2.3693167990794626,0.0,0.022419416598328468
replete,27.96,0.0,0.06448635997180313,23.693614855333045,14.24189878469516,2.3693614855333047,0.0,0.022267205318423272
replete,27.98,0.0,0.0640425295954423,23.694058685709404,14.24189878469516,2.3694058685709405,0.0,0.022115999346208712
replete,28.0,0.0,0.0636017133376469,23.6944995019672,14.24189878469516,2.36944995019672,0.0,0.021965792421309187
replete,28.02,0.0,0.06316389127979209,23.694937324025055,14.24189878469516,2.3694937324025056,0.0,0.021816578317212947
replete,28.04,0.0,0.0627290436274456,23.695372171677402,14.24189878469516,2.36953721716774,0.0,0.021668350841159343
replete,28.06,0.0,0.06229715070969372,23.695804064595155,14.24189878469516,2.3695804064595154,0.0,0.021521103834025414
replete,28.080000000000002,0.0,0.0618681929784698,23.69623302232638,14.24189878469516,2.369623302232638,0.0,0.021374831170211737
replete,28.1,0.0,0.06144215100788507,23.696659064296963,14.24189878469516,2.369665906429696,0.0,0.0212295267575278
replete,28.12,0.0,0.0610190054935612,23.697082209811285,14.24189878469516,2.3697082209811287,0.0,0.02108518453707648
replete,28.14,0.0,0.06059873725196595,23.697502478052883,14.24189878469516,2.369750247805288,0.0,0.020941798483138215
replete,28.16,0.0,0.06018132721975065,23.697919888085096,14.24189878469516,2.3697919888085095,0.0,0.020799362603054417
replete,28.18,0.0,0.05976675645309015,23.698334458851757,14.24189878469516,2.3698334458851757,0.0,0.02065787093711038
replete,28.2,0.0,0.05935500612702517,23.698746209177823,14.24189878469516,2.3698746209177823,0.0,0.020517317558417635
replete,28.22,0.0,0.0589460575348069,23.69915515777004,14.24189878469516,2.369915515777004,0.0,0.020377696572795766
replete,28.240000000000002,0.0,0.05853989208724397,23.699561323217605,14.24189878469516,2.3699561323217604,0.0,0.020239002118653742
replete,28.26,0.0,0.05813649131205215,23.699964723992796,14.24189878469516,2.3699964723992797,0.0,0.020101228366870814
replete,28.28,0.0,0.05773583685320572,23.700365378451643,14.24189878469516,2.370036537845164,0.0,0.01996436952067676
replete,28.3,0.0,0.05733791047029191,23.700763304834556,14.24189878469516,2.370076330483456,0.0,0.01982841981553189
replete,28.32,0.0,0.05694269403786745,23.70115852126698,14.24189878469516,2.370115852126698,0.0,0.019693373519006484
replete,28.34,0.0,0.056550169544817556,23.70155104576003,14.24189878469516,2.370155104576003,0.0,0.01955922493065986
replete,28.36,0.0,0.056160319093717416,23.70194089621113,14.24189878469516,2.370194089621113,0.0,0.019425968381919047
replete,28.38,0.0,0.05577312490019598,23.70232809040465,14.24189878469516,2.370232809040465,0.0,0.019293598235957016
replete,28.400000000000002,0.0,0.055388569292302244,23.702712646012543,14.24189878469516,2.3702712646012545,0.0,0.019162108887570594
replete,28.42,0.0,0.05500663470987425,23.70309458059497,14.24189878469516,2.370309458059497,0.0,0.019031494763058078
replete,28.44,0.0,0.05462730370390988,23.703473911600934,14.24189878469516,2.3703473911600934,0.0,0.018901750320096344
replete,28.46,0.0,0.054250558935940774,23.703850656368903,14.24189878469516,2.3703850656368903,0.0,0.018772870047617768
replete,28.48,0.0,0.05387638317740842,23.704224832127437,14.24189878469516,2.3704224832127436,0.0,0.01864484846568687
replete,28.5,0.0,0.05350475930904271,23.7045964559958,14.24189878469516,2.3704596455995803,0.0,0.01851768012537652
replete,28.52,0.0,0.05313567032024302,23.7049655449846,14.24189878469516,2.3704965544984598,0.0,0.018391359608644017
replete,28.54,0.0,0.0527690993084618,23.70533211599638,14.24189878469516,2.3705332115996383,0.0,0.018265881528206806
replete,28.56,0.0,0.052405029478590555,23.705696185826252,14.24189878469516,2.3705696185826253,0.0,0.018141240527418022
replete,28.580000000000002,0.0,0.05204344414234837,23.706057771162495,14.24189878469516,2.3706057771162494,0.0,0.018017431280141695
replete,28.6,0.0,0.051684326717673146,23.70641688858717,14.24189878469516,2.370641688858717,0.0,0.017894448490627934
replete,28.62,0.0,0.0513276607281148,23.706773554576728,14.24189878469516,2.3706773554576728,0.0,0.017772286893387643
replete,28.64,0.0,0.050973429802231525,23.707127785502614,14.24189878469516,2.3707127785502613,0.0,0.017650941253067248
replete,28.66,0.0,0.05062161767298826,23.707479597631856,14.24189878469516,2.3707479597631855,0.0,0.017530406364323153
replete,28.68,0.0,0.05027220817715778,23.70782900712769,14.24189878469516,2.370782900712769,0.0,0.01741067705169611
replete,28.7,0.0,0.04992518525472424,23.708176030050122,14.24189878469516,2.3708176030050123,0.0,0.017291748169485314
replete,28.72,0.0,0.049580532948289284,23.708520682356557,14.24189878469516,2.3708520682356555,0.0,0.01717361460162248
replete,28.740000000000002,0.0,0.04923823540248058,23.708862979902364,14.24189878469516,2.3708862979902365,0.0,0.017056271261545707
replete,28.76,0.0,0.04889827686336321,23.709202938441482,14.24189878469516,2.370920293844148,0.0,0.016939713092073348
replete,28.78,0.0,0.048560641677852956,23.70954057362699,14.24189878469516,2.3709540573626993,0.0,0.01682393506527754
replete,28.8,0.0,0.04822531429313273,23.709875901011713,14.24189878469516,2.3709875901011714,0.0,0.016708932182357958
replete,28.82,0.0,0.04789227925607123,23.710208936048772,14.24189878469516,2.3710208936048773,0.0,0.016594699473515214
replete,28.84,0.0,0.047561521212644176,23.7105396940922,14.24189878469516,2.3710539694092203,0.0,0.016481231997824388
replete,28.86,0.0,0.047233024907358125,23.710868190397488,14.24189878469516,2.371086819039749,0.0,0.016368524843108367
replete,28.88,0.0,0.04690677518267673,23.711194440122167,14.24189878469516,2.3711194440122165,0.0,0.016256573125811236
replete,28.900000000000002,0.0,0.046582756978449553,23.711518458326395,14.24189878469516,2.3711518458326397,0.0,0.016145371990871543
replete,28.92,0.0,0.046260955331343674,23.7118402599735,14.24189878469516,2.37118402599735,0.0,0.016034916611595684
replete,28.94,0.0,0.045941355374277244,23.712159859930566,14.24189878469516,2.3712159859930564,0.0,0.01592520218953109
replete,28.96,0.0,0.04562394233585618,23.712477272968986,14.24189878469516,2.3712477272968986,0.0,0.015816223954339542
replete,28.98,0.0,0.04530870153981305,23.71279251376503,14.24189878469516,2.371279251376503,0.0,0.015707977163670495
replete,29.0,0.0,0.04499561840444865,23.713105596900395,14.24189878469516,2.3713105596900395,0.0,0.015600457103034353
replete,29.02,0.0,0.04468467844207598,23.713416536862766,14.24189878469516,2.371341653686277,0.0,0.015493659085675819
replete,29.04,0.0,0.044375867258466865,23.713725348046378,14.24189878469516,2.371372534804638,0.0,0.015387578452447277
replete,29.06,0.0,0.044069170552301085,23.714032044752543,14.24189878469516,2.3714032044752544,0.0,0.015282210571682223
replete,29.080000000000002,0.0,0.043764574114617906,23.714336641190226,14.24189878469516,2.3714336641190226,0.0,0.01517755083906873
replete,29.1,0.0,0.04346206382827053,23.714639151476575,14.24189878469516,2.3714639151476575,0.0,0.015073594677523066
replete,29.12,0.0,0.04316162566738242,23.714939589637464,14.24189878469516,2.3714939589637463,0.0,0.01497033753706323
replete,29.14,0.0,0.04286324569680679,23.715237969608037,14.24189878469516,2.371523796960804,0.0,0.014867774894682717
replete,29.16,0.0,0.042566910071588256,23.715534305233255,14.24189878469516,2.3715534305233255,0.0,0.014765902254224342
replete,29.18,0.0,0.04227260503642715,23.715828610268417,14.24189878469516,2.371582861026842,0.0,0.014664715146254116
replete,29.2,0.0,0.041980316925146303,23.7161208983797,14.24189878469516,2.37161208983797,0.0,0.014564209127935296
replete,29.22,0.0,0.04169003216016036,23.716411183144686,14.24189878469516,2.3716411183144688,0.0,0.014464379782902515
replete,29.240000000000002,0.0,0.04140173725194755,23.7166994780529,14.24189878469516,2.37166994780529,0.0,0.01436522272113604
replete,29.26,0.0,0.041115418798524234,23.71698579650632,14.24189878469516,2.3716985796506322,0.0,0.014266733578836234
replete,29.28,0.0,0.04083106348492147,23.717270151819925,14.24189878469516,2.3717270151819925,0.0,0.01416890801829802
replete,29.3,0.0,0.04054865808266456,23.71755255722218,14.24189878469516,2.371755255722218,0.0,0.014071741727785634
replete,29.32,0.0,0.04026818944925487,23.71783302585559,14.24189878469516,2.371783302585559,0.0,0.013975230421407484
replete,29.34,0.0,0.03998964452765422,23.718111570777193,14.24189878469516,2.3718111570777194,0.0,0.013879369838991162
replete,29.36,0.0,0.039713010345771675,23.718388204959076,14.24189878469516,2.3718388204959076,0.0,0.013784155745958631
replete,29.38,0.0,0.03943827401595301,23.718662941288894,14.24189878469516,2.3718662941288895,0.0,0.013689583933201636
replete,29.400000000000002,0.0,0.039165422734472426,23.718935792570374,14.24189878469516,2.3718935792570375,0.0,0.013595650216957224
replete,29.42,0.0,0.038894443781027126,23.71920677152382,14.24189878469516,2.371920677152382,0.0,0.013502350438683587
replete,29.44,0.0,0.038625324518233806,23.719475890786615,14.24189878469516,2.3719475890786614,0.0,0.013409680464935915
replete,29.46,0.0,0.038358052391128196,23.71974316291372,14.24189878469516,2.371974316291372,0.0,0.013317636187242646
replete,29.48,0.0,0.038092614926666726,23.720008600378183,14.24189878469516,2.372000860037818,0.0,0.0132262135219818
replete,29.5,0.0,0.03782899973323082,23.72027221557162,14.24189878469516,2.372027221557162,0.0,0.01313540841025763
replete,29.52,0.0,0.03756719450013358,23.720534020804713,14.24189878469516,2.3720534020804713,0.0,0.013045216817777412
replete,29.54,0.0,0.03730718699712894,23.72079402830772,14.24189878469516,2.3720794028307717,0.0,0.012955634734728522
replete,29.56,0.0,0.03704896507392332,23.721052250230926,14.24189878469516,2.3721052250230925,0.0,0.012866658175655738
replete,29.580000000000002,0.0,0.03679251665968966,23.72130869864516,14.24189878469516,2.372130869864516,0.0,0.01277828317933877
replete,29.6,0.0,0.03653782976258408,23.721563385542265,14.24189878469516,2.3721563385542264,0.0,0.012690505808670115
replete,29.62,0.0,0.036284892469264626,23.721816322835583,14.24189878469516,2.3721816322835583,0.0,0.012603322150533018
replete,29.64,0.0,0.036033692944412825,23.722067522360437,14.24189878469516,2.3722067522360435,0.0,0.012516728315679846
replete,29.66,0.0,0.03578421943025747,23.72231699587459,14.24189878469516,2.372231699587459,0.0,0.012430720438610635
replete,29.68,0.0,0.035536460246100895,23.722564755058748,14.24189878469516,2.372256475505875,0.0,0.012345294677451967
replete,29.7,0.0,0.03529040378784764,23.722810811517,14.24189878469516,2.3722810811517,0.0,0.012260447213836078
replete,29.72,0.0,0.03504603852753556,23.72305517677731,14.24189878469516,2.3723055176777312,0.0,0.012176174252780276
replete,29.740000000000002,0.0,0.034803353012869256,23.72329786229198,14.24189878469516,2.372329786229198,0.0,0.012092472022566603
replete,29.76,0.0,0.03456233586675619,23.72353887943809,14.24189878469516,2.372353887943809,0.0,0.012009336774621907
replete,29.78,0.0,0.03432297578684468,23.723778239518005,14.24189878469516,2.3723778239518003,0.0,0.011926764783398009
replete,29.8,0.0,0.03408526154506482,23.724015953759782,14.24189878469516,2.3724015953759783,0.0,0.011844752346252365
replete,29.82,0.0,0.03384918198717148,23.724252033317676,14.24189878469516,2.3724252033317677,0.0,0.01176329578332892
replete,29.84,0.0,0.03361472603228979,23.724486489272557,14.24189878469516,2.372448648927256,0.0,0.011682391437439326
replete,29.86,0.0,0.03338188267246295,23.724719332632382,14.24189878469516,2.3724719332632382,0.0,0.011602035673944428
replete,29.88,0.0,0.03315064097220241,23.724950574332645,14.24189878469516,2.3724950574332646,0.0,0.011522224880636102
replete,29.900000000000002,0.0,0.03292099006804046,23.725180225236805,14.24189878469516,2.3725180225236806,0.0,0.011442955467619398
replete,29.92,0.0,0.03269291916808523,23.725408296136763,14.24189878469516,2.3725408296136763,0.0,0.01136422386719506
replete,29.94,0.0,0.03246641755157774,23.72563479775327,14.24189878469516,2.372563479775327,0.0,0.011286026533742248
replete,29.96,0.0,0.03224147456845165,23.725859740736396,14.24189878469516,2.3725859740736395,0.0,0.011208359943601729
replete,29.98,0.0,0.032018079638895185,23.726083135665952,14.24189878469516,2.3726083135665954,0.0,0.01113122059495935
replete,30.0,0.0,0.03179622225291534,23.726304993051933,14.24189878469516,2.372630499305193,0.0,0.01105460500772983
