treatment,t_day,organic_C_mg_L,O2_mg_L,regenerated_N_uM,O2_used_mg_L,O2_added_mg_L
weak_renewal,0.0,6.0,8.0,0.0,0.0,0.0
weak_renewal,0.02,5.975210364819455,7.933947203321015,0.25822536646400907,0.06610569381478631,5.289713580084585e-05
weak_renewal,0.04,5.95053526936138,7.868305201489302,0.5152576108189632,0.13190594836965477,0.0002111498589565151
weak_renewal,0.06,5.925974254104167,7.803072113348347,0.7711015197482604,0.197401989055555,0.00047410240390172967
weak_renewal,0.08,5.901526861952423,7.738246067213798,1.0257618546622702,0.26259503479354135,0.0008411020073395339
weak_renewal,0.1,5.8771926382303645,7.673825200840751,1.2792433517670359,0.32748629805236124,0.0013114988931120113
weak_renewal,0.12,5.852971130675289,7.609807661391228,1.5315507221324018,0.3920769848658947,0.0018846462571232452
weak_renewal,0.14,5.828861889431083,7.5461916054018685,1.782688651759553,0.4563682948504454,0.002559900252314097
weak_renewal,0.16,5.804864467041794,7.482975198751806,2.032661801647978,0.5203614212218824,0.0033366199736885073
weak_renewal,0.18,5.780978418445259,7.420156616630749,2.281474807861884,0.5840575508126423,0.004214167443391132
weak_renewal,0.2,5.757203300966779,7.3577340435072465,2.5291322815960533,0.6474578640885894,0.005191907595835805
weak_renewal,0.22,5.733538674312849,7.2957056730971495,2.7756388092411517,0.7105635351657346,0.006269208262884653
weak_renewal,0.24,5.709984100564943,7.2340697083322585,3.020998952448511,0.7733757318268188,0.007445440159077459
weak_renewal,0.26,5.68653914417334,7.17282436132915,3.265217248194381,0.8358956155377616,0.00871997686691121
weak_renewal,0.28,5.663203371951007,7.1119678533581885,3.5082982088436756,0.898124341463981,0.01009219482216922
weak_renewal,0.3,5.6399763530675315,7.051498414812717,3.7502463222132123,0.9600630584865828,0.011561473299299735
weak_renewal,0.32,5.616857659043092,6.99141428517842,3.9910660516344665,1.021712909218424,0.013127194396843681
weak_renewal,0.34,5.593846863742479,6.931713713002856,4.23076183601584,1.0830750300200556,0.014788743022911367
weak_renewal,0.36,5.570943543369171,6.872394955865162,4.469338089904477,1.1441505510155465,0.016545506880707706
weak_renewal,0.38,5.548147276459429,6.813456280345915,4.70679920354762,1.2049405961081912,0.018396876454105832
weak_renewal,0.4,5.525457643876461,6.754895961997165,4.943149542953529,1.265446282996104,0.020342244993268806
weak_renewal,0.42,5.50287422880461,6.696712285312612,5.178393449951978,1.325668723187707,0.0223810085003191
weak_renewal,0.44,5.480396616743583,6.638903543697943,5.4125352422543465,1.385609022017113,0.02451256571505575
weak_renewal,0.46,5.458024395502722,6.58146803944131,5.645579213513315,1.4452682786594087,0.026736318100718796
weak_renewal,0.48,5.4357571551953106,6.52440408368396,5.877529633382188,1.5046475861458404,0.029051669829800814
weak_renewal,0.5,5.413594488232911,6.467709996390999,6.108390747573849,1.5637480313789056,0.03145802776990546
weak_renewal,0.52,5.391535989319738,6.411384106322287,6.338166777919391,1.6225706951473648,0.03395480146965251
weak_renewal,0.54,5.3695812554470645,6.355424751003466,6.5668619224264155,1.6811166521411631,0.03654140314462952
weak_renewal,0.56,5.347729885887647,6.299830276697112,6.794480355337017,1.7393869709662768,0.0392172476633896
weak_renewal,0.58,5.325981482190191,6.244599038374004,7.021026227185505,1.7973827141594898,0.04198175253349533
weak_renewal,0.6,5.304335648173837,6.1897293996845075,7.24650366485586,1.855104938203101,0.04483433788760864
weak_renewal,0.62,5.282791989922662,6.135219732930056,7.4709167716389375,1.912554693539569,0.04777442646962618
weak_renewal,0.64,5.261350115780211,6.0810684190347555,7.694269627289465,1.9697330245861036,0.05080144362086038
weak_renewal,0.66,5.240009636344047,6.0272738475170575,7.91656628808284,2.0266409697492076,0.05391481726626587
weak_renewal,0.68,5.21877016446031,5.973834416461538,8.137810786871768,2.083279561439173,0.057113977900711085
weak_renewal,0.7000000000000001,5.197631315218296,5.920748532490752,8.358007133142745,2.1396498260845433,0.06039835857529505
weak_renewal,0.72,5.176592705945045,5.868014610737162,8.577159313072448,2.1957527841465465,0.06376739488370897
weak_renewal,0.74,5.155653956199937,5.81563107481514,8.795271289583994,2.251589450133502,0.06722052494864293
weak_renewal,0.76,5.134814687769294,5.7635963567930215,9.012347002403184,2.3071608326152147,0.07075718940823705
weak_renewal,0.78,5.11407452466099,5.711908897165216,9.22839036811469,2.3624679342373605,0.07437683140257757
weak_renewal,0.8,5.093433093099048,5.6605671448243635,9.443405280218252,2.417511751735873,0.07807889656023743
weak_renewal,0.8200000000000001,5.072890021518248,5.609569557033521,9.65739560918492,2.4722932759513396,0.08186283298486126
weak_renewal,0.84,5.052444940558719,5.55891459939838,9.870365202513334,2.5268134918434138,0.08572809124179494
weak_renewal,0.86,5.03209748306053,5.508600745839506,10.082317884786146,2.5810733785052533,0.08967412434475977
weak_renewal,0.88,5.011847284058252,5.458626478564576,10.293257457726538,2.635073909177994,0.09370038774257061
weak_renewal,0.9,4.991693980775524,5.408990288040629,10.50318770025496,2.68881605126527,0.09780633930589894
weak_renewal,0.92,4.971637212619579,5.35969067296629,10.71211236854605,2.742300766347789,0.10199143931407999
weak_renewal,0.9400000000000001,4.95167662117576,5.310726140243991,10.92003519608583,2.795529010197973,0.10625515044196439
weak_renewal,0.96,4.931811850201997,5.262095204952141,11.12695989372919,2.848501732794673,0.11059693774681446
weak_renewal,0.98,4.912042545623258,5.213796390317266,11.332890149757727,2.901219878337978,0.11501626865524484
weak_renewal,1.0,4.892368355525956,5.165828227686092,11.537829629937953,2.953684385264116,0.11951261295020779
weak_renewal,1.02,4.872788930152323,5.118189256497553,11.741781977579963,3.0058961862604705,0.12408544275802337
weak_renewal,1.04,4.85330392189473,5.070878024254734,11.944750813596563,3.0578562082807204,0.12873423253545413
weak_renewal,1.06,4.833912985289957,5.02389308649671,12.146739736562948,3.1095653725601147,0.13345845905682535
weak_renewal,1.08,4.814615777013412,4.9772330067702875,12.347752322776957,3.1610245946309012,0.13825760140118964
weak_renewal,1.1,4.795411955873281,4.93089635660162,12.547792126319989,3.2122347843379173,0.14313114093953763
weak_renewal,1.12,4.776301182804615,4.884881715467696,12.746862679118586,3.263196845854358,0.1480785613220535
weak_renewal,1.1400000000000001,4.757283120863347,4.839187670767678,12.944967491006793,3.313911677697739,0.15309934846541662
weak_renewal,1.16,4.738357435220223,4.7938128177940795,13.142110049789334,3.36438017274607,0.15819299054014924
weak_renewal,1.18,4.7195237931546545,4.748755759703759,13.33829382130567,3.4146032182542525,0.16335897795801035
weak_renewal,1.2,4.700781864048481,4.704015107488721,13.533522249494979,3.464581695870715,0.16859680335943583
weak_renewal,1.22,4.682131319379631,4.659589479946711,13.727798756462168,3.514316481654315,0.17390596160102578
weak_renewal,1.24,4.663571832715683,4.6154775036515705,13.921126742544956,3.5638084460915094,0.17928594974307907
weak_renewal,1.26,4.645103079707315,4.571677812923351,14.113509586382127,3.6130584541138253,0.18473626703717555
weak_renewal,1.28,4.626724738081634,4.528189049798166,14.304950644982974,3.6620673651156417,0.19025641491380604
weak_renewal,1.3,4.608436487635385,4.485009863997747,14.495453253798065,3.710836032972305,0.195845896970051
weak_renewal,1.32,4.590238010228024,4.442138912898708,14.685020726791409,3.759365306058601,0.20150421895730808
weak_renewal,1.34,4.572128989774651,4.399574861501474,14.873656356514047,3.8076560272675963,0.20723088876906914
weak_renewal,1.36,4.554109112238794,4.357316382398868,15.06136341417922,3.8557090340298803,0.2130254164287473
weak_renewal,1.3800000000000001,4.53617806562504,4.315362155744331,15.248145149739157,3.9035251583332244,0.21888731407755432
weak_renewal,1.4000000000000001,4.518335539971494,4.27371086921975,15.434004791963597,3.9511052267426807,0.2248160959624294
weak_renewal,1.42,4.500581227342067,4.23236121800287,15.61894554852012,3.998450060421151,0.23081127842401966
weak_renewal,1.44,4.482914821818584,4.191311904734273,15.80297060605641,4.045560475150441,0.23687237988471319
weak_renewal,1.46,4.465336019492687,4.150561639483895,15.986083130284499,4.092437281352832,0.24299892083672506
weak_renewal,1.48,4.447844518457552,4.110109139717047,16.168286266067156,4.139081284113192,0.24919042383023768
weak_renewal,1.5,4.430440018799377,4.069953130259937,16.34958313750648,4.18549328320166,0.2554464134615956
weak_renewal,1.52,4.413122222588655,4.030092343264638,16.529976848034842,4.23167407309692,0.26176641636155595
weak_renewal,1.54,4.39589083387121,3.990525518173493,16.70947048050822,4.2776244430101045,0.2681499611835955
weak_renewal,1.56,4.378745558658993,3.951251401682928,16.888067097302145,4.323345176909349,0.27459657859227543
weak_renewal,1.58,4.361686104920612,3.912268747706632,17.065769740410285,4.368837053545033,0.28110580125166357
weak_renewal,1.6,4.344712182571598,3.873576317338083,17.242581431545844,4.414100846475736,0.2876771638138171
weak_renewal,1.62,4.327823503464398,3.8351728788123878,17.418505172245855,4.459137324094939,0.2943102029073251
weak_renewal,1.6400000000000001,4.311019781378058,3.797057207467405,17.593543943978553,4.50394724965851,0.30100445712591334
weak_renewal,1.6600000000000001,4.294300732007624,3.75922808570411,17.767700708253916,4.548531381313002,0.30775946701711077
weak_renewal,1.68,4.277666072953199,3.721684302946181,17.940978406737507,4.592890472124802,0.31457477507098136
weak_renewal,1.7,4.261115523708689,3.6844246555987605,18.113379961367816,4.637025270110161,0.32144992570892067
weak_renewal,1.72,4.244648805650192,3.647447947006366,18.284908274477164,4.680936518266154,0.3283844652725186
weak_renewal,1.74,4.228265642024028,3.610752987409902,18.455566228916364,4.724624954602591,0.33537794201249094
weak_renewal,1.76,4.211965757934402,3.574338593902753,18.625356688183313,4.768091312174929,0.3424299060776803
weak_renewal,1.78,4.195748880330664,3.538203590385901,18.794282496555578,4.811336319118229,0.34953990950412756
weak_renewal,1.8,4.179614737994182,3.5023468075220374,18.962346479227264,4.854360698682181,0.3567075062042166
weak_renewal,1.82,4.163563061524777,3.4667670826886363,19.129551442450225,4.897165169267259,0.3639322519558927
weak_renewal,1.84,4.147593583326738,3.431463259929929,19.2959001736798,4.939750444462031,0.3712137043919574
weak_renewal,1.86,4.131706037594369,3.3964341899077612,19.461395441725315,4.982117233081682,0.37855142298944083
weak_renewal,1.8800000000000001,4.1159001602970795,3.3616787298512687,19.626039996905412,5.024266239207787,0.38594496905905334
weak_renewal,1.9000000000000001,4.100175689163982,3.3271957435053414,19.78983657120851,5.06619816222938,0.39339390573471933
weak_renewal,1.92,4.084532363667987,3.292984101077828,19.952787878458462,5.107913696885368,0.40089779796319364
weak_renewal,1.94,4.068969925009374,3.259042679185431,20.11489661448568,5.149413533308336,0.40845621249376446
weak_renewal,1.96,4.053488116098827,3.2253703607982516,20.276165457303872,5.1906983570697935,0.4160687178680428
weak_renewal,1.98,4.038086681539909,3.1919660351829355,20.43659706729261,5.23176884922691,0.42373488440984264
weak_renewal,2.0,4.022765367610954,3.1588285978443658,20.59619408738589,5.272625686370789,0.43145428421515297
weak_renewal,2.02,4.007523922246371,3.1259569504658637,20.75495914326696,5.313269540676343,0.439226491142204
weak_renewal,2.04,3.9923620950173264,3.0933500008478374,20.912894843569507,5.353701079953796,0.447051080801631
weak_renewal,2.06,3.9772796371117862,3.061006662844837,21.070003780085546,5.393920967701901,0.4549276305467362
weak_renewal,2.08,3.962276301313911,3.028925856300954,21.226288527980085,5.433929863162903,0.4628557194638546
weak_renewal,2.1,3.9473518419827616,2.9971065069835237,21.38175164601289,5.473728421379302,0.4708349283628231
weak_renewal,2.12,3.9325060150303166,2.9655475465150714,21.536395676767526,5.513317293252488,0.4788648397675574
weak_renewal,2.14,3.9177385778987635,2.934247912303446,21.690223146887867,5.552697125603296,0.48694503790673954
weak_renewal,2.16,3.9030492895370528,2.9032065474700954,21.843236567322357,5.591868561234525,0.4950751087046183
weak_renewal,2.18,3.888437910376684,2.8724224007764207,21.995438433576197,5.6308322389955086,0.5032546397719263
weak_renewal,2.2,3.873904202306714,2.841894426548157,22.146831225971717,5.669588793848762,0.5114832203969164
weak_renewal,2.22,3.8594479286479517,2.8116215845977286,22.29741740991716,5.7081388569387945,0.5197604415365202
weak_renewal,2.24,3.8450688541263274,2.7816028401445103,22.447199436184075,5.746483055663125,0.5280858958076333
weak_renewal,2.2600000000000002,3.83076674484541,2.7518371637329593,22.596179741193634,5.784622013745572,0.5364591774785288
weak_renewal,2.2800000000000002,3.8165413682580467,2.722323531148534,22.744360747312,5.822556351311873,0.544879882460405
weak_renewal,2.3000000000000003,3.802392493137111,2.6930609233313674,22.891744863155086,5.860286684967703,0.5533476082990677
weak_renewal,2.32,3.7883198895453245,2.6640483262876233,23.038334483902858,5.897813627879133,0.5618619541667538
weak_renewal,2.34,3.774323328804143,2.635284730998484,23.1841319916235,5.9351377898556175,0.5704225208540982
weak_renewal,2.36,3.760402583461671,2.6067691333267087,23.32913975560758,5.972259777435542,0.5790289107622477
weak_renewal,2.38,3.7465574272595927,2.578500533920713,23.473360132712564,6.009180193974418,0.5876807278951276
weak_renewal,2.4,3.7327876350990903,2.550477938116107,23.6167954677178,6.045899639735759,0.5963775778518623
weak_renewal,2.42,3.7190929830057278,2.5227003558346355,23.759448093690324,6.082418711984724,0.6051190678193569
weak_renewal,2.44,3.705473248093285,2.495166801480473,23.901320332361603,6.118738005084572,0.6139048065650414
weak_renewal,2.46,3.6919282085265075,2.4678762938338097,24.042414494515533,6.1548581105959785,0.6227344044297846
weak_renewal,2.48,3.678457643482763,2.4408278559416843,24.18273288038787,6.190779617379297,0.6316074733209781
weak_renewal,2.5,3.6650613331125745,2.414020515006003,24.322277780077336,6.226503111699801,0.6405236267057995
weak_renewal,2.52,3.651739058499014,2.387453302268699,24.46105147396859,6.262029177335961,0.6494824796046561
weak_renewal,2.54,3.638490601615936,2.361125252893982,24.599056233167317,6.297358395690836,0.6584836485848139
weak_renewal,2.56,3.625315745285027,2.3350354058476293,24.73629431994762,6.332491345906593,0.667526751754219
weak_renewal,2.58,3.612214273131658,2.309182803773272,24.872767988211884,6.367428604982245,0.676611408755513
weak_renewal,2.6,3.599185969539517,2.283566492865633,25.008479483963352,6.402170747894621,0.6857372407602498
weak_renewal,2.62,3.5862306196040077,2.2581855227406757,25.143431045791573,6.436718347722645,0.6949038704633173
weak_renewal,2.64,3.5733480090843934,2.233038946302623,25.27762490537089,6.471071975774951,0.7041109220775693
weak_renewal,2.66,3.560537924354675,2.2081258196078117,25.41106328797212,6.505232201720865,0.7133580213286728
weak_renewal,2.68,3.547800152353187,2.183445201725346,25.54374841298762,6.539199593724833,0.7226447954501753
weak_renewal,2.7,3.5351344805308953,2.1589961545945244,25.67568249446983,6.572974718584279,0.7319708731787992
weak_renewal,2.72,3.52254069679839,2.134777742879008,25.806867741683426,6.60655814187096,0.741335884749964
weak_renewal,2.74,3.51001858947156,2.110789033817712,25.937306359671236,6.639950428075839,0.7507394618935473
weak_renewal,2.7600000000000002,3.497567947215941,2.0870290970723993,26.067000549833935,6.67315214075749,0.7601812378298857
weak_renewal,2.7800000000000002,3.4851885589897256,2.0634970045719614,26.19595251052368,6.706163842694065,0.7696608472660225
weak_renewal,2.8000000000000003,3.472880213985438,2.040191830353378,26.324164437651678,6.738986096038832,0.7791779263922065
weak_renewal,2.82,3.460642701570262,2.0171126503993517,26.451638525309757,6.7716194624793005,0.7887321128786488
weak_renewal,2.84,3.448475811225025,1.9942585424726136,26.578376966405976,6.804064503399932,0.7983230458725424
weak_renewal,2.86,3.4363793324818355,1.9716285859469134,26.704381953314204,6.836321780048438,0.8079503659953481
weak_renewal,2.88,3.4243530548603784,1.9492218616347001,26.829655678537716,6.868391853705658,0.8176137153403542
weak_renewal,2.9,3.4123967678028735,1.927037451611515,26.954200335386727,6.900275285859005,0.8273127374705155
weak_renewal,2.92,3.400510260607703,1.9050744390371201,27.07801811866975,6.931972638379458,0.8370470774165741
weak_renewal,2.94,3.3886933223617213,1.8833319079733983,27.201111225398726,6.963484473702076,0.8468163816754705
weak_renewal,2.96,3.3769457418712534,1.861808943199061,27.32348185550777,6.99481135500999,0.8566202982090476
weak_renewal,2.98,3.3652673075918074,1.8405046300212118,27.44513221258533,7.025953846421846,0.8664584764430547
weak_renewal,3.0,3.3536578075565124,1.8194180540838238,27.566064504619657,7.056912513182634,0.8763305672664541
weak_renewal,3.02,3.3421170293033065,1.7985483011731922,27.68628094475722,7.0876879218578495,0.8862362230310379
weak_renewal,3.04,3.3306447598009035,1.7778944570204374,27.805783752073914,7.118280640530924,0.8961750975513578
weak_renewal,3.06,3.3192407853735606,1.7574556071011387,27.924575152358734,7.1486912390038375,0.9061468461049732
weak_renewal,3.08,3.3079048916246876,1.7372308364321924,28.0426573789095,7.178920289000834,0.9161511254330221
weak_renewal,3.1,3.296636863359326,1.7172192293659931,28.160032673340346,7.2089683643751306,0.9261875937411199
weak_renewal,3.12,3.2854364845055484,1.6974198693820541,28.27670328640053,7.238836041318537,0.936255910700588
weak_renewal,3.14,3.274303538034812,1.677831838876188,28.392671478804036,7.268523898573834,0.9463557374500194
weak_renewal,3.16,3.263237805881321,1.6584542189473752,28.50793952206957,7.29803251764981,0.9564867365971829
weak_renewal,3.18,3.2522390688604514,1.6392860891824763,28.622509699370294,7.327362483038796,0.9666485722212697
weak_renewal,3.2,3.2413071065862913,1.6203265274389331,28.736384306392793,7.356514382436556,0.9768409098754863
weak_renewal,3.22,3.2304416973883625,1.6015746096256338,28.84956565220455,7.385488806964366,0.9870634165899971
weak_renewal,3.24,3.219642618227586,1.5830294094821165,28.96205606012931,7.414286351393104,0.9973157608752179
weak_renewal,3.2600000000000002,3.2089096446115652,1.5646899983563085,29.073857868629524,7.442907614369159,1.007597612725465
weak_renewal,3.2800000000000002,3.198242550509264,1.5465554449810006,29.184973432195164,7.471353198641963,1.0179086436229603
weak_renewal,3.3000000000000003,3.187641108265154,1.5286248152492758,29.295405122237973,7.499623711292922,1.0282485265421948
weak_renewal,3.3200000000000003,3.1771050885129255,1.5108971719891242,29.405155327990354,7.527719763965531,1.0386169359546527
weak_renewal,3.34,3.166634260088843,1.4933715747374807,29.51422645740788,7.555641973096418,1.0490135478338956
weak_renewal,3.36,3.156228389944849,1.4760470795139449,29.622620938074483,7.583390960147069,1.0594380396610108
weak_renewal,3.38,3.1458872430615124,1.4589227385944545,29.730341218109242,7.610967351835967,1.0698900904304183
weak_renewal,3.4,3.135610582360927,1.4419976002851838,29.83738976707367,7.6383717803708615,1.080369380656042
weak_renewal,3.42,3.1253981686196712,1.4252707086969687,29.943769076878418,7.665604883680877,1.0908755923778424
weak_renewal,3.44,3.1152497603819445,1.4087411035205646,30.049481662688073,7.692667305648148,1.1014084091687093
weak_renewal,3.46,3.1051651138730003,1.3924078198030494,30.154530063822907,7.719559696338666,1.1119675161417122
weak_renewal,3.48,3.095143982913,1.376269887725711,30.258916844656245,7.746282712232,1.1225525999577077
weak_renewal,3.5,3.085186118831419,1.3603263323837573,30.362644595506044,7.772837016449549,1.133163348833303
weak_renewal,3.52,3.0752912703821376,1.3445761735682045,30.46571593351939,7.799223278980967,1.1437994525491675
weak_renewal,3.54,3.0654591836593563,1.3290184255503108,30.568133503548367,7.825442176908384,1.154460602458691
weak_renewal,3.56,3.055689602014477,1.3136520968689303,30.669899979015856,7.8514943946280615,1.165146491496988
weak_renewal,3.58,3.045982265974101,1.2984761901211759,30.771018062769773,7.877380624069064,1.1758568141902364
weak_renewal,3.6,3.036336913159288,1.2834897017567872,30.871490487924078,7.903101564908566,1.1865912666653495
weak_renewal,3.62,3.0267532782062374,1.268691621876609,30.971320018685024,7.9286579247833675,1.1973495466599735
weak_renewal,3.64,3.0172310926885446,1.2540809340355923,31.070509451160987,7.954050419497214,1.2081313535328038
weak_renewal,3.66,3.0077700850411975,1.2396566150507429,31.169061614154188,7.979279773223474,1.2189363882742132
weak_renewal,3.68,2.998369980486471,1.2254176348144412,31.26697936993259,8.004346718702745,1.2297643535171825
weak_renewal,3.7,2.9890305009618907,1.2113629561135704,31.364265614980297,8.029251997434958,1.2406149535485251
weak_renewal,3.72,2.9797513650504324,1.1974915344548867,31.460923280724657,8.053996359865513,1.2514878943203973
weak_renewal,3.74,2.970532287913122,1.183802317897077,31.556955334238303,8.078580565565007,1.2623828834620805
weak_renewal,3.7600000000000002,2.9613729812242173,1.1702942468899449,31.652364778914396,8.103005383402087,1.2732996302920283
weak_renewal,3.7800000000000002,2.9522731531091257,1.1569662541211712,31.747154655113263,8.127271591708997,1.2842378458301649
weak_renewal,3.8000000000000003,2.943232508085251,1.1438172643710935,31.84132804077863,8.15137997843933,1.2951972428104208
weak_renewal,3.8200000000000003,2.934250747005918,1.130846194375948,31.934888052021684,8.17533134131755,1.3061775356934962
weak_renewal,3.84,2.925327567007566,1.1180519527000135,32.027837843671186,8.199126487979822,1.3171784406798335
weak_renewal,3.86,2.916462661460362,1.1054334396170933,32.12018060978789,8.222766236105699,1.3281996757227903
weak_renewal,3.88,2.907655719922415,1.092989547001769,32.211919584141505,8.246251413540225,1.3392409605419915
weak_renewal,3.9,2.898906428097746,1.080719158230841,32.30305804064848,8.26958285840601,1.3503020166368482
weak_renewal,3.92,2.890214467798181,1.0686211480953791,32.39359929376895,8.292761419204849,1.3613825673002267
weak_renewal,3.94,2.8815795169093237,1.05669438272378,32.48354669886121,8.315787954908469,1.3724823376322473
weak_renewal,3.96,2.873001249360758,1.0449377195162257,32.5729036524921,8.338663335037976,1.3836010545542003
weak_renewal,3.98,2.864479335100636,1.0333500070909205,32.66167359270171,8.361388439731636,1.3947384468225545
weak_renewal,4.0,2.856013440074783,1.021930085242469,32.74985999922101,8.383964159800577,1.4058942450430443
weak_renewal,4.0200000000000005,2.8476032262104716,1.0106767849127392,32.83746639364092,8.406391396772074,1.4170681816848114
weak_renewal,4.04,2.8392483514049816,0.999588928174538,32.924496339531444,8.428671062920047,1.4282599910945837
weak_renewal,4.0600000000000005,2.8309484695190736,0.9886653282284052,33.01095344250965,8.45080408128247,1.4394694095108729
weak_renewal,4.08,2.8227032303754944,0.9779047894128142,33.09684135025527,8.472791385665348,1.4506961750781593
weak_renewal,4.1,2.814512279762613,0.9673061072280303,33.18216375247278,8.494633920633031,1.4619400278610584
weak_renewal,4.12,2.806375259443291,0.9568680683738761,33.266924380799054,8.516332641484558,1.473200709858431
weak_renewal,4.14,2.798291807169067,0.9465894508016053,33.35112700865555,8.53788851421582,1.484477965017424
weak_renewal,4.16,2.7902615566997415,0.936469023780067,33.43477545104436,8.559302515467355,1.4957715392474193
weak_renewal,4.18,2.782284137828421,0.9265055479763199,33.51787356428728,8.580575632457542,1.5070811804338604
weak_renewal,4.2,2.774359176412073,0.9166977755508094,33.60042524570757,8.601708862901138,1.5184066384519441
weak_renewal,4.22,2.76648629440765,0.9070444502672111,33.68243443325365,8.622703214912933,1.5297476651801416
weak_renewal,4.24,2.758665109913791,0.8975443076169869,33.76390510506467,8.643559706896555,1.54110401451354
weak_renewal,4.26,2.7508952372181468,0.8881960749586909,33.84484127897763,8.664279367418276,1.552475442376963
weak_renewal,4.28,2.7431762868503,0.8789984716720055,33.92524701197604,8.684863235065865,1.5638617067378684
weak_renewal,4.3,2.7355078656403116,0.8699502093264759,34.005126399580085,8.705312358292502,1.575262567618975
weak_renewal,4.32,2.727889576782836,0.8610499918648525,34.084483575178794,8.72562779524577,1.5866777871106201
weak_renewal,4.34,2.7203210199067995,0.8522965158009368,34.16332270930417,8.745810613581867,1.5981071293828004
weak_renewal,4.36,2.7128017911505764,0.8436884704317698,34.24164800884816,8.765861890265128,1.6095503606968955
weak_renewal,4.38,2.705331483242607,0.8352245380639873,34.31946371622284,8.785782711353047,1.6210072494170313
weak_renewal,4.4,2.697909685587385,0.8269033942541085,34.39677410846474,8.805574171766972,1.6324775660210777
weak_renewal,4.42,2.6905359843567216,0.8187237080625058,34.47358349628415,8.825237375048742,1.6439610831112443
weak_renewal,4.44,2.683209962586182,0.8106841423207549,34.5498962230606,8.844773433103512,1.6554575754242653
weak_renewal,4.46,2.6759312002765876,0.8027833539120437,34.625716663785546,8.864183465929099,1.6669668198411398
weak_renewal,4.48,2.6686992745004408,0.7950199940642649,34.701049223953746,8.883468601332156,1.6784885953964193
weak_renewal,4.5,2.661513759513146,0.7873927086554042,34.77589833840473,8.902629974631608,1.6900226832870104
weak_renewal,4.5200000000000005,2.65437422686886,0.7799001385307839,34.85026847011604,8.921668728349704,1.7015688668804867
weak_renewal,4.54,2.647280245540811,0.7725409198317078,34.92416410894988,8.940586011891169,1.7131269317228741
weak_renewal,4.5600000000000005,2.6402313820459096,0.7653136843350082,34.997589770355106,8.959382981210908,1.7246966655459126
weak_renewal,4.58,2.6332272005734563,0.7582170598029767,35.07054999402649,8.978060798470782,1.736277858273756
weak_renewal,4.6000000000000005,2.626267263117753,0.7512496703431247,35.143049342523405,8.99662063168599,1.7478703020291129
weak_renewal,4.62,2.6193511296144028,0.7444101367772072,35.215092399849965,9.015063654361592,1.759473791138796
weak_renewal,4.64,2.6124783580800797,0.7376970770188996,35.286683769999165,9.033391045119785,1.771088122138683
weak_renewal,4.66,2.605648504755545,0.7311091064595152,35.35782807546307,9.051603987318545,1.7827130937780584
weak_renewal,4.68,2.5988611242516666,0.7246448383611177,35.4285299557118,9.069703668662221,1.7943485070233358
weak_renewal,4.7,2.592115769698205,0.718302884256367,35.49879406564369,9.087691280804785,1.8059941650611493
weak_renewal,4.72,2.585411992895113,0.7120818543544307,35.56862507400923,9.105568018946363,1.817649873300791
weak_renewal,4.74,2.578749344466093,0.7059803579522602,35.63802766181152,9.123335081423749,1.8293154393760065
weak_renewal,4.76,2.5721273740141584,0.6999970038505429,35.707006520685844,9.140993669295575,1.8409906731461156
weak_renewal,4.78,2.5655456302789226,0.6941304007736091,35.77556635126122,9.15854498592287,1.8526753866964776
weak_renewal,4.8,2.559003661295368,0.6883791577925885,35.843711861506584,9.175990236545683,1.8643693943382693
weak_renewal,4.82,2.552501014553805,0.6827418847510806,35.91144776506452,9.193330627856517,1.876072512607595
weak_renewal,4.84,2.5460372371607707,0.6772171926926306,35.9787787795753,9.210567367571276,1.8877845602639038
weak_renewal,4.86,2.5396118760005773,0.6718036942892756,36.04570962499399,9.22770166399846,1.8995053582877324
weak_renewal,4.88,2.5332244778972597,0.6665000042704474,36.11224502190355,9.244734725607305,1.9112347298777506
weak_renewal,4.9,2.5268745897766403,0.6613047398515103,36.178389689826666,9.261667760595623,1.922972500447132
weak_renewal,4.92,2.520561758828249,0.656216521161231,36.244148345539074,9.278501976458001,1.9347184976192298
weak_renewal,4.94,2.514285532666834,0.6512339716674731,36.309525701387145,9.295238579555107,1.9464725512225782
weak_renewal,4.96,2.5080454594932093,0.6463557186004368,36.374526463612405,9.311878774684773,1.9582344932852074
weak_renewal,4.98,2.5018410882541735,0.6415803933727581,36.43915533068569,9.328423764655536,1.970004158028291
weak_renewal,5.0,2.4956719688012607,0.6369066319958167,36.50341699165353,9.344874749863303,1.9817813818591166
weak_renewal,5.0200000000000005,2.489537652048074,0.6323330754916033,36.56731612449923,9.361232927871802,1.9935660033634017
weak_renewal,5.04,2.4834376901259665,0.6278583702995282,36.630857394521186,9.377499492997421,2.0053578632969473
weak_renewal,5.0600000000000005,2.4773716365378395,0.6234811686775595,36.69404545273084,9.393675635899093,2.0171568045766497
weak_renewal,5.08,2.4713390463098404,0.6192001290971197,36.7568849342725,9.409762543173757,2.028962672270874
weak_renewal,5.1000000000000005,2.4653394761407372,0.6150139166311729,36.81938045686732,9.425761396958032,2.040775313589202
weak_renewal,5.12,2.4593724845487794,0.6109212033349781,36.88153661928355,9.441673374536586,2.0525945778715613
weak_renewal,5.14,2.453437632015837,0.6069206686189937,36.94335799983504,9.457499647957766,2.064420316576758
weak_renewal,5.16,2.447534481128641,0.6030109996134584,37.00484915490999,9.473241383656957,2.076252383270412
weak_renewal,5.18,2.44166259671695,0.5991908915241928,37.06601461753177,9.488899742088131,2.0880906336123224
weak_renewal,5.2,2.4358215459884724,0.5954590479791978,37.12685889595341,9.504475877364072,2.0999349253432666
weak_renewal,5.22,2.4300108986603997,0.5918141813656568,37.18738647228751,9.5199709369056,2.111785118271254
weak_renewal,5.24,2.424230227087395,0.5882550131569725,37.24760180117297,9.535386061100278,2.123641074257248
weak_renewal,5.26,2.4184791063859237,0.5847802742295076,37.307509308479965,9.55072238297087,2.1355026572003744
weak_renewal,5.28,2.4127571145547817,0.5813887051687187,37.36711339005436,9.565981027853914,2.1473697330226296
weak_renewal,5.3,2.407063832591738,0.5780790565644129,37.42641841050273,9.581163113088698,2.159242169653107
weak_renewal,5.32,2.4013988446061663,0.5748500892948802,37.4854287020191,9.596269747716889,2.1711198370117657
weak_renewal,5.34,2.395761737927603,0.5717005747996874,37.54414856325414,9.61130203219306,2.183002606992743
weak_renewal,5.36,2.3901521032101347,0.5686292953409471,37.60258225822776,9.626261058106307,2.194890353447251
weak_renewal,5.38,2.3845695345325693,0.5656350442529102,37.66073401528574,9.64114790791315,2.2067829521660554
weak_renewal,5.4,2.379013629494316,0.5627166261797514,37.718608026100874,9.655963654681825,2.218680280861572
weak_renewal,5.42,2.373483989306949,0.5598728573014526,37.77620844471928,9.670709361848136,2.230582219149585
weak_renewal,5.44,2.367980218881408,0.5571025655477115,37.833539386652,9.685386082982912,2.2424886485306206
weak_renewal,5.46,2.362501926910821,0.5544045907998381,37.89060492801228,9.699994861571144,2.2543994523709787
weak_renewal,5.48,2.3570487259489297,0.5517777850806139,37.94740910469865,9.714536730802854,2.2663145158834648
weak_renewal,5.5,2.3516202324841187,0.5492210127321314,38.00395591162377,9.729012713375685,2.278233726107812
weak_renewal,5.5200000000000005,2.346216067009048,0.5467331505816397,38.06024930198908,9.743423821309205,2.290156971890841
weak_renewal,5.54,2.3408358540859124,0.5443130880954603,38.11629318660508,9.7577710557709,2.302084143866357
weak_renewal,5.5600000000000005,2.3354792224073364,0.5419597275210459,38.17209143325692,9.77205540691377,2.3140151344348125
weak_renewal,5.58,2.330145804852951,0.5396719840172893,38.22764786611509,9.786277853725464,2.3259498377427503
weak_renewal,5.6000000000000005,2.324835238541678,0.5374487857731975,38.28296626519085,9.800439363888858,2.3378881496620525
weak_renewal,5.62,2.3195471648797783,0.5352890741150776,38.33805036583564,9.814540893653925,2.349829967768999
weak_renewal,5.64,2.314281229604704,0.5331918036023888,38.392903858284335,9.82858338772079,2.361775191323176
weak_renewal,5.66,2.309037082824827,0.5311559421124392,38.447530387241386,9.842567779133795,2.3737237212462308
weak_renewal,5.68,2.303814379055105,0.5291804709141158,38.501933551509325,9.856494989186388,2.3856754601005
weak_renewal,5.7,2.298612777248744,0.5272643847308576,38.55611690365892,9.870365927336683,2.3976303120675375
weak_renewal,5.72,2.2934319408249553,0.5254066917930884,38.610083949740044,9.884181491133452,2.4095881829265378
weak_renewal,5.74,2.2882715376928675,0.5236064138803433,38.66383814903263,9.897942566152354,2.4215489800326946
weak_renewal,5.76,2.283131240271689,0.5218625863533294,38.71738291383657,9.911650025942164,2.43351261229549
weak_renewal,5.78,2.278010725507209,0.5201742581761791,38.770721609299905,9.925304731980777,2.445478990156953
weak_renewal,5.8,2.2729096748847293,0.5185404919291531,38.82385755328407,9.938907533640723,2.4574480255698727
weak_renewal,5.82,2.2678277744385165,0.5169603638120653,38.87679401626546,9.952459268163956,2.469419631976019
weak_renewal,5.84,2.262764714757885,0.5154329636387086,38.929534221272036,9.96596076064564,2.481393724284346
weak_renewal,5.86,2.2577201909899998,0.513957394822561,38.98208134385417,9.979412824026667,2.493370218849226
weak_renewal,5.88,2.252693902839509,0.5125327743540636,39.03443851208844,9.992816259094642,2.5053490334487023
weak_renewal,5.9,2.247685554565111,0.5111582327697601,39.08660880661343,10.006171854493036,2.5173300872627946
weak_renewal,5.92,2.2426948549731525,0.5098329141135927,39.13859526069633,10.019480386738259,2.52931330085185
weak_renewal,5.94,2.237721517408379,0.5085559758906522,39.19040086032938,10.032742620244322,2.541298596134972
weak_renewal,5.96,2.2327652597419347,0.5073265890136817,39.242028544354845,10.04595930735484,2.5532858963685197
weak_renewal,5.98,2.2278258043567196,0.5061439377426299,39.2934812046175,10.05913118838208,2.5652751261247078
weak_renewal,6.0,2.22290287813022,0.5050072196175556,39.34476168614354,10.072258991652747,2.5772662112703
weak_renewal,6.0200000000000005,2.2179962124149077,0.5039156453851793,39.39587278734471,10.085343433560245,2.5892590789454224
weak_renewal,6.04,2.2131055430163324,0.5028684389193804,39.44681726024653,10.098385218623113,2.6012536575424905
weak_renewal,6.0600000000000005,2.208230610168993,0.501864837135931,39.497597810739656,10.11138503954935,2.61324987668528
weak_renewal,6.08,2.203371158510112,0.5009040899017595,39.548217098853,10.124343577306368,2.6252476672081246
weak_renewal,6.1000000000000005,2.198526937051408,0.49998545993903326,39.59867773904784,10.137261501196246,2.637246961135276
weak_renewal,6.12,2.1936976991489723,0.4991082227243409,39.648982300531536,10.150139468936073,2.649247691660412
weak_renewal,6.140000000000001,2.1888832024713523,0.49827166638325743,39.69913330759008,10.16297812674306,2.6612497931263155
weak_renewal,6.16,2.184083208965941,0.49747509158056585,39.74913323993811,10.175778109424156,2.6732532010047194
weak_renewal,6.18,2.179297484823773,0.49671781140640575,39.798984533085694,10.188540040469936,2.6852578518763406
weak_renewal,6.2,2.174525800442821,0.49599915125861394,39.84868957872062,10.201264532152475,2.697263683411088
weak_renewal,6.22,2.1697679303898916,0.49531844872151587,39.8982507251053,10.213952185626955,2.7092706343484685
weak_renewal,6.24,2.165023653361211,0.49467505344142026,39.94767027748739,10.226603591036769,2.721278644478188
weak_renewal,6.26,2.1602927521417916,0.494068326999066,39.996950498523006,10.239219327621887,2.7332876546209524
weak_renewal,6.28,2.1555750135636664,0.4934976427792592,40.046093608711814,10.251799963830221,2.74529760660948
weak_renewal,6.3,2.1508702284630816,0.4929623858379357,40.0951017868429,10.264346057431782,2.7573084432697152
weak_renewal,6.32,2.146178191636726,0.4924619527668755,40.143977170450775,10.276858155635397,2.7693201084022703
weak_renewal,6.34,2.141498701797082,0.4919957515562906,40.1927218562804,10.289336795207781,2.7813325467640695
weak_renewal,6.36,2.136831561526975,0.49156320145549803,40.24133790076068,10.301782502594733,2.793345704050229
weak_renewal,6.38,2.1321765772333987,0.4911637328318845,40.289827320485436,10.31419579404427,2.8053595268761526
weak_renewal,6.4,2.1275335591006894,0.49079678702836327,40.338192092701156,10.326577175731494,2.8173739627598557
weak_renewal,6.42,2.1229023210431217,0.4904618162195141,40.38643415580082,10.338927143885009,2.8293889601045215
weak_renewal,6.44,2.1182826806569897,0.4901582832665916,40.434555409823034,10.351246184914693,2.8414044681812842
weak_renewal,6.46,2.1136744591722487,0.48988566157158014,40.48255771695575,10.36353477554067,2.853420437112249
weak_renewal,6.48,2.1090774814037707,0.4896434349304661,40.53044290204406,10.375793382923277,2.865436817853742
weak_renewal,6.5,2.104491575702284,0.4894310973858917,40.57821275310122,10.388022464793908,2.877453562179799
weak_renewal,6.5200000000000005,2.0999165739050456,0.4892481530793473,40.625869021822446,10.400222469586543,2.8894706226658906
weak_renewal,6.54,2.095352311286315,0.48909411610305215,40.67341342410089,10.412393836569825,2.901487952672877
weak_renewal,6.5600000000000005,2.0907986265076697,0.4889685103516669,40.72084764054512,10.424536995979546,2.9135055063312123
weak_renewal,6.58,2.0862553615682247,0.48887086937397595,40.76817331699767,10.4366523691514,2.9255232385253747
weak_renewal,6.6000000000000005,2.0817223617547973,0.4888007362246683,40.815392065054205,10.448740368653873,2.93754110487854
weak_renewal,6.62,2.077199475592068,0.4887576633163417,40.86250546258263,10.460801398421149,2.949559061737491
weak_renewal,6.640000000000001,2.072686554792781,0.48874121227184714,40.90951505424187,10.472835853885915,2.9615770661577616
weak_renewal,6.66,2.0681834542080244,0.4887509537770863,40.956422351999755,10.484844122111934,2.9735950758890195
weak_renewal,6.68,2.0636900317776306,0.488786467434366,41.00322883564969,10.496826581926317,2.9856130493606825
weak_renewal,6.7,2.0592061484807394,0.4888473416164094,41.049935953325644,10.50878360405136,2.99763094566777
weak_renewal,6.72,2.054731668286551,0.48893317332111985,41.09654512201511,10.520715551235861,3.0096487245569823
weak_renewal,6.74,2.050266458105309,0.48904356802718263,41.14305772806971,10.53262277838584,3.021666346413023
weak_renewal,6.76,2.0458103877395435,0.4891781395505902,41.189475127713095,10.544505632694548,3.0336837722451384
weak_renewal,6.78,2.041363329835601,0.4893365099021675,41.235798647545835,10.556364453771728,3.045700963673896
weak_renewal,6.8,2.0369251598354943,0.4895183091461702,41.28202958504694,10.568199573772013,3.057717882918183
weak_renewal,6.82,2.032495755929095,0.4897231752600239,41.32816920907194,10.580011317522413,3.069734492782436
weak_renewal,6.84,2.028074999006691,0.48995075399526683,41.37421876034698,10.591800002648823,3.0817507566440887
weak_renewal,6.86,2.0236627726119405,0.4902006987397561,41.420179451958965,10.603565939701491,3.093766638441246
weak_renewal,6.88,2.01925896289523,0.49047267038118925,41.466052469841365,10.615309432279386,3.105782102660574
weak_renewal,6.9,2.0148634585674685,0.49076633717199364,41.51183897325554,10.627030777153415,3.1177971143254086
weak_renewal,6.92,2.0104761508543296,0.49108137459562695,41.557540095267406,10.638730264388451,3.129811638984079
weak_renewal,6.94,2.006096933450957,0.49141746523433294,41.603156943219204,10.650408177464113,3.1418256426984454
weak_renewal,6.96,2.0017257024771538,0.49177429863838884,41.64869059919632,10.662064793394254,3.1538390920326425
weak_renewal,6.98,1.9973623564330645,0.49215157119688047,41.69414212048892,10.673700382845158,3.1658519540420396
weak_renewal,7.0,1.9930067961553644,0.4925489860100347,41.739512540048295,10.685315210252359,3.177864196262394
weak_renewal,7.0200000000000005,1.988658924773968,0.49296625276313816,41.78480286693784,10.696909533936083,3.189875786699221
weak_renewal,7.04,1.984318647669267,0.4934030876020662,41.830014086778476,10.708483606215285,3.201886693817352
weak_renewal,7.0600000000000005,1.9799858724299026,0.4938592130104441,41.87514716218852,10.720037673520258,3.2138968865307014
weak_renewal,7.08,1.9756605088110901,0.49433435768845907,41.92020303321782,10.731571976503758,3.2259063341922167
weak_renewal,7.1000000000000005,1.971342468693488,0.49482825643333916,41.96518261777617,10.743086750150697,3.237915006584035
weak_renewal,7.12,1.9670316660426346,0.4953406500215123,42.01008681205589,10.754582223886306,3.249922873907818
weak_renewal,7.140000000000001,1.9627280168689414,0.49587128509245704,42.05491649094853,10.766058621682822,3.261929906775278
weak_renewal,7.16,1.9584314391882598,0.4964199140342527,42.099672508455626,10.77751616216464,3.2739360761988907
weak_renewal,7.18,1.9541418529830168,0.4969862948708359,42.14435569809358,10.788955058711954,3.2859413535827886
weak_renewal,7.2,1.9498591801639256,0.4975701911509679,42.18896687329244,10.800375519562863,3.297945710713831
weak_renewal,7.22,1.9455833445322734,0.49817137183891447,42.233506827788815,10.811777747913936,3.3099491197528494
weak_renewal,7.24,1.9413142717427854,0.49878961120683957,42.27797633601265,10.823161942019237,3.321951553226076
weak_renewal,7.26,1.9370518892670667,0.49942468872891005,42.322376153468056,10.83452829528782,3.3339529840167295
weak_renewal,7.28,1.9327961263576234,0.5000763889771105,42.36670701710809,10.845876996379669,3.3459533853567787
weak_renewal,7.3,1.9285469140124596,0.5007445015187615,42.410969645703545,10.857208229300106,3.3579527308188664
weak_renewal,7.32,1.9243041849402502,0.5014288208157373,42.45516474020573,10.868522173492664,3.369950994308401
weak_renewal,7.34,1.920067873526089,0.5021291461253731,42.499292984103235,10.879819003930427,3.3819481500557997
weak_renewal,7.36,1.915837915797808,0.5028452814030561,42.543355043772834,10.891098891205845,3.3939441726088986
weak_renewal,7.38,1.9116142493928658,0.5035770352064877,42.58735156882431,10.902362001619023,3.40593903682551
weak_renewal,7.4,1.907396813525802,0.5043242206016083,42.63128319243956,10.913608497264526,3.417932717866134
weak_renewal,7.42,1.9031855489562546,0.5050866550701703,42.67515053170568,10.924838536116653,3.4299251911868223
weak_renewal,7.44,1.8989803979575366,0.5058641604189487,42.71895418794233,10.936052272113235,3.4419164325321825
weak_renewal,7.46,1.8947813042857653,0.506656562690573,42.762694747023275,10.947249855237958,3.45390641792853
weak_renewal,7.48,1.890588213149543,0.5074636920759682,42.80637277969226,10.958431431601218,3.465895123677184
weak_renewal,7.5,1.8864010711801833,0.5082853828283864,42.84998884187309,10.969597143519511,3.477882526347895
weak_renewal,7.5200000000000005,1.882219826402474,0.5091214731790168,42.89354347497423,10.980747129593402,3.489868602772417
weak_renewal,7.54,1.87804442820598,0.5099718052541532,42.9370372061877,10.991881524784052,3.501853330038204
weak_renewal,7.5600000000000005,1.87387482731687,0.5108362249939046,42.980470548782606,11.003000460488346,3.5138366854822487
weak_renewal,7.58,1.8697109757702697,0.5117145820724293,43.02384400239302,11.014104064612614,3.5258186466850407
weak_renewal,7.6000000000000005,1.865552826883131,0.5126067298196759,43.067158053300716,11.025192461644984,3.537799191464657
weak_renewal,7.62,1.8614003352276134,0.51351252514461,43.110413174712356,11.036265772726363,3.549778297870972
weak_renewal,7.640000000000001,1.8572534566049677,0.5144318284599103,43.15360982703159,11.047324115720086,3.561755944179994
weak_renewal,7.66,1.8531121480199224,0.5153645036081114,43.19674845812581,11.058367605280207,3.573732108888316
weak_renewal,7.68,1.8489763676555573,0.5163104177891772,43.23982950358794,11.069396352918513,3.5857067707076884
weak_renewal,7.7,1.844846074848666,0.5172694414894824,43.28285338699306,11.080410467070223,3.597679908559704
weak_renewal,7.72,1.8407212300655946,0.5182414484121814,43.32582052015005,11.091410053158413,3.609651501570593
weak_renewal,7.74,1.8366017948785542,0.5192263154089475,43.36873130334839,11.102395213657188,3.6216215290661338
weak_renewal,7.76,1.8324877319423956,0.5202239224130581,43.411586125600046,11.11336604815361,3.633589970566667
weak_renewal,7.78,1.828379004971844,0.5212341523738077,43.45438536487662,11.124322653408415,3.645556805782221
weak_renewal,7.8,1.8242755787191847,0.5222568911922266,43.497129388341826,11.135265123415506,3.6575220146077316
weak_renewal,7.82,1.82017741895239,0.5232920276580868,43.53981855257927,11.14619354946029,3.6694855771183774
weak_renewal,7.84,1.8160844924336876,0.5243394533881706,43.58245320381575,11.15710802017683,3.6814474735650005
weak_renewal,7.86,1.8119967668985542,0.5253990627657852,43.62503367814006,11.168008621603853,3.693407684369638
weak_renewal,7.88,1.8079142110351347,0.5264707528814992,43.667560301717344,11.178895437239639,3.7053661901211368
weak_renewal,7.9,1.803836794464077,0.5275544234750834,43.7100333909992,11.189768548095792,3.7173229715708747
weak_renewal,7.92,1.7997644877187742,0.5286499768786308,43.752453252929435,11.200628032749933,3.7292780096285627
weak_renewal,7.94,1.79569726222601,0.5297573179608418,43.79482018514573,11.211473967397305,3.7412312853581455
weak_renewal,7.96,1.7916350902869982,0.5308763540724474,43.8371344761771,11.222306425901335,3.7531827799737822
weak_renewal,7.98,1.7875779450588098,0.5320069949927544,43.879396405637394,11.23312547984317,3.7651324748359243
weak_renewal,8.0,1.783525800536183,0.5331491528772906,43.92160624441476,11.243931198570177,3.7770803514474656
weak_renewal,8.02,1.779478631533703,0.5343027422065314,43.96376425485726,11.254723649243456,3.7890263914499864
weak_renewal,8.040000000000001,1.7754364136683538,0.5354676797356854,44.005870690954644,11.265502896884389,3.8009705766200717
weak_renewal,8.06,1.7713991233424287,0.5366438844455221,44.04792579851637,11.276269004420188,3.8129128888657084
weak_renewal,8.08,1.7673667377267928,0.5378312774942204,44.089929815345904,11.28702203272855,3.8248533102227693
weak_renewal,8.1,1.7633392347444947,0.5390297821702188,44.131882971411514,11.297762040681345,3.8367918228515623
weak_renewal,8.120000000000001,1.7593165930547188,0.5402393238460488,44.17378548901334,11.308489085187414,3.8487284090334613
weak_renewal,8.14,1.7552987920370713,0.5414598299331319,44.215637582947174,11.319203221234474,3.8606630511676046
weak_renewal,8.16,1.7512858117761916,0.5426912298375217,44.25743946066466,11.329904501930153,3.8725957317676736
weak_renewal,8.18,1.747277633046689,0.5439334549165731,44.29919132243032,11.34059297854216,3.8845264334587317
weak_renewal,8.2,1.7432742372983911,0.5451864384365185,44.34089336147509,11.351268700537622,3.896455138974138
weak_renewal,8.22,1.7392756066419015,0.5464501155309363,44.382545764146855,11.361931715621594,3.908381831152528
weak_renewal,8.24,1.7352817238344622,0.5477244231600896,44.424148710057686,11.372582069774765,3.920306492934853
weak_renewal,8.26,1.7312925722661083,0.5490093000711224,44.46570237222804,11.383219807290375,3.932229107361496
weak_renewal,8.28,1.7273081359461173,0.5503046867590909,44.50720691722794,11.39384497081035,3.9441496575694406
weak_renewal,8.3,1.7233283994897397,0.5516105254288172,44.54866250531521,11.404457601360692,3.956068126789507
weak_renewal,8.32,1.7193533481052128,0.5529267599575454,44.590069290570696,11.415057738386096,3.96798449834364
weak_renewal,8.34,1.715382967581041,0.5542533358583862,44.63142742103082,11.425645419783887,3.9798987556422722
weak_renewal,8.36,1.7114172442735498,0.555590200244532,44.67273703881719,11.436220681937197,3.991810882181728
weak_renewal,8.38,1.7074561650946967,0.5569373017942257,44.713998280263574,11.446783559747473,4.003720861541697
weak_renewal,8.4,1.7034997175001438,0.5582945907164699,44.75521127604017,11.45733408666628,4.0156286773827485
weak_renewal,8.42,1.6995478894775753,0.5596620187174595,44.79637615127526,11.467872294726464,4.027534313443921
weak_renewal,8.44,1.6956006695352646,0.5610395389677216,44.83749302567433,11.478398214572625,4.039437753540344
weak_renewal,8.46,1.6916580466908813,0.5624271060699503,44.87856201363665,11.48891187549098,4.051338981560928
weak_renewal,8.48,1.6877200104605339,0.5638246760275176,44.91958322436944,11.499413305438573,4.06323798146609
weak_renewal,8.5,1.6837865508480392,0.5652322062136513,44.96055676199959,11.509902531071893,4.075134737285541
weak_renewal,8.52,1.6798576583344231,0.5666496553412597,45.00148272568309,11.520379577774868,4.087029233116127
weak_renewal,8.540000000000001,1.6759333238676366,0.5680769834333941,45.04236120971212,11.530844469686299,4.098921453119692
weak_renewal,8.56,1.6720135388524906,0.5695141517943322,45.08319230361989,11.541297229726688,4.110811381521019
weak_renewal,8.58,1.6680982951408008,0.5709611229812709,45.12397609228333,11.551737879624527,4.122699002605798
weak_renewal,8.6,1.6641875850217378,0.5724178607766138,45.16471265602357,11.562166439942029,4.134584300718642
weak_renewal,8.620000000000001,1.6602814012123814,0.5738843301608415,45.20540207070436,11.572582930100312,4.146467260261153
weak_renewal,8.64,1.6563797368484723,0.5753604972859501,45.246044407828414,11.58298736840407,4.158347865690019
weak_renewal,8.66,1.6524825854753529,0.5768463294494492,45.28663973463174,11.59337977206572,4.17022610151517
weak_renewal,8.68,1.648589941039103,0.5783417950689027,45.32718811417601,11.603760157229054,4.182101952297957
weak_renewal,8.700000000000001,1.6447017978778549,0.5798468636570033,45.36768960543901,11.614128538992382,4.193975402649386
weak_renewal,8.72,1.640818150713294,0.5813615057971678,45.40814426340319,11.624484931431212,4.205846437228379
weak_renewal,8.74,1.6369389946423307,0.5828856931196419,45.44855213914239,11.634829347620448,4.217715040740089
weak_renewal,8.76,1.633064325128949,0.5844193982781031,45.48891327990678,11.645161799656131,4.229581197934235
weak_renewal,8.78,1.6291941379962223,0.5859625949267513,45.52922772920602,11.655482298676736,4.241444893603488
weak_renewal,8.8,1.6253284294184933,0.5875152576978743,45.5694955268907,11.665790854884014,4.253306112581888
weak_renewal,8.82,1.6214671959137188,0.5890773621798802,45.6097167092321,11.676087477563412,4.265164839743292
weak_renewal,8.84,1.6176104343359663,0.5906488848957846,45.64989130900035,11.686372175104086,4.27702105999987
weak_renewal,8.86,1.6137581418680702,0.592229803282142,45.69001935554094,11.696644955018476,4.288874758300617
weak_renewal,8.88,1.6099103160144348,0.5938200956684137,45.73010087484964,11.706905823961504,4.300725919629917
weak_renewal,8.9,1.6060669545939878,0.5954197412567578,45.770135889645964,11.717154787749362,4.3125745290061195
weak_renewal,8.92,1.6022280557332738,0.5970287201022394,45.81012441944507,11.727391851377934,4.3244205714801724
weak_renewal,8.94,1.5983936178596914,0.5986470130934428,45.85006648062822,11.73761701904082,4.336264032134262
weak_renewal,8.96,1.5945636396948666,0.600274601933483,45.88996208651181,11.74783029414702,4.3481048960805015
weak_renewal,8.98,1.5907381202481612,0.6019114691214043,45.92981124741499,11.758031679338234,4.359943148459637
weak_renewal,9.0,1.5869170588103105,0.6035575979339585,45.96961397072594,11.768221176505836,4.371778774439793
weak_renewal,9.02,1.5831004549471905,0.605212972407754,46.00937026096677,11.77839878680749,4.383611759215242
weak_renewal,9.040000000000001,1.5792883084937106,0.6068775773217664,46.04908011985719,11.788564510683436,4.3954420880052005
weak_renewal,9.06,1.5754806195478295,0.608551398180204,46.08874354637678,11.798718347872452,4.407269746052655
weak_renewal,9.08,1.5716773884646862,0.6102344211957187,46.12836053682619,11.8088602974275,4.419094718623218
weak_renewal,9.1,1.567878615850854,0.6119266332729552,46.167931084886945,11.818990357731053,4.430916991004008
weak_renewal,9.120000000000001,1.5640843025587043,0.6136280219924302,46.20745518168017,11.829108526510119,4.442736548502548
weak_renewal,9.14,1.5602944496808844,0.6153385755947348,46.246932815824124,11.839214800850973,4.454553376445706
weak_renewal,9.16,1.5565090585449013,0.6170582829650535,46.286363973490616,11.849309177213593,4.466367460178646
weak_renewal,9.18,1.5527281307078153,0.618787133617989,46.32574863846026,11.859391651445822,4.478178785063811
weak_renewal,9.200000000000001,1.5489516679510351,0.6205251176826908,46.365086792176726,11.869462218797237,4.489987336479927
weak_renewal,9.22,1.5451796722752165,0.6222722258882764,46.40437841379984,11.879520873932753,4.501793099821029
weak_renewal,9.24,1.5414121458952577,0.6240284495495416,46.44362348025774,11.889567610945976,4.513596060495518
weak_renewal,9.26,1.537649091235394,0.6257937805529514,46.48282196629799,11.89960242337228,4.525396203925231
weak_renewal,9.28,1.5338905109243863,0.627568211342905,46.521973844537655,11.909625304201635,4.537193515544538
weak_renewal,9.3,1.5301364077908013,0.62935173490827,46.561079085512496,11.919636245891194,4.548987980799463
weak_renewal,9.32,1.5263867848583845,0.6311443447691791,46.60013765772517,11.929635240377639,4.560779585146817
weak_renewal,9.34,1.5226416453415175,0.6329460349640824,46.63914952769254,11.939622279089285,4.572568314053365
weak_renewal,9.36,1.5189009926407657,0.6347568000370509,46.67811465999203,11.949597352957957,4.584354152995005
weak_renewal,9.38,1.5151648303385075,0.6365766350253245,46.71703301730722,11.959560452430646,4.5961370874559675
weak_renewal,9.4,1.5114331621946473,0.6384055354470983,46.75590456047244,11.96951156748094,4.6079171029280355
weak_renewal,9.42,1.507705992142408,0.6402434972895454,46.79472924851659,11.979450687620243,4.619694184909787
weak_renewal,9.44,1.5039833242842022,0.6420905169970644,46.83350703870624,11.989377801908793,4.6314683189058545
weak_renewal,9.46,1.5002651628875805,0.6439465914597535,46.87223788658771,11.99929289896645,4.643239490426202
weak_renewal,9.48,1.4965515123812552,0.6458117180021001,46.9109217460286,12.009195966983318,4.655007684985416
weak_renewal,9.5,1.4928423773511956,0.6476858943718861,46.949558569258386,12.019086993730145,4.666772888102027
weak_renewal,9.52,1.4891377625367963,0.6495691187292996,46.988148306908386,12.028965966568542,4.678535085297839
weak_renewal,9.540000000000001,1.4854376728271146,0.651461389636251,47.0266909080509,12.038832872461027,4.690294262097275
weak_renewal,9.56,1.4817421132571782,0.6533627060458879,47.065186320237736,12.048687697980858,4.702050404026743
weak_renewal,9.58,1.4780510890043552,0.6552730672923055,47.103634489537974,12.058530429321719,4.713803496614021
weak_renewal,9.6,1.474364605384794,0.6571924730804457,47.14203536057507,12.068361052307216,4.7255535253876575
weak_renewal,9.620000000000001,1.470682667849925,0.6591209234761833,47.18038887656329,12.0781795524002,4.73730047587638
weak_renewal,9.64,1.467005281983023,0.6610584188965924,47.21869497934352,12.087985914711938,4.749044333608527
weak_renewal,9.66,1.4633324534958339,0.6630049601003924,47.2569536094184,12.097780124011111,4.7607850841114985
weak_renewal,9.68,1.4596641882252566,0.6649605481785658,47.29516470598692,12.10756216473265,4.772522712911212
weak_renewal,9.700000000000001,1.4560004921300862,0.666925184545146,47.33332820697828,12.117332020986437,4.7842572055315795
weak_renewal,9.72,1.4523413712878142,0.6688988709281722,47.37144404908528,12.127089676565829,4.795988547493998
weak_renewal,9.74,1.4486868318914803,0.670881609360805,47.40951216779709,12.136835114956053,4.807716724316855
weak_renewal,9.76,1.4450368802465823,0.6728734021726014,47.447532497431446,12.146568319342448,4.819441721515045
weak_renewal,9.78,1.4413915227680374,0.6748742519809444,47.485504971166286,12.156289272618569,4.831163524599509
weak_renewal,9.8,1.4377507659771949,0.6768841616826249,47.523429521070895,12.165997957394149,4.842882119076769
weak_renewal,9.82,1.4341146164989014,0.67890313444557,47.561306078136454,12.17569435600293,4.854597490448497
weak_renewal,9.84,1.430483081058612,0.6809311737007196,47.599134572306134,12.185378450510369,4.866309624211085
weak_renewal,9.86,1.4268561664795532,0.6829682831340409,47.636914932504666,12.195050222721193,4.87801850585523
weak_renewal,9.88,1.4232338796799302,0.6850144666786846,47.6746470866674,12.204709654186853,4.889724120865535
weak_renewal,9.9,1.419616227670185,0.687069728507274,47.71233096176891,12.214356726212841,4.901426454720111
weak_renewal,9.92,1.4160032175502923,0.68913407302433,47.749966483851125,12.223991419865888,4.913125492890214
weak_renewal,9.94,1.4123948565071072,0.6912075048588225,47.787553578050975,12.233613715981049,4.924821220839867
weak_renewal,9.96,1.4087911518117495,0.6932900288568513,47.82509216862761,12.243223595168669,4.936513624025516
weak_renewal,9.98,1.4051921108170375,0.6953816500744485,47.8625821789892,12.252821037821233,4.948202687895679
weak_renewal,10.0,1.401597740954954,0.6974823737705059,47.900023531719235,12.262406024120123,4.959888397890626
weak_renewal,10.02,1.3980080497341612,0.6995922053998178,47.937416148602495,12.271978534042237,4.971570739442052
weak_renewal,10.040000000000001,1.394423044737549,0.7017111506062423,47.97475995065054,12.281538547366535,4.983249697972775
weak_renewal,10.06,1.3908427336198268,0.703839215215975,48.01205485812681,12.291086043680462,4.9949252588964335
weak_renewal,10.08,1.3872671241051482,0.7059764052309359,48.04930079057138,12.300621002386272,5.006597407617204
weak_renewal,10.1,1.383696223984776,0.7081227268222627,48.08649766682526,12.310143402707263,5.018266129529523
weak_renewal,10.120000000000001,1.3801300411147825,0.710278186323914,48.123645405054354,12.319653223693912,5.029931410017824
weak_renewal,10.14,1.3765685834137855,0.7124427902263738,48.16074392277308,12.329150444229905,5.0415932344562755
weak_renewal,10.16,1.3730118588607167,0.7146165451704605,48.197793136867546,12.338635043038089,5.053251588208546
weak_renewal,10.18,1.3694598754926277,0.7167994579412353,48.234792963618474,12.348106998686326,5.064906456627558
weak_renewal,10.200000000000001,1.3659126414025258,0.7189915354620087,48.2717433187237,12.357566289593263,5.0765578250552705
weak_renewal,10.22,1.3623701647372448,0.7211927847884423,48.30864411732038,12.367012894034012,5.088205678822453
weak_renewal,10.24,1.3588324536953456,0.7234032131027465,48.34549527400683,12.376446790145744,5.099850003248489
weak_renewal,10.26,1.355299516525048,0.7256228277079685,48.382296702864096,12.385867955933204,5.1114907836411705
weak_renewal,10.28,1.3517713615221956,0.7278516360223714,48.41904831747714,12.395276369274145,5.123128005296513
weak_renewal,10.3,1.3482479970282464,0.7300896455739017,48.45575003095578,12.404672007924676,5.1347616534985745
weak_renewal,10.32,1.3447294314282965,0.7323368639947427,48.49240175595526,12.414054849524542,5.146391713519282
weak_renewal,10.34,1.3412156731491296,0.7345932990159548,48.52900340469658,12.42342487160232,5.158018170618273
weak_renewal,10.36,1.3377067306572954,0.7368589584621964,48.56555488898652,12.432782051580544,5.169641010042739
weak_renewal,10.38,1.3342026124572164,0.7391338502465284,48.60205612023734,12.442126366780755,5.181260217027282
weak_renewal,10.4,1.3307033270893205,0.7414179823652975,48.638507009486254,12.451457794428478,5.192875776793774
weak_renewal,10.42,1.3272088831282,0.7437113628930987,48.6749074674146,12.460776311658131,5.204487674551229
weak_renewal,10.44,1.323719289180797,0.7460139999778139,48.71125740436671,12.470081895517874,5.216095895495686
weak_renewal,10.46,1.3202345538846132,0.7483259018357271,48.74755673036863,12.479374522974364,5.22770042481009
weak_renewal,10.48,1.3167546859059465,0.7506470767467117,48.783805355146406,12.488654170917476,5.239301247664185
weak_renewal,10.5,1.3132796939381493,0.7529775330494922,48.82000318814429,12.497920816164935,5.250898349214425
weak_renewal,10.52,1.309809586699912,0.7553172791369767,48.856150138542596,12.5071744354669,5.262491714603875
weak_renewal,10.540000000000001,1.3063443729335706,0.7576663234516577,48.89224611527532,12.516415005510478,5.274081328962133
weak_renewal,10.56,1.3028840614034365,0.7600246744810835,48.92829102704755,12.525642502924168,5.28566717740525
weak_renewal,10.58,1.2994286608941483,0.7623923407533961,48.964284782352635,12.53485690428227,5.2972492450356645
weak_renewal,10.6,1.2959781802090464,0.764769330832935,49.00022728948912,12.544058186109208,5.3088275169421415
weak_renewal,10.620000000000001,1.2925326281685692,0.7671556533159057,49.03611845657742,12.553246324883814,5.320401978199718
weak_renewal,10.64,1.2890920136086719,0.769551316826112,49.07195819157635,12.56242129704354,5.331972613869651
weak_renewal,10.66,1.2856563453792629,0.7719563300107518,49.10774640229936,12.571583078988631,5.343539408999382
weak_renewal,10.68,1.2822256323426637,0.7743707015362734,49.143482996430606,12.580731647086228,5.355102348622501
weak_renewal,10.700000000000001,1.2787998833720882,0.7767944400842921,49.179167881540764,12.58986697767443,5.3666614177587215
weak_renewal,10.72,1.2753791073501421,0.7792275543475657,49.214800965102704,12.598989047066286,5.37821660141385
weak_renewal,10.74,1.2719633131673405,0.7816700530260311,49.25038215450689,12.608097831553756,5.389767884579787
weak_renewal,10.76,1.2685525097206456,0.7841219448228944,49.28591135707663,12.617193307411611,5.401315252234504
weak_renewal,10.78,1.2651467059120232,0.7865832384407798,49.32138848008311,12.62627545090127,5.412858689342049
weak_renewal,10.8,1.2617459106470177,0.7890539425779334,49.35681343076025,12.635344238274618,5.424398180852551
weak_renewal,10.82,1.2583501328333462,0.7915340659244806,49.39218611631932,12.644399645777742,5.435933711702222
weak_renewal,10.84,1.2549593813795072,0.7940236171587395,49.42750644396348,12.653441649654647,5.447465266813384
weak_renewal,10.86,1.2515736651934108,0.796522604943584,49.462774320901985,12.662470226150903,5.458992831094486
weak_renewal,10.88,1.2481929931810238,0.7990310379228612,49.497989654364346,12.67148535151727,5.470516389440128
weak_renewal,10.9,1.2448173742450344,0.8015489247178584,49.53315235161424,12.68048700201324,5.482035926731098
weak_renewal,10.92,1.2414468172835282,0.8040762739238219,49.56826231996326,12.68947515391059,5.493551427834411
weak_renewal,10.94,1.238081331188688,0.8066130941065235,49.60331946678451,12.698449783496832,5.505062877603352
weak_renewal,10.96,1.234720924845504,0.8091593937988779,49.63832369952601,12.707410867078655,5.516570260877531
weak_renewal,10.98,1.231365607130504,0.8117151814976057,49.67327492572393,12.716358380985323,5.528073562482926
weak_renewal,11.0,1.228015386910495,0.8142804656599464,49.70817305301569,12.725292301572013,5.539572767231957
weak_renewal,11.02,1.2246702730413257,0.8168552547004158,49.743017989152875,12.734212605223131,5.551067859923545
weak_renewal,11.040000000000001,1.2213302743666592,0.8194395569876113,49.77780964201398,12.743119268355574,5.562558825343183
weak_renewal,11.06,1.2179953997167656,0.8220333808410598,49.81254791961704,12.752012267421957,5.574045648263015
weak_renewal,11.08,1.2146656579073245,0.8246367345281141,49.847232730132056,12.760891578913801,5.5855283134419125
weak_renewal,11.1,1.2113410577382455,0.8272496262608902,49.88186398189329,12.769757179364678,5.597006805625566
weak_renewal,11.120000000000001,1.2080216079925035,0.8298720641932493,49.91644158341144,12.778609045353324,5.60848110954657
weak_renewal,11.14,1.2047073174349858,0.8325040564178222,49.950965443385584,12.787447153506704,5.6199512099245235
weak_renewal,11.16,1.201398194811355,0.8351456109630773,49.98543547071507,12.796271480503053,5.631417091466127
weak_renewal,11.18,1.198094248846926,0.8377967357904285,50.01985157451121,12.805082003074864,5.6428787388652895
weak_renewal,11.200000000000001,1.1947954882455545,0.8404574387913862,50.05421366410883,12.813878698011854,5.654336136803238
weak_renewal,11.22,1.1915019216885436,0.8431277277847468,50.088521649077684,12.822661542163884,5.665789269948627
weak_renewal,11.24,1.1882135578335584,0.8458076105138248,50.122775439233784,12.831430512443843,5.677238122957666
weak_renewal,11.26,1.1849304053135572,0.848497094643723,50.156974944650464,12.840185585830513,5.688682680474234
weak_renewal,11.28,1.1816524727357354,0.8511961877586424,50.19112007566944,12.848926739371372,5.700122927130012
weak_renewal,11.3,1.1783797686804804,0.8539048973592308,50.22521074291168,12.857653950185385,5.711558847544613
weak_renewal,11.32,1.1751123017003442,0.8566232308599692,50.2592468572881,12.866367195465749,5.722990426325715
weak_renewal,11.34,1.171850080319021,0.8593511955865978,50.293228330010216,12.87506645248261,5.734417648069206
weak_renewal,11.36,1.168593113030344,0.8620887987735769,50.327155072600604,12.88375169858575,5.745840497359324
weak_renewal,11.38,1.165341408297291,0.8648360475615872,50.361026996903234,12.892422911207223,5.7572589587688086
weak_renewal,11.4,1.1620949745510052,0.8675929489950641,50.39484401509371,12.901080067863987,5.768673016859048
weak_renewal,11.42,1.1588538201898233,0.8703595100197714,50.428606039689356,12.909723146160472,5.78008265618024
weak_renewal,11.44,1.1556179535783209,0.8731357374804081,50.46231298355917,12.918352123791145,5.79148786127155
weak_renewal,11.46,1.1523873830463658,0.8759216381182519,50.495964759933706,12.926966978543025,5.802888616661274
weak_renewal,11.48,1.1491621168881865,0.8787172185688367,50.52956128241474,12.93556768829817,5.8142849068670035
weak_renewal,11.5,1.1459421633614484,0.8815224853596673,50.56310246498493,12.944154231036139,5.825676716395803
weak_renewal,11.52,1.142727530686344,0.8843374449079657,50.59658822201727,12.952726584836416,5.837064029744379
weak_renewal,11.540000000000001,1.1395182270446955,0.8871621035184531,50.63001846828444,12.961284727880813,5.848446831399262
weak_renewal,11.56,1.1363142605790666,0.889996467381164,50.663393118968074,12.969828638455823,5.859825105836984
weak_renewal,11.58,1.1331156393918853,0.8928405425692962,50.696712089667884,12.978358294954974,5.8711988375242665
weak_renewal,11.6,1.1299223715445796,0.8956943350370918,50.72997529641065,12.986873675881123,5.88256801091821
weak_renewal,11.620000000000001,1.126734465056724,0.8985578506177521,50.76318265565914,12.995374759848737,5.893932610466486
weak_renewal,11.64,1.1235519279051953,0.9014310950213832,50.7963340843209,13.003861525586146,5.9052926206075265
weak_renewal,11.66,1.1203747680233416,0.9043140738329773,50.82942949975688,13.012333951937757,5.916648025770731
weak_renewal,11.68,1.1172029933001588,0.9072067925104226,50.86246881979003,13.020792017866244,5.927998810376663
weak_renewal,11.700000000000001,1.1140366115794818,0.9101092563825459,50.89545196271375,13.029235702454715,5.939344958837259
weak_renewal,11.72,1.1108756306591838,0.9130214706471871,50.92837884730019,13.037664984908844,5.950686455556028
weak_renewal,11.74,1.1077200582903857,0.9159434403693049,50.9612493928085,13.046079844558971,5.962023284928274
weak_renewal,11.76,1.1045699021766775,0.9188751704791125,50.99406351899296,13.054480260862192,5.973355431341303
weak_renewal,11.78,1.1014251699733504,0.9218166657702448,51.02682114611095,13.0628662134044,5.984682879174641
weak_renewal,11.8,1.0982858692866362,0.9247679308979556,51.059522194930885,13.071237681902304,5.996005612800257
weak_renewal,11.82,1.0951520076729615,0.9277289703773446,51.09216658674,13.079594646205436,6.007323616582778
weak_renewal,11.84,1.0920235926382076,0.9306997885816155,51.12475424335202,13.087937086298112,6.018636874879727
weak_renewal,11.86,1.0889006316369834,0.9336803897403627,51.15728508711477,13.096264982301378,6.029945372041738
weak_renewal,11.88,1.085783132071907,0.9366707779378887,51.18975904091765,13.104578314474914,6.0412490924128015
weak_renewal,11.9,1.0826711012928991,0.9396709571115479,51.22217602819898,13.112877063218935,6.052548020330481
weak_renewal,11.92,1.0795645465964834,0.9426809310501245,51.25453597295331,13.121161209076044,6.063842140126167
weak_renewal,11.94,1.0764634752250988,0.9457007033922347,51.28683879973857,13.12943073273307,6.075131436125303
weak_renewal,11.96,1.073367894366421,0.9487302776247594,51.31908443368312,13.137685615022876,6.086415892647635
weak_renewal,11.98,1.0702778111526956,0.9517696570813053,51.351272800492765,13.145925836926144,6.097695494007448
weak_renewal,12.0,1.0671932326600764,0.9548188449406951,51.38340382645755,13.154151379573129,6.108970224513823
strong_renewal,0.0,6.0,8.0,0.0,0.0,0.0
strong_renewal,0.02,5.9752103196333,7.934681751296711,0.2582258371531231,0.06610581431119956,0.000787565607911964
strong_renewal,0.04,5.950534907957676,7.871213563635187,0.5152613754408679,0.13190691211286237,0.003120475748050355
strong_renewal,0.06,5.925973034743289,7.809549640047945,0.7711142214240689,0.1974052406845617,0.0069548807325069285
strong_renewal,0.08,5.901523972714738,7.749645277395747,1.0257919508881375,0.2626027394273629,0.012248016823111113
strong_renewal,0.1,5.877186997734185,7.691456840910905,1.279302106935571,0.32750133937550596,0.01895818028641185
strong_renewal,0.12,5.852961388980315,7.634941739332787,1.5316521981217082,0.3921029627191569,0.02704470205194521
strong_renewal,0.14,5.828846429122852,7.580058400621899,1.782849696636946,0.45640952233905774,0.03646792296095829
strong_renewal,0.16,5.804841404492284,7.526766248236815,2.0329020365387005,0.5204229213539073,0.04718916959072354
strong_renewal,0.18,5.78094560524455,7.475025677960742,2.281816612035939,0.5841450526812004,0.0591707306419426
strong_renewal,0.2,5.757158325520408,7.424798035263106,2.529600775829074,0.6475777986122433,0.07237583387534965
strong_renewal,0.22,5.7334788635992755,7.376045593184016,2.776261837507544,0.7107230304019316,0.08676862358594863
strong_renewal,0.24,5.70990652204729,7.328731530727559,3.0218070620073925,0.7735826078738927,0.10231413860145162
strong_renewal,0.26,5.686440607859447,7.282819911752141,3.2662436681307536,0.836158379041473,0.11897829079361474
strong_renewal,0.28,5.663080432595609,7.238275664344864,3.509578827129066,0.8984521797450414,0.13672784408990582
strong_renewal,0.3,5.639825312510266,7.195064560669082,3.75181966135139,0.9604658333059566,0.15553039397503832
strong_renewal,0.32,5.616674568675918,7.153153197272666,3.992973242959187,1.022201150197552,0.17535434747021816
strong_renewal,0.34,5.593627527099981,7.112508975846476,4.233046592708526,1.0836599277333827,0.1961689035798579
strong_renewal,0.36,5.570683518835141,7.073100084421427,4.472046678800609,1.1448439497729561,0.21794403419438296
strong_renewal,0.38,5.547841880083097,7.034895478994568,4.709980415801067,1.2057549864450734,0.24065046543964044
strong_renewal,0.4,5.525101952291664,6.997864865572991,4.946854663628502,1.2663947938888969,0.26425965946188745
strong_renewal,0.42,5.502463082245213,6.961978682626303,5.182676226612365,1.3267651140127659,0.2887437966390686
strong_renewal,0.44,5.47992462214846,6.927208083937284,5.417451852620206,1.3868676742707733,0.31407575820805683
strong_renewal,0.46,5.45748592970362,6.893524921842222,5.651188232253952,1.4467041874570126,0.3402291092992346
strong_renewal,0.48,5.435146368180969,6.860901730850994,5.883891998114902,1.5062763515174156,0.3671780823684093
strong_renewal,0.5,5.4129053064828705,6.829311711638598,6.115569724136765,1.5655858493790122,0.3948975610176102
strong_renewal,0.52,5.390762119201336,6.798728715398943,6.346227924986082,1.6246343487964372,0.4233630641953797
strong_renewal,0.54,5.368716186669214,6.769127228553282,6.575873055529025,1.6834235022154296,0.4525507307687119
strong_renewal,0.56,5.3467668950050955,6.740482357804452,6.804511510363587,1.7419549466530777,0.48243730445752925
strong_renewal,0.58,5.3249136361520675,6.71276981552951,7.032149623415965,1.8002303035944869,0.5130001191239968
strong_renewal,0.6,5.303155807910414,6.685965905502562,7.258793667599853,1.858251178905562,0.5442170844081238
strong_renewal,0.62,5.281492813964433,6.660047508940984,7.484449854537153,1.916019162761511,0.5760666717024946
strong_renewal,0.64,5.259924063903485,6.634992070867116,7.709124334338691,1.973535829590705,0.6085279004578208
strong_renewal,0.66,5.238448973237449,6.610777586778823,7.932823195443241,2.03080273803347,0.641580324812293
strong_renewal,0.68,5.2170669634067295,6.5873825896215354,8.15555246451323,2.0878214309153873,0.6752040205369221
strong_renewal,0.7000000000000001,5.19577746178701,6.564786137055691,8.377318106385305,2.144593435234639,0.7093795722903287
strong_renewal,0.72,5.174579901688898,6.542967799012467,8.598126024073977,2.2011202621629384,0.744088061175404
strong_renewal,0.74,5.153473722352661,6.521907645531839,8.817982058826445,2.25740340705957,0.7793110525914088
strong_renewal,0.76,5.132458368938235,6.50158623487634,9.036891990226712,2.313444349498038,0.8150305843743781
strong_renewal,0.78,5.11153329251069,6.4819846019150305,9.254861536346972,2.369244553304825,0.8512291552198548
strong_renewal,0.8,5.090697950021339,6.463084246771245,9.47189635394437,2.424805466609759,0.887889713381003
strong_renewal,0.8200000000000001,5.069951804284699,6.444867123728764,9.688002038701045,2.4801285219074676,0.924995645636231
strong_renewal,0.84,5.049294323951466,6.42731563039037,9.903184125505549,2.535215136129421,0.9625307665197901
strong_renewal,0.86,5.0287249834777406,6.410412597083845,10.117448088773527,2.590066710726023,1.0004793078098668
strong_renewal,0.88,5.008243263090652,6.394141276509563,10.330799342805701,2.6446846317582593,1.0388259082678213
strong_renewal,0.9,4.987848648750609,6.378485333624809,10.543243242181141,2.699070269998372,1.07755560362318
strong_renewal,0.92,4.967540632110348,6.363428835759339,10.754785082183863,2.7532249810390685,1.116653816798407
strong_renewal,0.9400000000000001,4.94731871047097,6.348956242957684,10.965430099260717,2.8071501054107424,1.156106348368425
strong_renewal,0.96,4.927182386735166,6.335052398542851,11.175183471508683,2.860846968706222,1.1958993672490725
strong_renewal,0.98,4.907131169357792,6.321702519897003,11.384050319189654,2.9143168817125513,1.2360194016095531
strong_renewal,1.0,4.887164572294,6.308892189454072,11.592035705270817,2.967561140549329,1.2764533300034
strong_renewal,1.02,4.867282114945079,6.29660734590023,11.799144635988752,3.02058102681312,1.31718837271335
strong_renewal,1.04,4.847483322102189,6.284834275577299,12.005382061435526,3.0733778077274945,1.3582120833047926
strong_renewal,1.06,4.827767723888163,6.2735596040850385,12.210752876164955,3.125952736298228,1.399512340383266
strong_renewal,1.08,4.808134855697531,6.262770288077735,12.415261919817373,3.1783070514732477,1.441077339550981
strong_renewal,1.1,4.788584258134923,6.252453607251274,12.618913977761208,3.230441978306869,1.4828955855581425
strong_renewal,1.12,4.769115476952022,6.242597156516252,12.821713781749763,3.2823587281279387,1.524955884644191
strong_renewal,1.1400000000000001,4.749728062983202,6.233188838353344,13.023666010591645,3.3340584987114608,1.567247337064805
strong_renewal,1.16,4.730421572079996,6.224216855346725,13.224775290833371,3.3855424744533424,1.6097593298000679
strong_renewal,1.18,4.711195565044547,6.215669702892057,13.425046197452621,3.436811826547871,1.6524815294399273
strong_renewal,1.2,4.692049607562162,6.207536162074899,13.6244832545608,3.4878677131675646,1.6954038752424638
strong_renewal,1.22,4.672983270133099,6.19980529271611,13.823090936113541,3.5387112796450664,1.738516572361176
strong_renewal,1.24,4.65399612800372,6.192466426580316,14.02087366662791,3.5893436586567447,1.781810085237061
strong_renewal,1.26,4.63508776109712,6.1855091607442665,14.217835821904993,3.639765970407678,1.8252751311519437
strong_renewal,1.28,4.616257753943349,6.178923351121223,14.413981729756774,3.6899793228177336,1.8689026739389563
strong_renewal,1.3,4.59750569560933,6.1726991061382375,14.60931567073614,3.7399848117084513,1.9126839178466883
strong_renewal,1.32,4.578831179628577,6.166826780562691,14.803841878868976,3.789783520990458,1.956610301553149
strong_renewal,1.34,4.560233803930817,6.161296969475136,14.99756454238731,3.839376522851152,2.000673492326287
strong_renewal,1.36,4.541713170771592,6.156100502384915,15.19048780446257,3.888764877942418,2.044865380327334
strong_renewal,1.3800000000000001,4.523268886661948,6.15122843748563,15.382615763938029,3.937949635568135,2.089178073053765
strong_renewal,1.4000000000000001,4.504900562298274,6.146672056047103,15.573952476059633,3.986931833871266,2.1336038899183687
strong_renewal,1.42,4.486607812492382,6.14242285694113,15.764501953204345,4.0357125000203125,2.1781353569614432
strong_renewal,1.44,4.468390256101891,6.138472551297739,15.954268165605294,4.084292650394955,2.2227652016926935
strong_renewal,1.46,4.450247515960993,6.134813057289238,16.14325504207298,4.132673290770683,2.2674863480599203
strong_renewal,1.48,4.432179218811651,6.131436495039015,16.33146647071196,4.180855416502261,2.312291911541276
strong_renewal,1.5,4.4141849952353,6.128335181652508,16.51890629963228,4.228840012705863,2.3571751943583714
strong_renewal,1.52,4.3962644795851,6.1255016263673765,16.705578337655197,4.276628054439731,2.4021296808071075
strong_renewal,1.54,4.378417309918792,6.122928525820349,16.891486355012574,4.324220506883219,2.4471490327035683
strong_renewal,1.56,4.360643127932207,6.120608759427923,17.076634084039505,4.371618325514113,2.4922270849420363
strong_renewal,1.58,4.342941578893466,6.118535384878559,17.26102521985972,4.418822456284088,2.5373578411626476
strong_renewal,1.6,4.325312311577918,6.116701633733626,17.44466342106334,4.465833835792215,2.582535469525842
strong_renewal,1.62,4.307754978203845,6.115100907134755,17.6275523103766,4.51265339145641,2.627754298591165
strong_renewal,1.6400000000000001,4.290269234368966,6.1137267716150046,17.809695475323256,4.559282041682753,2.6730088132977583
strong_renewal,1.6600000000000001,4.272854738987782,6.112572955011681,17.99109646887727,4.60572069603258,2.7182936510442626
strong_renewal,1.68,4.255511154229766,6.111633342478255,18.171758810106592,4.651970255387287,2.7636035978655427
strong_renewal,1.7,4.238238145458455,6.110901972593231,18.35168598480775,4.698031612110784,2.8089335847040156
strong_renewal,1.72,4.221035381171422,6.110373033563602,18.53088144613101,4.743905650209538,2.85427868377314
strong_renewal,1.74,4.203902532941187,6.1100408595208515,18.709348615195957,4.789593245490163,2.8996341050110157
strong_renewal,1.76,4.186839275357056,6.109899926907195,18.88709088169732,4.8350952657145125,2.944995192621709
strong_renewal,1.78,4.169845285967914,6.10994485095008,19.064111604500884,4.880412570752226,2.9903574217023063
strong_renewal,1.8,4.1529202452259755,6.110170382222738,19.240414112229406,4.925546012730727,3.0357163949534667
strong_renewal,1.82,4.1360638364315125,6.110571403288961,19.416001703838393,4.970496436182628,3.08106783947159
strong_renewal,1.84,4.119275745678553,6.111142925429944,19.59087764918172,5.015264678190519,3.1264076036204647
strong_renewal,1.86,4.102555661801566,6.1118800854513955,19.765045189567005,5.059851568529151,3.1717316539805482
strong_renewal,1.8800000000000001,4.085903276323132,6.112778142568887,19.93850753830069,5.104257929804975,3.217036072373864
strong_renewal,1.9000000000000001,4.069318283402601,6.113832475369755,20.111267881222894,5.1484845775930586,3.262317052962815
strong_renewal,1.92,4.052800379785738,6.115038578849588,20.283329377231876,5.192532320571359,3.307570899420948
strong_renewal,1.94,4.03634926475536,6.116392061521645,20.454695158798316,5.236401960652366,3.3527940221740127
strong_renewal,1.96,4.01996464008295,6.1178886425973396,20.625368332469254,5.280094293112127,3.397982935709468
strong_renewal,1.98,4.003646209981256,6.119524149236259,20.795351979361897,5.323610106716643,3.443134255952904
strong_renewal,2.0,3.987393681057868,6.121294513863905,20.964649155647194,5.366950183845679,3.4882446977095856
strong_renewal,2.02,3.971206762269756,6.123195771555636,21.133262893023357,5.410115300613977,3.5333110721696146
strong_renewal,2.04,3.955085164878782,6.125224057485136,21.301196199179333,5.453106226989907,3.578330284475044
strong_renewal,2.06,3.939028602408156,6.12737560443596,21.468452058248356,5.495923726911577,3.623299331347538
strong_renewal,2.08,3.923036790599843,6.1296467403745485,21.635033431251617,5.538568558400411,3.6682152987749617
strong_renewal,2.1,3.9071094473729064,6.1320338860832875,21.800943256532207,5.581041473672242,3.7130753597555315
strong_renewal,2.12,3.8912462927827756,6.134533552852093,21.966184450179405,5.623343219245925,3.75787677209802
strong_renewal,2.14,3.8754470489814272,6.137142340227206,22.130759906443455,5.665474536049521,3.80261687627673
strong_renewal,2.16,3.859711440178473,6.1398569338157145,22.294672498140887,5.707436159524065,3.8472930933397813
strong_renewal,2.18,3.8440391926031396,6.142674103144516,22.45792507705061,5.749228819724954,3.8919029228694724
strong_renewal,2.2,3.8284300344671207,6.145590699572326,22.620520474300807,5.790853241421004,3.9364439409933323
strong_renewal,2.22,3.812883695928304,6.148603654253538,22.782461500746816,5.832310144191181,3.980913798444722
strong_renewal,2.24,3.797399909055345,6.151709976152574,22.94375094734014,5.873600242519072,4.025310218671649
strong_renewal,2.2600000000000002,3.781978407793084,6.154906750107573,23.104391585488695,5.914724245885103,4.069630995992679
strong_renewal,2.2800000000000002,3.766618927928784,6.1581911349421175,23.264386167408485,5.955682858856569,4.1138739937986895
strong_renewal,2.3000000000000003,3.7513212070591866,6.161560361623939,23.42373742646679,5.996476781175495,4.158037142799437
strong_renewal,2.32,3.7360849845583597,6.165011731469351,23.582448077517068,6.037106707844367,4.202118439313719
strong_renewal,2.34,3.72091000154633,6.168542614392342,23.74052081722571,6.077573329209779,4.246115943602122
strong_renewal,2.36,3.7057960008584856,6.172150447197194,23.897958324390753,6.11787733104403,4.290027778241226
strong_renewal,2.38,3.6907427270157296,6.175832731913609,24.0547632602528,6.158019394624714,4.333852126538325
strong_renewal,2.4,3.675749926195374,6.179587034173232,24.21093826879817,6.198000196812329,4.377587230985563
strong_renewal,2.42,3.660817346202761,6.1834109816266185,24.36648597705456,6.2378204101259636,4.421231391752585
strong_renewal,2.44,3.6459447364435884,6.187302262399562,24.52140899537927,6.2774807028170905,4.4647829652166555
strong_renewal,2.46,3.6311318478969365,6.191258623587918,24.675709917740228,6.316981738941495,4.508240362529416
strong_renewal,2.48,3.6163784330889706,6.195277869789869,24.82939132198987,6.3563241784294044,4.551602048219276
strong_renewal,2.5,3.601684246067313,6.199357861674789,24.98245577013214,6.395508677153825,4.594866538828617
strong_renewal,2.52,3.587049042376063,6.20349651458772,25.134905808582655,6.434535886997157,4.63803240158488
strong_renewal,2.54,3.5724725790314604,6.207691797188665,25.28674396842227,6.473406455916098,4.681098253104765
strong_renewal,2.56,3.557954614498162,6.211941730125756,25.437972765644126,6.512121028004893,4.724062758130651
strong_renewal,2.58,3.5434949086661383,6.216244384741521,25.588594701394374,6.550680243556957,4.76692462829848
strong_renewal,2.6,3.529093222828155,6.220597881811366,25.7386122622067,6.589084739124911,4.80968262093628
strong_renewal,2.62,3.514749319657842,6.225000390313527,25.888027920230794,6.627335147579079,4.85233553789261
strong_renewal,2.64,3.500462963188326,6.22945012622968,26.036844133454917,6.665432098164455,4.894882224394138
strong_renewal,2.66,3.486233918791419,6.233945351375454,26.185063345922703,6.703376216556208,4.937321567931665
strong_renewal,2.68,3.4720619531573442,6.238484372260086,26.33268798794431,6.74116812491374,4.979652497173828
strong_renewal,2.7,3.457946834274993,6.243065538974529,26.479720476302138,6.778808441933343,5.021873980907875
strong_renewal,2.72,3.4438883314126922,6.247687244107272,26.626163214451104,6.816297782899479,5.063985027006754
strong_renewal,2.74,3.4298862150994753,6.252347921687196,26.77201859271378,6.853636759734724,5.105984681421923
strong_renewal,2.7600000000000002,3.4159402571068407,6.257046046152772,26.917288988470393,6.890825981048416,5.147872027201191
strong_renewal,2.7800000000000002,3.4020502304309876,6.26178013134698,27.06197676634386,6.927866052184024,5.189646183531007
strong_renewal,2.8000000000000003,3.388215909275517,6.266548729537275,27.206084278380015,6.9647575752652795,5.2313063048025565
strong_renewal,2.82,3.374437069034581,6.271350430459989,27.349613864223095,7.001501149241108,5.2728515797011
strong_renewal,2.84,3.3607134862764783,6.276183860388547,27.492567851286665,7.038097369929383,5.314281230317931
strong_renewal,2.86,3.3470449387276737,6.281047681224921,27.634948554920044,7.074546830059528,5.355594511284451
strong_renewal,2.88,3.33343120525724,6.285940589613728,27.776758278570398,7.110850119314018,5.396790708927748
strong_renewal,2.9,3.3198720658617025,6.2908613160784075,27.91799931394058,7.147007824368785,5.437869140447194
strong_renewal,2.92,3.3063673016502824,6.295808624178916,28.05867394114287,7.1830205289325715,5.478829153111489
strong_renewal,2.94,3.292916694830524,6.300781309690433,28.198784428848686,7.218888813785259,5.519670123475695
strong_renewal,2.96,3.2795200286942987,6.305778199802515,28.33833303443437,7.254613256815195,5.560391456617711
strong_renewal,2.98,3.266177087604169,6.31079815233821,28.477322004123216,7.290194433055539,5.60099258539375
strong_renewal,3.0,3.2528876569801164,6.315840054992614,28.61575357312377,7.32563291471968,5.641472969712296
strong_renewal,3.02,3.2396515232866023,6.320902824590411,28.75362996576454,7.360929271235718,5.681832095826132
strong_renewal,3.04,3.2264684740199754,6.325985406361894,28.890953395625232,7.396084069280056,5.722069475641951
strong_renewal,3.06,3.2133382976962013,6.331086773237011,29.02772606566455,7.4310978728101205,5.762184646047134
strong_renewal,3.08,3.200260783838905,6.336205925156995,29.163950168344716,7.465971243096244,5.80217716825324
strong_renewal,3.1,3.18723572296773,6.341341888403126,29.299627885752788,7.50070473875271,5.842046627155838
strong_renewal,3.12,3.174262906586991,6.346493714942208,29.43476138971882,7.535298915768014,5.881792630710224
strong_renewal,3.14,3.1613421271746196,6.351660481788329,29.56935284193102,7.569754327534337,5.921414809322669
strong_renewal,3.16,3.1484731781713946,6.356841290380495,29.703404394047947,7.604071524876271,5.960912815256769
strong_renewal,3.18,3.1356558539704444,6.3620352659757655,29.83691818780785,7.638251056078805,6.000286322054574
strong_renewal,3.2,3.1228899499070186,6.3672415570574685,29.9698963551352,7.672293466914607,6.039535023972079
strong_renewal,3.22,3.1101752622485193,6.372459334758144,30.10234101824457,7.7061993006706055,6.078658635428753
strong_renewal,3.24,3.097511588184783,6.377687792296822,30.234254289741823,7.739969098173903,6.1176568904707285
strong_renewal,3.2600000000000002,3.084898725818608,6.382926144430307,30.365638272722816,7.773603397817037,6.156529542247348
strong_renewal,3.2800000000000002,3.072336474156519,6.388173626918089,30.496495060869574,7.807102735582607,6.1952763625007
strong_renewal,3.3000000000000003,3.0598246330997654,6.393429496000561,30.62682673854409,7.8404676450672826,6.233897141067848
strong_renewal,3.3200000000000003,3.0473630034355392,6.398693027890186,30.75663538087978,7.87369865750522,6.27239168539541
strong_renewal,3.34,3.034951386828412,6.403963518275321,30.885923053870684,7.906796301790892,6.3107598200662185
strong_renewal,3.36,3.022589585811986,6.409240281836358,31.01469181445846,7.939761104501361,6.349001386337724
strong_renewal,3.38,3.010277403780746,6.414522651773871,31.142943710617203,7.9725935899180005,6.387116241691877
strong_renewal,3.4,2.998014644982115,6.419809979348489,31.270680781436283,8.005294280047686,6.4251042593961785
strong_renewal,3.42,2.985801114508695,6.425101633432181,31.397905057201072,8.037863694643471,6.462965328075656
strong_renewal,3.44,2.973636618290706,6.430397000070681,31.524618559471786,8.070302351224775,6.50069935129546
strong_renewal,3.46,2.961520963088599,6.435695482056771,31.65082330116041,8.102610765097062,6.538306247153837
strong_renewal,3.48,2.9494539564858444,6.440996498514136,31.776521286605764,8.134789449371073,6.575785947885212
strong_renewal,3.5,2.9374354068819017,6.446299484491549,31.901714511646833,8.166838914981586,6.613138399473139
strong_renewal,3.52,2.9254651234853424,6.451603890567122,32.026404963694326,8.198759670705744,6.6503635612728695
strong_renewal,3.54,2.913542916307144,6.456909182462353,32.150594621800565,8.230552223180942,6.6874614056432975
strong_renewal,3.56,2.9016685961541335,6.462214840665746,32.27428545672775,8.262217076922303,6.724431917588052
strong_renewal,3.58,2.8898419746225885,6.467520360065755,32.39747943101468,8.293754734339755,6.761275094405513
strong_renewal,3.6,2.878062864091981,6.472825249592818,32.52017849904184,8.325165695754709,6.79799094534753
strong_renewal,3.62,2.8663310777188657,6.478129031870262,32.64238460709513,8.356450459416351,6.834579491286615
strong_renewal,3.64,2.8546464294309053,6.4834312428738405,32.764099693428044,8.387609521517579,6.87104076439142
strong_renewal,3.66,2.843008733921034,6.4887314315997076,32.885325688322546,8.41864337621057,6.907374807810278
strong_renewal,3.68,2.8314178066417437,6.494029159740604,33.006064514148484,8.44955251562201,6.943581675362615
strong_renewal,3.7,2.819873463799506,6.499324001370062,33.126318085421794,8.480337429867976,6.979661431238039
strong_renewal,3.72,2.8083755223493085,6.504615542634409,33.246088308861346,8.510998607068503,7.0156141497029125
strong_renewal,3.74,2.796923799989314,6.509903381452396,33.36537708344463,8.541536533361821,7.05143991481422
strong_renewal,3.7600000000000002,2.7855181151556323,6.515187127222259,33.48418630046215,8.571951692918306,7.0871388201405665
strong_renewal,3.7800000000000002,2.7741582870172072,6.520466400536003,33.60251784357074,8.602244567954106,7.122710968490111
strong_renewal,3.8000000000000003,2.762844135470809,6.525740832900766,33.72037358884572,8.632415638744503,7.158156471645269
strong_renewal,3.8200000000000003,2.7515754811361313,6.531010066467052,33.837755404831945,8.662465383636976,7.193475450104029
strong_renewal,3.84,2.740352145350992,6.536273753763689,33.95466515259381,8.692394279064015,7.228668032827705
strong_renewal,3.86,2.7291739501666306,6.541531557439325,34.07110468576424,8.722202799555646,7.263734356994971
strong_renewal,3.88,2.7180407183431035,6.546783150010302,34.18707585059265,8.751891417751716,7.298674567762021
strong_renewal,3.9,2.7069522733447706,6.552028213614771,34.302580485991946,8.781460604413937,7.33348881802871
strong_renewal,3.92,2.695908439335871,6.55726643977285,34.41762042358465,8.81091082843767,7.3681772682105215
strong_renewal,3.94,2.684909041176187,6.562497529152722,34.53219748774803,8.840242556863494,7.402740086016218
strong_renewal,3.96,2.6739539044167935,6.567721191342487,34.646313495658376,8.869456254888544,7.437177446231031
strong_renewal,3.98,2.663042855295887,6.572937144627648,34.75997025733449,8.898552385877627,7.471489530505276
strong_renewal,4.0,2.652175720734696,6.578145115774081,34.87316957568023,8.927531411374137,7.505676527148219
strong_renewal,4.0200000000000005,2.641352328333466,6.5833448398163545,34.98591324652637,8.956393791110749,7.539738630927104
strong_renewal,4.04,2.630572506367525,6.588536059851263,35.098203058671594,8.985139983019925,7.573676042871189
strong_renewal,4.0600000000000005,2.6198360837834107,6.593718526836454,35.210040793922786,9.013770443244232,7.607488970080685
strong_renewal,4.08,2.60914289019508,6.598891999394007,35.32142822713456,9.042285626146446,7.641177625540453
strong_renewal,4.1,2.5984927558801774,6.604056243618856,35.43236712624813,9.07068598431952,7.674742227938376
strong_renewal,4.12,2.587885511776373,6.609211032891925,35.54285925232943,9.09897196859633,7.708183001488257
strong_renewal,4.14,2.5773209894777667,6.614356147697865,35.652906359606575,9.127144028059282,7.741500175757147
strong_renewal,4.16,2.566799021231348,6.619491375447279,35.76251019550678,9.155202610049733,7.774693985497011
strong_renewal,4.18,2.556319439933522,6.624616510303312,35.87167250069246,9.183148160177268,7.80776467048058
strong_renewal,4.2,2.54588207912669,6.629731353012519,35.98039500909696,9.21098112232882,7.840712475341339
strong_renewal,4.22,2.53548677299589,6.634835710739884,36.088679447959464,9.23870193867762,7.873537649417503
strong_renewal,4.24,2.5251333563654863,6.639929396907897,36.1965275378595,9.26631104969203,7.906240446599926
strong_renewal,4.26,2.514821664695919,6.645012231039593,36.303940992750825,9.293808894144208,7.9388211251838
strong_renewal,4.28,2.504551534080499,6.650084038605438,36.41092151999478,9.32119590911866,7.971279947724099
strong_renewal,4.3,2.4943228012422582,6.655144650873988,36.51747082039313,9.348472530020638,8.003617180894626
strong_renewal,4.32,2.484135303530841,6.660193904766212,36.62359058822039,9.375639190584415,8.035833095350627
strong_renewal,4.34,2.473988878919453,6.6652316427133895,36.72928251125568,9.40269632288145,8.06792796559484
strong_renewal,4.36,2.4638833660018444,6.670257712518511,36.8345482708141,9.429644357328407,8.099902069846918
strong_renewal,4.38,2.4538186039893453,6.675271967221063,36.939389541777636,9.45648372269507,8.131755689916135
strong_renewal,4.4,2.4437944327079393,6.680274264965147,37.04380799262562,9.483214846112155,8.163489111077302
strong_renewal,4.42,2.4338106925953813,6.685264468870832,37.14780528546476,9.509838153078976,8.195102621949808
strong_renewal,4.44,2.4238672246983537,6.690242446908657,37.2513830760588,9.536354067471049,8.226596514379706
strong_renewal,4.46,2.413963870669664,6.695208071777221,37.35454301385765,9.562763011547554,8.257971083324776
strong_renewal,4.48,2.4041004727654753,6.7001612207837695,37.45728674202628,9.589065405958724,8.289226626742494
strong_renewal,4.5,2.394276873842583,6.7051017757277185,37.55961589747308,9.615261669753105,8.320363445480822
strong_renewal,4.5200000000000005,2.384492917355713,6.710029622787021,37.66153211087797,9.641352220384757,8.351381843171778
strong_renewal,4.54,2.37474844735487,6.714944652407328,37.76303700672008,9.667337473720337,8.382282126127667
strong_renewal,4.5600000000000005,2.365043308482708,6.719846759193873,37.86413220330511,9.693217844046103,8.413064603239977
strong_renewal,4.58,2.3553773459719376,6.724735841805985,37.9648193127923,9.718993744074824,8.44372958588081
strong_renewal,4.6000000000000005,2.345750405642766,6.729611802854212,38.06509994122117,9.744665584952616,8.47427738780683
strong_renewal,4.62,2.3361623339003645,6.734474548799942,38.16497568853785,9.770233776265684,8.504708325065629
strong_renewal,4.64,2.3266129777323687,6.739323989857502,38.26444814862114,9.795698726047005,8.53502271590451
strong_renewal,4.66,2.3171021847064064,6.7441600398986425,38.36351890930825,9.821060840782906,8.56522088068155
strong_renewal,4.68,2.3076298029676523,6.74898261635936,38.46218955242027,9.846320525419582,8.595303141778945
strong_renewal,4.7,2.298195681236412,6.753791640149013,38.56046165378736,9.871478183369558,8.625269823518572
strong_renewal,4.72,2.2887996688057317,6.758587035561648,38.65833678327361,9.896534216518038,8.655121252079688
strong_renewal,4.74,2.2794416155390325,6.7633687301895105,38.75581650480173,9.921489025229235,8.684857755418749
strong_renewal,4.76,2.270121371867772,6.768136654838658,38.85290237637735,9.946343008352596,8.714479663191257
strong_renewal,4.78,2.260838788789126,6.772890743446648,38.94959595011325,9.971096563228985,8.743987306675637
strong_renewal,4.8,2.2515937178636998,6.7776309330022375,39.0458987722531,9.995750085696788,8.77338101869903
strong_renewal,4.82,2.2423860112132545,6.782357163467049,39.141812383195244,10.020303970097975,8.802661133565028
strong_renewal,4.84,2.233215521518465,6.787069377699141,39.23733831751597,10.04475860928408,8.831827986983226
strong_renewal,4.86,2.224082102016688,6.7917675213784685,39.332478103992806,10.06911439462215,8.860881916000624
strong_renewal,4.88,2.2149856064997646,6.796451542934144,39.42723326562743,10.093371716000615,8.889823258934761
strong_renewal,4.9,2.2059258893118283,6.801121393473497,39.52160531966843,10.11753096183511,8.91865235530861
strong_renewal,4.92,2.1969028053471478,6.80577702671285,39.61559577763386,10.141592519074258,8.947369545787112
strong_renewal,4.94,2.1879162100479745,6.8104183989100004,39.709206145333575,10.165556773205388,8.975975172115392
strong_renewal,4.96,2.1789659594024218,6.815045468798346,39.80243792289142,10.189424108260194,9.004469577058545
strong_renewal,4.98,2.1700519099423525,6.819658197522626,39.89529260476714,10.21319490682038,9.03285310434301
strong_renewal,5.0,2.1611739187412913,6.824256548576222,39.9877716797782,10.23686955002321,9.061126098599436
strong_renewal,5.0200000000000005,2.1523318434123477,6.828840487740001,40.07987663112136,10.260448417567058,9.089288905307065
strong_renewal,5.04,2.143525542106163,6.833409983022653,40.171608936394115,10.283931887716886,9.117341870739542
strong_renewal,5.0600000000000005,2.1347548735088657,6.837965004602482,40.26297006761596,10.307320337309678,9.145285341912164
strong_renewal,5.08,2.126019696840051,6.842505524770611,40.35396149124945,10.33061414175985,9.173119666530466
strong_renewal,5.1000000000000005,2.117319871850767,6.8470315178756005,40.444584668221154,10.35381367506461,9.200845192940214
strong_renewal,5.12,2.108655258821525,6.851542960269389,40.53484105394243,10.376919309809255,9.228462270078648
strong_renewal,5.14,2.1000257185603157,6.856039830254574,40.62473209833002,10.399931417172478,9.255971247427057
strong_renewal,5.16,2.0914311124006475,6.860522108032979,40.71425924582656,10.422850366931593,9.283372474964576
strong_renewal,5.18,2.0828713021995933,6.86498977565546,40.80342393542088,10.445676527467738,9.310666303123202
strong_renewal,5.2,2.074346150335851,6.869442816972967,40.89222760066819,10.46841026577105,9.33785308274402
strong_renewal,5.22,2.065855519707823,6.873881217588772,40.980671669710155,10.491051947445792,9.364933165034568
strong_renewal,5.24,2.0573992737316984,6.878304964811883,41.06875756529478,10.513601936715457,9.391906901527344
strong_renewal,5.26,2.0489772763395604,6.882714047611586,41.15648670479622,10.536060596427825,9.418774644039415
strong_renewal,5.28,2.0405893919774925,6.8871084565731016,41.24386050023443,10.558428288060007,9.445536744633113
strong_renewal,5.3,2.0322354856037084,6.891488183854323,41.33088035829468,10.58070537172343,9.472193555577757
strong_renewal,5.32,2.023915422686686,6.89585322314361,41.417547680347,10.602892206168825,9.498745429312438
strong_renewal,5.34,2.015629069203315,6.900203569618616,41.50386386246544,10.624989148791146,9.525192718409764
strong_renewal,5.36,2.007376291637058,6.904539219906117,41.58983029544729,10.6469965556345,9.55153577554062
strong_renewal,5.38,1.9991569569761158,6.908860172042828,41.6754483648321,10.668914781397012,9.577774953439842
strong_renewal,5.4,1.9909709327116125,6.9131664254371685,41.760719450920675,10.690744179435688,9.603910604872858
strong_renewal,5.42,1.9828180868357834,6.917457980831967,41.845644928793895,10.712485101771232,9.629943082603202
strong_renewal,5.44,1.9746982878401758,6.921734840268076,41.93022616833148,10.734137899092852,9.65587273936093
strong_renewal,5.46,1.9666114047138603,6.925997007048874,42.0144645342306,10.755702920763026,9.681699927811904
strong_renewal,5.48,1.9585573069416498,6.930244485705638,42.09836138602446,10.777180514822255,9.707425000527895
strong_renewal,5.5,1.950535864502331,6.934477281963757,42.18191807810069,10.798571027993772,9.733048309957532
strong_renewal,5.5200000000000005,1.9425469478669006,6.938695402709778,42.26513595971976,10.819874805688253,9.758570208398032
strong_renewal,5.54,1.934590427996816,6.942898855959246,42.34801637503314,10.841092192008478,9.783991047967728
strong_renewal,5.5600000000000005,1.9266661763422492,6.947087650825348,42.430560663101545,10.86222352975399,9.809311180579341
strong_renewal,5.58,1.9187740648403544,6.951261797488301,42.512770157912946,10.883269160425709,9.834530957914012
strong_renewal,5.6000000000000005,1.9109139659135401,6.955421307165507,42.594646188400596,10.904229424230548,9.859650731396057
strong_renewal,5.62,1.903085752467753,6.959566192082429,42.67619007846088,10.92510466008598,9.88467085216841
strong_renewal,5.64,1.8952892978907656,6.963696465444179,42.75740314697116,10.945895205624613,9.909591671068794
strong_renewal,5.66,1.887524476050477,6.967812141407804,42.8382867078075,10.966601397198717,9.934413538606522
strong_renewal,5.68,1.879791161293218,6.971913235055247,42.91884206986228,10.98722356988474,9.95913680493999
strong_renewal,5.7,1.8720892284420638,6.975999762366969,42.999070537061804,11.007762057487819,9.983761819854788
strong_renewal,5.72,1.864418552795157,6.980071740196222,43.078973408383746,11.028217192546236,10.00828893274246
strong_renewal,5.74,1.856779010124034,6.984129186243943,43.158551977874616,11.048589306335899,10.032718492579841
strong_renewal,5.76,1.8491704766719639,6.988172119034269,43.23780753466701,11.068878728874752,10.057050847909021
strong_renewal,5.78,1.8415928291522874,6.992200557890651,43.31674136299698,11.089085788927223,10.081286346817874
strong_renewal,5.8,1.8340459447467707,6.996214522912547,43.39535474222111,11.1092108140086,10.105425336921147
strong_renewal,5.82,1.8265297011039596,7.000214034952691,43.47364894683372,11.12925413038943,10.129468165342121
strong_renewal,5.84,1.8190439763375446,7.004199115594921,43.55162524648388,11.14921606309987,10.153415178694791
strong_renewal,5.86,1.8115886490247297,7.008169787132543,43.629284905992364,11.169096935934043,10.177266723066586
strong_renewal,5.88,1.8041635982046114,7.012126072547232,43.7066291853686,11.188897071454358,10.201023144001592
strong_renewal,5.9,1.7967687033765587,7.016067995488446,43.78365933982748,11.208616790995832,10.22468478648428
strong_renewal,5.92,1.789403844498606,7.019995580253349,43.86037661980615,11.228256414670373,10.248251994923724
strong_renewal,5.94,1.7820689019858458,7.023908851767222,43.936782270980736,11.247816261371067,10.27172511313829
strong_renewal,5.96,1.774763756708833,7.027807835564353,44.01287753428295,11.267296648776433,10.295104484340788
strong_renewal,5.98,1.767488289991991,7.031692557769409,44.088663645916725,11.28669789335468,10.31839045112409
strong_renewal,6.0,1.7602423836120267,7.035563045079247,44.164141837374686,11.306020310367916,10.341583355447167
strong_renewal,6.0200000000000005,1.7530259197963491,7.039419324745188,44.23931333545466,11.325264213876391,10.36468353862158
strong_renewal,6.04,1.7458387812214968,7.0432614245557135,44.314179362276036,11.344429916742662,10.38769134129838
strong_renewal,6.0600000000000005,1.7386808510115666,7.047089372819601,44.388741135296144,11.36351773063581,10.410607103455414
strong_renewal,6.08,1.7315520127366526,7.050903198349457,44.4629998673265,11.38252796603558,10.43343116438504
strong_renewal,6.1000000000000005,1.7244521504112866,7.054702930445675,44.53695676654906,11.401460932236557,10.456163862682233
strong_renewal,6.12,1.717381148492889,7.058488598880772,44.61061303653238,11.420316937352284,10.47880553623306
strong_renewal,6.140000000000001,1.7103388918802178,7.0622602338841185,44.6839698762477,11.439096288319407,10.501356522203528
strong_renewal,6.16,1.7033252659118316,7.066017866127045,44.757028480085054,11.45779929090177,10.523817157028818
strong_renewal,6.18,1.696340156364551,7.069761526708312,44.82979003786923,11.476426249694518,10.546187776402833
strong_renewal,6.2,1.689383449451928,7.07349124713994,44.902255734875716,11.49497746812818,10.568468715268123
strong_renewal,6.22,1.6824550318227216,7.077207059333392,44.97442675184662,11.513453248472729,10.590660307806123
strong_renewal,6.24,1.675554790559376,7.080908995586092,45.04630426500647,11.531853891841651,10.612762887427746
strong_renewal,6.26,1.6686826131765062,7.0845970885682785,45.11788944607803,11.55017969819597,10.63477678676425
strong_renewal,6.28,1.661838387619386,7.0882713713101895,45.18918346229803,11.568430966348291,10.656702337658482
strong_renewal,6.3,1.655022002262445,7.09193187718955,45.26018747643283,11.586607993966801,10.678539871156353
strong_renewal,6.32,1.6482333459077647,7.095578639919383,45.33090264679409,11.604711077579282,10.700289717498666
strong_renewal,6.34,1.6414723077835862,7.099211693536117,45.401330127254276,11.62274051257709,10.72195220611321
strong_renewal,6.36,1.6347387775428164,7.102831072387986,45.47147106726229,11.640696593219143,10.743527665607132
strong_renewal,6.38,1.6280326452615446,7.106436811123722,45.54132661185888,11.658579612635869,10.765016423759592
strong_renewal,6.4,1.6213538014375575,7.110028944681522,45.61089790169208,11.676389862833167,10.786418807514691
strong_renewal,6.42,1.614702136988867,7.113607508278296,45.6801860730326,11.694127634696342,10.80773514297464
strong_renewal,6.44,1.6080775432522336,7.117172537399176,45.749192257789204,11.711793217994032,10.828965755393208
strong_renewal,6.46,1.6014799119817023,7.120724067787291,45.8179175835239,11.729386901382114,10.850110969169407
strong_renewal,6.48,1.5949091353471372,7.124262135433792,45.88636317346729,11.74690897240762,10.871171107841414
strong_renewal,6.5,1.588365105932766,7.12778677656813,45.954530146533656,11.764359717512612,10.892146494080743
strong_renewal,6.5200000000000005,1.581847716735722,7.131298027648572,46.0224196173362,11.781739422038061,10.913037449686634
strong_renewal,6.54,1.5753568611645998,7.134795925352954,46.09003269620205,11.799048370227721,10.933844295580675
strong_renewal,6.5600000000000005,1.5688924330380054,7.138280506569673,46.157370489187414,11.816286845231973,10.954567351801646
strong_renewal,6.58,1.5624543265831194,7.141751808388894,46.22443409809247,11.833455129111668,10.975206937500563
strong_renewal,6.6000000000000005,1.5560424364342584,7.145209868093977,46.29122462047644,11.850553502841965,10.995763370935942
strong_renewal,6.62,1.5496566576314443,7.148654723153131,46.35774314967242,11.867582246316136,11.016236969469267
strong_renewal,6.640000000000001,1.5432968856189766,7.152086411211262,46.42399077480229,11.884541638349383,11.036628049560646
strong_renewal,6.66,1.536963016244009,7.155504970082038,46.48996858079154,11.901431956682629,11.056936926764669
strong_renewal,6.68,1.530654945755131,7.158910437740144,46.55567764838402,11.918253477986305,11.07716391572645
strong_renewal,6.7,1.5243725708009517,7.16230285231374,46.62111905415672,11.935006477864116,11.097309330177858
strong_renewal,6.72,1.5181157884286915,7.165682252077099,46.68629387053443,11.95169123085681,11.11737348293391
strong_renewal,6.74,1.511884496082774,7.169048675443443,46.751203165804405,11.968308010445924,11.137356685889367
strong_renewal,6.76,1.5056785916034248,7.17240216095795,46.815848004130956,11.98485708905752,11.157259250015473
strong_renewal,6.78,1.499497973225273,7.1757427472909425,46.88022944557004,12.001338738065925,11.17708148535687
strong_renewal,6.8,1.4933425395759583,7.179070473231246,46.94434854608373,12.017753227797431,11.196823701028679
strong_renewal,6.82,1.4872121896747397,7.182385377679717,47.008206357554755,12.034100827534015,11.216486205213734
strong_renewal,6.84,1.4811068229311117,7.185687499642937,47.07180392780088,12.050381805517022,11.236069305159962
strong_renewal,6.86,1.4750263391434215,7.188976878227065,47.13514230058932,12.066596428950863,11.255573307177931
strong_renewal,6.88,1.468970638497492,7.192253552631843,47.19822251565109,12.082744964006675,11.27499851663852
strong_renewal,6.9,1.462939621565248,7.195517562144763,47.2610456086953,12.098827675825993,11.29434523797076
strong_renewal,6.92,1.4569331893033475,7.198768946135375,47.32361261142343,12.114844828524394,11.313613774659771
strong_renewal,6.94,1.4509512430518154,7.202007744049741,47.38592455154355,12.130796685195145,11.33280442924489
strong_renewal,6.96,1.444993684532683,7.205233995405039,47.447982452784515,12.146683507912833,11.351917503317873
strong_renewal,6.98,1.4390604158486293,7.208447739784295,47.50978733491008,12.162505557736976,11.370953297521272
strong_renewal,7.0,1.4331513394816295,7.211649016831256,47.571340213732995,12.178263094715641,11.3899121115469
strong_renewal,7.0200000000000005,1.4272663582916028,7.214837866245399,47.6326421011291,12.193956377889046,11.408794244134448
strong_renewal,7.04,1.42140537551507,7.218014327777056,47.69369400505132,12.209585665293133,11.427599993070194
strong_renewal,7.0600000000000005,1.4155682947638082,7.221178441222681,47.754496929543635,12.225151213963166,11.446329655185849
strong_renewal,7.08,1.4097550200235167,7.224330246420221,47.815051874755,12.240653279937275,11.4649835263575
strong_renewal,7.1000000000000005,1.4039654556524803,7.227469783244629,47.875359836953294,12.256092118260039,11.483561901504672
strong_renewal,7.12,1.3981995063802415,7.230597091603476,47.93542180853912,12.27146798298601,11.50206507458949
strong_renewal,7.140000000000001,1.3924570773062717,7.233712211432683,47.99523877805964,12.286781127183263,11.52049333861595
strong_renewal,7.16,1.3867380738986523,7.236815182692365,48.05481173022233,12.302031802936915,11.538846985629283
strong_renewal,7.18,1.3810424019927536,7.239906045362786,48.11414164590878,12.317220261352643,11.557126306715434
strong_renewal,7.2,1.3753699677899214,7.242984839440415,48.173229502188285,12.332346752560197,11.575331592000614
strong_renewal,7.22,1.3697206778561666,7.246051604934087,48.23207627233156,12.347411525716876,11.593463130650967
strong_renewal,7.24,1.3640944391208571,7.2491063818612735,48.29068292582437,12.362414829011033,11.611521210872311
strong_renewal,7.26,1.3584911588754165,7.252149210244432,48.34905042838104,12.377356909665542,11.629506119909978
strong_renewal,7.28,1.3529107447720226,7.255180130107475,48.40717974195806,12.39223801394126,11.64741814404874
strong_renewal,7.3,1.3473531048223142,7.2581991814723175,48.46507182476753,12.407058387140482,11.665257568612803
strong_renewal,7.32,1.3418181473960975,7.26120640435552,48.52272763129062,12.421818273610393,11.683024677965918
strong_renewal,7.34,1.3363057812200594,7.264201838765026,48.58014811229101,12.436517916746496,11.700719755511525
strong_renewal,7.36,1.3308159153764827,7.267185524696976,48.63733421482827,12.451157558996034,11.718343083693012
strong_renewal,7.38,1.3253484593019662,7.270157502132622,48.69428688227115,12.46573744186141,11.735894943994035
strong_renewal,7.4,1.3199033227861474,7.273117811035308,48.75100705431093,12.480257805903594,11.753375616938905
strong_renewal,7.42,1.3144804159704306,7.276066491347549,48.80749566697465,12.494718890745506,11.770785382093058
strong_renewal,7.44,1.3090796493467156,7.279003582988174,48.86375365263835,12.509120935075412,11.78812451806359
strong_renewal,7.46,1.3037009337561358,7.281929125849556,48.919781940040224,12.523464176650291,11.805393302499851
strong_renewal,7.48,1.2983441803877924,7.284843159794918,48.9755814542938,12.537748852299208,11.82259201209413
strong_renewal,7.5,1.2930093007774996,7.2877457246557045,49.03115311690102,12.551975197926655,11.839720922582364
strong_renewal,7.5200000000000005,1.2876962068065287,7.290636860229031,49.0864978457653,12.566143448515911,11.856780308744947
strong_renewal,7.54,1.2824048107003583,7.293516606275206,49.14161655520458,12.580253838132366,11.873770444407576
strong_renewal,7.5600000000000005,1.2771350250274256,7.296385002515317,49.19651015596429,12.594306599926853,11.890691602442173
strong_renewal,7.58,1.271886762697886,7.29924208862888,49.25117955523033,12.60830196613896,11.907544054767842
strong_renewal,7.6000000000000005,1.2666599369623712,7.302087904251567,49.30562565664194,12.622240168100332,11.924328072351901
strong_renewal,7.62,1.2614544614107546,7.304922488972984,49.359849360304615,12.636121436237977,11.941043925210964
strong_renewal,7.640000000000001,1.2562702499709177,7.30774588233452,49.41385156280292,12.649946000077541,11.957691882412064
strong_renewal,7.66,1.2511072169075244,7.31055812382725,49.467633157213264,12.663714088246591,11.974272212073844
strong_renewal,7.68,1.2459652768207918,7.313359252889901,49.521195033116726,12.677425928477877,11.990785181367782
strong_renewal,7.7,1.2408443446452728,7.316149308906881,49.57453807661172,12.691081747612595,12.007231056519478
strong_renewal,7.72,1.2357443356486373,7.31892833120635,49.62766317032667,12.704681771603624,12.023610102809977
strong_renewal,7.74,1.2306651654304561,7.321696359058362,49.680571193432726,12.718226225518773,12.039922584577138
strong_renewal,7.76,1.2256067499209946,7.32445343167305,49.73326302165628,12.731715333544004,12.056168765217057
strong_renewal,7.78,1.2205690053800025,7.327199588198872,49.78573952729162,12.74514931898665,12.072348907185525
strong_renewal,7.8,1.2155518483955121,7.3299348677208975,49.83800157921339,12.758528404278625,12.088463271999524
strong_renewal,7.82,1.2105551958826393,7.332659309259154,49.89005004288915,12.771852810979619,12.104512120238775
strong_renewal,7.84,1.2055789650823867,7.335372951767016,49.941885780391786,12.785122759780291,12.12049571154731
strong_renewal,7.86,1.200623073560452,7.338075834129647,49.99350965041194,12.79833847050545,12.136414304635101
strong_renewal,7.88,1.1956874392060393,7.340767995162485,50.0449225082704,12.811500162117218,12.152268157279707
strong_renewal,7.9,1.1907719802306729,7.343449473609769,50.09612520593047,12.824608052718196,12.168057526327967
strong_renewal,7.92,1.185876615167018,7.346120308143118,50.14711859201021,12.837662359554608,12.183782667697729
strong_renewal,7.94,1.1810012628677,7.34878053736015,50.19790351179477,12.850663299019455,12.199443836379608
strong_renewal,7.96,1.1761458425041333,7.351430199783137,50.24848080724859,12.863611086655634,12.215041286438774
strong_renewal,7.98,1.1713102735653471,7.354069333857717,50.29885131702761,12.876505937159063,12.230575271016784
strong_renewal,8.0,1.1664944758568212,7.356697977951626,50.34901587649143,12.8893480643818,12.246046042333427
strong_renewal,8.02,1.1616983694993204,7.359316170353482,50.3989753177154,12.902137681335136,12.26145385168862
strong_renewal,8.040000000000001,1.1569218749277341,7.361923949271609,50.44873046950275,12.914875000192698,12.27679894946431
strong_renewal,8.06,1.1521649128899232,7.364521352832886,50.49828215739661,12.927560232293528,12.292081585126416
strong_renewal,8.08,1.147427404445562,7.3671084190816485,50.54763120369204,12.940193588145156,12.307302007226808
strong_renewal,8.1,1.1427092709649924,7.36968518597861,50.59677842744797,12.952775277426676,12.322460463405289
strong_renewal,8.120000000000001,1.1380104341280763,7.37225169139983,50.64572464449918,12.965305508991786,12.337557200391618
strong_renewal,8.14,1.1333308159230544,7.37480797313571,50.69447066746816,12.977784490871844,12.352592464007557
strong_renewal,8.16,1.1286703386454062,7.377354068890025,50.743017305776995,12.990212430278905,12.367566499168934
strong_renewal,8.18,1.1240289248967146,7.379890016278982,50.7913653656592,13.00258953360875,12.382479549887734
strong_renewal,8.2,1.119406497583535,7.38241585283032,50.83951565017149,13.014916006443896,12.39733185927422
strong_renewal,8.22,1.114802979916265,7.384931615982431,50.88746895920555,13.027192053556615,12.41212366953905
strong_renewal,8.24,1.1102182954080235,7.387437343083517,50.93522608949973,13.039417878911925,12.426855221995448
strong_renewal,8.26,1.1056523678735244,7.389933071390773,50.982787834650765,13.05159368567059,12.441526757061366
strong_renewal,8.28,1.101105121427962,7.392418838069598,51.03015498512537,13.06371967619209,12.456138514261692
strong_renewal,8.3,1.0965764804858944,7.39489468019284,51.07732832827191,13.075796052037603,12.470690732230446
strong_renewal,8.32,1.0920663697601363,7.397360634740058,51.12430864833189,13.087823013972958,12.48518364871302
strong_renewal,8.34,1.087574714260647,7.399816738596821,51.17109672645157,13.099800761971597,12.499617500568421
strong_renewal,8.36,1.0831014392934288,7.402263028554027,51.21769334069343,13.111729495217512,12.513992523771542
strong_renewal,8.38,1.0786464704594267,7.404699541307248,51.264099266047616,13.123609412108184,12.528308953415435
strong_renewal,8.4,1.0742097336534309,7.407126313456096,51.310315274443404,13.135440710257507,12.542567023713604
strong_renewal,8.42,1.0697911550629828,7.409543381503623,51.356342134760574,13.1472235864987,12.556766968002327
strong_renewal,8.44,1.0653906611672852,7.411950781855737,51.40218061284076,13.158958236887228,12.570909018742967
strong_renewal,8.46,1.0610081787361156,7.414348550820639,51.44783147149877,13.170644856703682,12.584993407524323
strong_renewal,8.48,1.0566436348287433,7.416736724608293,51.4932954705339,13.182283640456674,12.59902036506497
strong_renewal,8.5,1.052296956792849,7.4191153393299,51.53857336674113,13.193874781885725,12.612990121215628
strong_renewal,8.52,1.0479680722634488,7.421484430997411,51.58366591392239,13.205418473964126,12.62690290496154
strong_renewal,8.540000000000001,1.0436569091618195,7.423844035523054,51.62857386289769,13.216914908901805,12.64075894442486
strong_renewal,8.56,1.0393633956944333,7.426194188718875,51.6732979615163,13.228364278148167,12.654558466867046
strong_renewal,8.58,1.0350874603518863,7.428534926296312,51.717838954667826,13.239766772394958,12.668301698691273
strong_renewal,8.6,1.03082903190784,7.430866283865773,51.76219758429331,13.251122581579082,12.68198886544486
strong_renewal,8.620000000000001,1.0265880394179583,7.433188296936246,51.80637458939624,13.262431894885435,12.695620191821682
strong_renewal,8.64,1.022364412218856,7.435501000914917,51.85037070605356,13.273694900749707,12.709195901664627
strong_renewal,8.66,1.0181580799270418,7.4378044311068185,51.894186667426624,13.28491178686121,12.722716217968033
strong_renewal,8.68,1.0139689724378713,7.440098622714477,51.93782320377215,13.296082740165666,12.736181362880146
strong_renewal,8.700000000000001,1.0097970199245008,7.442383610837597,51.981281042453084,13.307207946867987,12.749591557705587
strong_renewal,8.72,1.005642152836846,7.444659430472749,52.02456090794949,13.318287592435066,12.762947022907818
strong_renewal,8.74,1.0015043019005403,7.446926116513074,52.06766352186934,13.329321861598547,12.776247978111625
strong_renewal,8.76,0.9973833981159014,7.449183703748017,52.11058960295933,13.340310938357584,12.789494642105604
strong_renewal,8.78,0.9932793727568976,7.451432226863053,52.15333986711562,13.351255005981594,12.80268723284465
strong_renewal,8.8,0.989192157370119,7.453671720439452,52.19591502739456,13.362154247013004,12.81582596745246
strong_renewal,8.82,0.9851216837737534,7.455902218954042,52.23831579402337,13.373008843269979,12.828911062224025
strong_renewal,8.84,0.9810678840565611,7.458123756778992,52.28054287441079,13.383818975849158,12.841942732628155
strong_renewal,8.86,0.977030690576858,7.460336368181612,52.3225969731577,13.394584825128367,12.854921193309982
strong_renewal,8.88,0.9730100359614985,7.462540087324161,52.36447879206769,13.405306570769325,12.867846658093491
strong_renewal,8.9,0.9690058531048654,7.464734948263669,52.40618903015763,13.415984391720347,12.88071933998402
strong_renewal,8.92,0.9650180751678579,7.466920984951779,52.44772838366812,13.426618466219034,12.893539451170817
strong_renewal,8.94,0.9610466355768874,7.4690982312345895,52.48909754607406,13.437208971794956,12.906307203029549
strong_renewal,8.96,0.9570914680228747,7.471266720852522,52.53029720809503,13.447756085272323,12.919022806124847
strong_renewal,8.98,0.9531525064602518,7.473426487440189,52.571328057705685,13.458259982772649,12.931686470212842
strong_renewal,9.0,0.9492296851059644,7.475577564526283,52.61219078014618,13.468720839717417,12.944298404243701
strong_renewal,9.02,0.9453229384384798,7.47771998553347,52.65288605793248,13.479138830830708,12.956858816364182
strong_renewal,9.040000000000001,0.9414322011967978,7.479853783778303,52.693414570866665,13.48951413014186,12.969367913920166
strong_renewal,9.06,0.9375574083794656,7.481978992471129,52.73377699604721,13.49984691098808,12.981825903459212
strong_renewal,9.08,0.9336984952435925,7.484095644716029,52.77397400787922,13.510137346017073,12.994232990733106
strong_renewal,9.1,0.9298553973038727,7.486203773510751,52.81400627808463,13.52038560718966,13.006589380700415
strong_renewal,9.120000000000001,0.9260280503316075,7.488303411746662,52.8538744757124,13.530591865782366,13.018895277529033
strong_renewal,9.14,0.9222163903537338,7.490394592208704,52.89357926714858,13.54075629239003,13.031150884598738
strong_renewal,9.16,0.9184203536518524,7.492477347575364,52.93312131612652,13.55087905692838,13.043356404503749
strong_renewal,9.18,0.9146398767612623,7.494551710418654,52.972501283736825,13.56096032863662,13.055512039055278
strong_renewal,9.200000000000001,0.9108748964699976,7.496617713204091,53.0117198284375,13.571000276079992,13.06761798928409
strong_renewal,9.22,0.9071253498178674,7.4986753882907005,53.05077760606385,13.58099906715234,13.079674455443046
strong_renewal,9.24,0.9033911740954979,7.500724767931013,53.08967526983854,13.59095686907866,13.091681637009678
strong_renewal,9.26,0.8996723068433793,7.502765884271083,53.12841347038144,13.600873848417642,13.10363973268873
strong_renewal,9.28,0.8959686858509154,7.504798769350504,53.166992855719606,13.610750171064213,13.11554894041472
strong_renewal,9.3,0.8922802491554757,7.506823455102442,53.205414071297106,13.620586002252052,13.127409457354497
strong_renewal,9.32,0.8886069350414525,7.508839973353664,53.24367775998485,13.630381506556112,13.139221479909782
strong_renewal,9.34,0.884948682039318,7.510848355824592,53.281784562090415,13.640136847895139,13.150985203719735
strong_renewal,9.36,0.8813054289246878,7.5128486341293454,53.31973511536781,13.649852189534153,13.162700823663503
strong_renewal,9.38,0.8776771147173854,7.514840839775802,53.35753005502721,13.65952769408696,13.174368533862765
strong_renewal,9.4,0.8740636786805125,7.516825004165665,53.39517001374464,13.66916352351862,13.18598852768429
strong_renewal,9.42,0.8704650603195181,7.51880115859453,53.432655621671664,13.678759839147938,13.197560997742471
strong_renewal,9.44,0.8668811993812747,7.52076933425197,53.46998750644503,13.68831680164992,13.209086135901893
strong_renewal,9.46,0.8633120358531562,7.522729562221612,53.50716629319626,13.697834571058236,13.220564133279852
strong_renewal,9.48,0.8597575099621194,7.524681873481237,53.54419260456123,13.707313306767668,13.231995180248909
strong_renewal,9.5,0.8562175621737868,7.526626298902869,53.5810670606897,13.716753167536554,13.243379466439428
strong_renewal,9.52,0.8526921331915348,7.528562869252885,53.61779027925482,13.726154311489225,13.254717180742116
strong_renewal,9.540000000000001,0.8491811639555841,7.5304916151921155,53.65436287546264,13.735516896118428,13.266008511310549
strong_renewal,9.56,0.8456845956420938,7.532412567275969,53.6907854620615,13.744841078287735,13.27725364556371
strong_renewal,9.58,0.8422023696622564,7.5343257559545425,53.72705864935147,13.754127014233967,13.288452770188515
strong_renewal,9.6,0.8387344276613986,7.536231211572752,53.76318304519374,13.763374859569588,13.299606071142346
strong_renewal,9.620000000000001,0.8352807115180843,7.538128964370461,53.79915925501993,13.772584769285094,13.310713733655561
strong_renewal,9.64,0.83184116334322,7.540019044482617,53.834987881841435,13.781756897751398,13.32177594223402
strong_renewal,9.66,0.8284157254791638,7.541901481939389,53.87066952625869,13.790891398722215,13.332792880661609
strong_renewal,9.68,0.8250043404988371,7.543776306666316,53.90620478647042,13.79998842533642,13.34376473200274
strong_renewal,9.700000000000001,0.82160695120484,7.545643548484453,53.94159425828289,13.809048130120413,13.354691678604869
strong_renewal,9.72,0.8182235006285701,7.547503237110526,53.976838535119036,13.818070664990465,13.365573902100994
strong_renewal,9.74,0.8148539320293419,7.549355402157094,54.01193820802766,13.827056181255074,13.376411583412171
strong_renewal,9.76,0.8114981888935124,7.551200073132705,54.046893865692546,13.836004829617286,13.387204902749993
strong_renewal,9.78,0.8081562149336079,7.553037279442068,54.08170609444156,13.844916760177032,13.397954039619103
strong_renewal,9.8,0.8048279540874534,7.554867050386223,54.11637547825566,13.853792122433443,13.408659172819668
strong_renewal,9.82,0.8015133505173081,7.556689415162712,54.15090259877801,13.862631065287164,13.419320480449878
strong_renewal,9.84,0.7982123486089986,7.5585044028657595,54.1852880353229,13.871433737042658,13.429938139908419
strong_renewal,9.86,0.7949248929710603,7.5603120424864585,54.219532364884756,13.880200285410492,13.440512327896952
strong_renewal,9.88,0.7916509284338784,7.562112362912949,54.25363616214707,13.888930857509644,13.451043220422594
strong_renewal,9.9,0.7883904000488348,7.563905392930613,54.28759999949127,13.89762559986976,13.461530992800375
strong_renewal,9.92,0.7851432530874539,7.5656911612222615,54.321424447005654,13.906284658433442,13.471975819655706
strong_renewal,9.94,0.7819094330405555,7.567469696368336,54.35511007249418,13.914908178558505,13.482377874926843
strong_renewal,9.96,0.7786888856174081,7.569241026847104,54.3886574414853,13.923496305020231,13.492737331867337
strong_renewal,9.98,0.7754815567448868,7.57100518103486,54.42206711724073,13.932049182013621,13.503054363048484
strong_renewal,10.0,0.7722873925666323,7.572762187206133,54.45533966076422,13.940566953155633,13.513329140361769
strong_renewal,10.02,0.769106339442214,7.574512073533892,54.48847563081024,13.949049761487414,13.52356183502131
strong_renewal,10.040000000000001,0.7659383439462965,7.57625486808976,54.521475583892716,13.957497749476529,13.533752617566291
strong_renewal,10.06,0.7627833528678083,7.57799059884422,54.554340074293634,13.965911059019163,13.543901657863387
strong_renewal,10.08,0.759641313209113,7.579719293666842,54.58706965407171,13.974289831442352,13.554009125109197
strong_renewal,10.1,0.7565121721851841,7.581440980326491,54.61966487307097,13.982634207506162,13.564075187832655
strong_renewal,10.120000000000001,0.7533958772227826,7.583155686491553,54.652126278929316,13.990944327405899,13.574100013897455
strong_renewal,10.14,0.7502923759596383,7.584863439730159,54.68445441708707,13.999220330774284,13.584083770504447
strong_renewal,10.16,0.7472016162436312,7.586564267510409,54.716649830795475,14.007462356683636,13.594026624194049
strong_renewal,10.18,0.7441235461319797,7.588258197200598,54.74871306112518,14.01567054364804,13.603928740848641
strong_renewal,10.200000000000001,0.741058113890428,7.589945256069449,54.78064464697468,14.02384502962551,13.613790285694964
strong_renewal,10.22,0.7380052679924396,7.591625471286346,54.812445125078725,14.031985952020147,13.623611423306496
strong_renewal,10.24,0.7349649571183908,7.593298869921565,54.84411503001673,14.040093447684276,13.633392317605844
strong_renewal,10.26,0.7319371301547692,7.594965478946512,54.87565489422112,14.0481676529206,13.643133131867117
strong_renewal,10.28,0.7289217361933736,7.59662532523396,54.90706524798566,14.056208703484323,13.652834028718287
strong_renewal,10.3,0.7259187245305176,7.59827843555829,54.93834661947375,14.064216734585273,13.662495170143567
strong_renewal,10.32,0.7229280446662364,7.599924836595732,54.96949953472668,14.072191880890022,13.672116717485759
strong_renewal,10.34,0.7199496463034943,7.601564554924608,55.000524517671906,14.080134276524001,13.681698831448614
strong_renewal,10.36,0.7169834793473979,7.603197617025578,55.031422090131244,14.088044055073592,13.691241672099174
strong_renewal,10.38,0.7140294939044096,7.604824049281886,55.06219277182904,14.095921349588227,13.700745398870117
strong_renewal,10.4,0.7110876402815666,7.606443877979607,55.09283708040032,14.103766292582474,13.710210170562087
strong_renewal,10.42,0.7081578689856989,7.608057129307898,55.12335553139894,14.111579016038121,13.719636145346026
strong_renewal,10.44,0.7052401307226541,7.609663829359251,55.15374863830566,14.119359651406242,13.729023480765497
strong_renewal,10.46,0.7023343763965221,7.611264004129739,55.1840169125362,14.12710832960926,13.738372333739003
strong_renewal,10.48,0.6994405571088645,7.612857679519274,55.2141608634493,14.134825181043015,13.747682860562293
strong_renewal,10.5,0.6965586241579451,7.614444881331864,55.24418099835471,14.142510335578798,13.756955216910669
strong_renewal,10.52,0.6936885290379641,7.616025635275866,55.27407782252118,14.150163922565415,13.766189557841285
strong_renewal,10.540000000000001,0.6908302234382949,7.617599966964242,55.303851839184404,14.1577860708312,13.775386037795446
strong_renewal,10.56,0.6879836592427246,7.619167901914821,55.333503549554926,14.165376908686053,13.78454481060088
strong_renewal,10.58,0.6851487885286944,7.620729465550555,55.36303345282607,14.172936563923468,13.793666029474027
strong_renewal,10.6,0.6823255635665462,7.622284683199785,55.392442046181785,14.180465163822529,13.80274984702232
strong_renewal,10.620000000000001,0.6795139368187689,7.623833580096494,55.421729824804466,14.187962835149936,13.811796415246434
strong_renewal,10.64,0.676713860939251,7.625376181380576,55.450897281882774,14.195429704161985,13.820805885542564
strong_renewal,10.66,0.6739252887725309,7.626912512098098,55.479944908619444,14.202865896606571,13.829778408704673
strong_renewal,10.68,0.6711481733530548,7.628442597201564,55.50887319423899,14.210271537725173,13.838714134926741
strong_renewal,10.700000000000001,0.6683824679044339,7.629966461550179,55.53768262599545,14.21764675225483,13.847613213805012
strong_renewal,10.72,0.6656281258387071,7.631484129910113,55.566373689180104,14.224991664430101,13.856475794340218
strong_renewal,10.74,0.6628851007556033,7.632995626954775,55.5949468671291,14.232306397985045,13.865302024939824
strong_renewal,10.76,0.6601533464418081,7.63450097726507,55.62340264123114,14.239591076155165,13.87409205342024
strong_renewal,10.78,0.6574328168702341,7.636000205329675,55.65174149093503,14.246845821679363,13.882846027009041
strong_renewal,10.8,0.6547234661992912,7.637493335545302,55.67996389375735,14.254070756801877,13.891564092347183
strong_renewal,10.82,0.6520252487721627,7.638980392216971,55.708070325289945,14.26126600327422,13.900246395491195
strong_renewal,10.84,0.6493381191160807,7.640461399558277,55.73606125920747,14.268431682357106,13.908893081915387
strong_renewal,10.86,0.6466620319416068,7.6419363816916634,55.763937167274904,14.275567914822368,13.917504296514036
strong_renewal,10.88,0.643996942141914,7.6434053626486875,55.79169851935504,14.282674820954883,13.926080183603574
strong_renewal,10.9,0.6413428047920725,7.644868366370295,55.81934578341588,14.28975252055446,13.934620886924758
strong_renewal,10.92,0.6386995751483359,7.646325416707092,55.84687942553814,14.296801132937757,13.943126549644854
strong_renewal,10.94,0.6360672086474322,7.647776537419617,55.874299909922556,14.303820776940167,13.951597314359788
strong_renewal,10.96,0.6334456609058561,7.64922175217861,55.90160769889731,14.310811570917704,13.960033323096317
strong_renewal,10.98,0.6308348877191652,7.650661084565287,55.92880325292534,14.31777363274888,13.96843471731417
strong_renewal,11.0,0.6282348450612765,7.6520945580716155,55.95588703061168,14.324707079836584,13.976801637908201
strong_renewal,11.02,0.6256454890837677,7.653522196100584,55.98285948871073,14.33161202910994,13.985134225210528
strong_renewal,11.040000000000001,0.6230667761151801,7.654944021966479,56.00972108213352,14.338488597026174,13.993432618992657
strong_renewal,11.06,0.6204986626603244,7.656360058895152,56.036472263954934,14.345336899572455,14.001696958467612
strong_renewal,11.08,0.617941105399588,7.657770330024304,56.063113485420935,14.352157052267753,14.00992738229206
strong_renewal,11.1,0.6153940611882461,7.659174858403751,56.08964519595575,14.358949170164664,14.018124028568417
strong_renewal,11.120000000000001,0.612857487055775,7.6605736669957,56.11606784316899,14.365713367851255,14.026287034846957
strong_renewal,11.14,0.6103313402051679,7.661966778675026,56.14238187286281,14.372449759452874,14.034416538127902
strong_renewal,11.16,0.6078155780122523,7.663354216229546,56.16858772903902,14.379158458633981,14.04251267486353
strong_renewal,11.18,0.6053101580250114,7.664736002360291,56.19468585390611,14.385839578599956,14.05057558096025
strong_renewal,11.200000000000001,0.6028150379629071,7.666112159681783,56.22067668788636,14.392493232098902,14.058605391780688
strong_renewal,11.22,0.600330175716206,7.667482710722309,56.24656066962283,14.399119531423437,14.06660224214575
strong_renewal,11.24,0.5978555293453066,7.668847677924197,56.27233823598637,14.405718588412503,14.074566266336703
strong_renewal,11.26,0.5953910570800709,7.670207083644088,56.29800982208257,14.412290514453131,14.082497598097223
strong_renewal,11.28,0.5929367173191571,7.6715609501532125,56.32357586125876,14.418835420482234,14.090396370635451
strong_renewal,11.3,0.5904924686293552,7.672909299637666,56.34903678511086,14.425353416988372,14.098262716626044
strong_renewal,11.32,0.5880582697449256,7.674252154198685,56.374393023490335,14.431844614013519,14.106096768212208
strong_renewal,11.34,0.585634079566938,7.6755895358529145,56.39964500451104,14.438309121154818,14.113898657007738
strong_renewal,11.36,0.5832198571626162,7.676921466532693,56.424793154556056,14.444747047566343,14.12166851409904
strong_renewal,11.38,0.5808155617646816,7.678247968086316,56.44983789828454,14.451158501960835,14.129406470047156
strong_renewal,11.4,0.5784211527707033,7.679569062278319,56.47477965863848,14.457543592611444,14.137112654889767
strong_renewal,11.42,0.5760365897424455,7.680884770789749,56.4996188568495,14.463902427353466,14.144787198143218
strong_renewal,11.44,0.5736618324052222,7.682195115218435,56.52435591244558,14.47023511358606,14.1524302288045
strong_renewal,11.46,0.571296840647251,7.683500117079266,56.54899124325778,14.476541758273983,14.160041875353254
strong_renewal,11.48,0.5689415745190112,7.684799797804464,56.573525265426944,14.48282246794929,14.167622265753758
strong_renewal,11.5,0.5665959942326033,7.686094178743856,56.59795839341036,14.489077348713044,14.175171527456904
strong_renewal,11.52,0.5642600601611106,7.687383281165147,56.62229103998841,14.495306506237025,14.182689787402175
strong_renewal,11.540000000000001,0.5619337328379646,7.688667126254195,56.64652361627118,14.501510045765414,14.190177172019613
strong_renewal,11.56,0.5596169729563114,7.689945735115283,56.67065653170507,14.507688072116489,14.197633807231776
strong_renewal,11.58,0.557309741368381,7.69121912877139,56.69469019407934,14.513840689684304,14.205059818455696
strong_renewal,11.6,0.5550119990848585,7.692487328164464,56.7186250095327,14.519968002440365,14.212455330604831
strong_renewal,11.620000000000001,0.5527237072742586,7.693750354155696,56.74246138255979,14.526070113935297,14.219820468090996
strong_renewal,11.64,0.5504448272623019,7.695008227525788,56.76619971601767,14.532147127300515,14.227155354826305
strong_renewal,11.66,0.5481753205312927,7.696260968975227,56.789840411132346,14.538199145249873,14.234460114225103
strong_renewal,11.68,0.5459151487195005,7.6975085991245535,56.81338386750518,14.54422627008132,14.241734869205875
strong_renewal,11.700000000000001,0.5436642736205431,7.698751138514636,56.83683048311932,14.550228603678539,14.248979742193177
strong_renewal,11.72,0.5414226571827725,7.6999886076069375,56.8601806543461,14.556206247512593,14.256194855119533
strong_renewal,11.74,0.5391902615086617,7.701221026783788,56.88343477595142,14.562159302643556,14.263380329427347
strong_renewal,11.76,0.5369670488541954,7.702448416348652,56.906593241102115,14.568087869722133,14.270536286070788
strong_renewal,11.78,0.534752981628263,7.703670796526398,56.929656441372245,14.573992048991286,14.277662845517687
strong_renewal,11.8,0.5325480223920518,7.704888187463572,56.952624766749445,14.579871940287848,14.284760127751424
strong_renewal,11.82,0.5303521338584455,7.706100609228657,56.97549860564118,14.585727643044132,14.291828252272794
strong_renewal,11.84,0.5281652788914222,7.707308081812348,56.998278344881,14.591559256289527,14.29886733810188
strong_renewal,11.86,0.5259874205054563,7.708510625127818,57.02096436973481,14.597366878652103,14.305877503779925
strong_renewal,11.88,0.5238185218649223,7.709708259010985,57.04355706390704,14.603150608360194,14.312858867371183
strong_renewal,11.9,0.5216585462835006,7.710901003220775,57.06605680954685,14.608910543243985,14.319811546464765
strong_renewal,11.92,0.5195074572235855,7.712088877439398,57.0884639872543,14.614646780737091,14.326735658176494
strong_renewal,11.94,0.5173652182956957,7.7132719012726,57.110778976086486,14.62035941787813,14.333631319150737
strong_renewal,11.96,0.5152317932578867,7.714450094249943,57.13300215356366,14.626048551312287,14.340498645562237
strong_renewal,11.98,0.5131071460151666,7.715623475825057,57.15513389567533,14.631714277292874,14.347337753117937
strong_renewal,12.0,0.5109912406189115,7.7167920653759134,57.177174576886316,14.637356691682887,14.354148757058807
