treatment,t_day,N_umol,P_umol,B_units
Control,0.0,5.0,1.0,1.0
Control,0.02,4.849257787484941,0.9849257787484941,1.015074221251506
Control,0.04,4.697064703585383,0.9697064703585383,1.0302935296414617
Control,0.06,4.543476859302767,0.9543476859302767,1.0456523140697234
Control,0.08,4.388558790339177,0.9388558790339178,1.0611441209660821
Control,0.1,4.232384449197117,0.9232384449197117,1.0767615550802883
Control,0.12,4.075038325254142,0.9075038325254142,1.0924961674745857
Control,0.14,3.9166167101500955,0.8916616710150096,1.1083383289849904
Control,0.16,3.757229127984,0.8757229127984001,1.1242770872016
Control,0.18,3.596999951586567,0.8596999951586568,1.1403000048413434
Control,0.2,3.4360702280860287,0.8436070228086029,1.1563929771913972
Control,0.22,3.274599738036224,0.8274599738036225,1.1725400261963776
Control,0.24,3.112769312875107,0.8112769312875108,1.1887230687124895
Control,0.26,2.9507834336593746,0.7950783433659375,1.2049216566340626
Control,0.28,2.7888731300601886,0.778887313006019,1.2211126869939812
Control,0.3,2.627299189381428,0.7627299189381429,1.2372700810618573
Control,0.32,2.4663556702927254,0.7466355670292727,1.2533644329707276
Control,0.34,2.306373689284137,0.7306373689284139,1.2693626310715864
Control,0.36,2.1477254079116017,0.7147725407911604,1.28522745920884
Control,0.38,1.9908280845384592,0.6990828084538461,1.3009171915461542
Control,0.4,1.8361479646511318,0.6836147964651134,1.3163852035348869
Control,0.42,1.6842036495923605,0.6684203649592363,1.331579635040764
Control,0.44,1.535568407857624,0.6535568407857626,1.3464431592142376
Control,0.46,1.3908706494206946,0.6390870649420697,1.3609129350579305
Control,0.48,1.2507915075056206,0.6250791507505623,1.3749208492494378
Control,0.5,1.1160581556568467,0.6116058155656849,1.3883941844343153
Control,0.52,0.9874312244086226,0.5987431224408625,1.4012568775591379
Control,0.54,0.8656845897382367,0.5865684589738239,1.4134315410261764
Control,0.56,0.7515760953645221,0.5751576095364525,1.4248423904635479
Control,0.58,0.6458086973007515,0.5645808697300754,1.4354191302699248
Control,0.6,0.5489833110757066,0.5548983311075709,1.4451016688924292
Control,0.62,0.4615472869249661,0.5461547286924968,1.4538452713075034
Control,0.64,0.38374545464055976,0.5383745454640562,1.461625454535944
Control,0.66,0.31558295244783224,0.5315582952447835,1.4684417047552167
Control,0.68,0.2568091349764496,0.5256809134976452,1.4743190865023548
Control,0.7000000000000001,0.2069287111407201,0.5206928711140723,1.4793071288859279
Control,0.72,0.1652402736884245,0.5165240273688427,1.4834759726311575
Control,0.74,0.1308956143193567,0.5130895614319361,1.4869104385680643
Control,0.76,0.10296850240843515,0.5102968502408438,1.4897031497591564
Control,0.78,0.08052073887992955,0.5080520738879932,1.491947926112007
Control,0.8,0.06265614294749126,0.5062656142947495,1.4937343857052507
Control,0.8200000000000001,0.04855784972152991,0.5048557849721533,1.495144215027847
Control,0.84,0.03750879478222758,0.5037508794782231,1.4962491205217772
Control,0.86,0.02889823179302562,0.5028898231793029,1.4971101768206971
Control,0.88,0.02221833382154814,0.5022218333821551,1.497778166617845
Control,0.9,0.017054818351125656,0.5017054818351129,1.4982945181648872
Control,0.92,0.013074744188431218,0.5013074744188435,1.4986925255811565
Control,0.9400000000000001,0.010013659569376575,0.501001365956938,1.498998634043062
Control,0.96,0.007663421203387428,0.5007663421203391,1.499233657879661
Control,0.98,0.005861359554829488,0.5005861359554833,1.4994138640445167
Control,1.0,0.0044810367387244105,0.5004481036738728,1.4995518963261272
Control,1.02,0.003424589490228615,0.5003424589490232,1.4996575410509767
Control,1.04,0.0026165161730558393,0.500261651617306,1.499738348382694
Control,1.06,0.001998711693976188,0.5001998711693979,1.499800128830602
Control,1.08,0.0015265442534209634,0.5001526544253425,1.4998473455746575
Control,1.1,0.0011657811457166148,0.500116578114572,1.499883421885428
Control,1.12,0.0008901950802888459,0.5000890195080293,1.4999109804919708
Control,1.1400000000000001,0.0006797092700745377,0.5000679709270078,1.4999320290729923
Control,1.16,0.0005189650957960271,0.5000518965095799,1.49994810349042
Control,1.18,0.0003962191874178102,0.5000396219187422,1.499960378081258
Control,1.2,0.0003024958429128578,0.5000302495842917,1.4999697504157086
Control,1.22,0.00023093675007576674,0.500023093675008,1.4999769063249921
Control,1.24,0.00017630265401921228,0.5000176302654024,1.4999823697345978
Control,1.26,0.00013459181863905513,0.5000134591818644,1.4999865408181359
Control,1.28,0.00010274812475243657,0.5000102748124756,1.4999897251875245
Control,1.3,7.843784590900777e-05,0.5000078437845913,1.4999921562154088
Control,1.32,5.987902825924611e-05,0.5000059879028264,1.499994012097174
Control,1.34,4.571111409779203e-05,0.5000045711114103,1.49999542888859
Control,1.36,3.4895328396920995e-05,0.5000034895328401,1.4999965104671602
Control,1.3800000000000001,2.663861355665416e-05,0.5000026638613562,1.4999973361386443
Control,1.4000000000000001,2.0335506850906942e-05,0.5000020335506856,1.4999979664493148
Control,1.42,1.5523789399479432e-05,0.5000015523789404,1.49999844762106
Control,1.44,1.1850589787345772e-05,0.5000011850589792,1.499998814941021
Control,1.46,9.046522521164494e-06,0.5000009046522526,1.4999990953477478
Control,1.48,6.905946432098272e-06,0.5000006905946437,1.4999993094053568
Control,1.5,5.2718677213274905e-06,0.5000005271867726,1.4999994728132278
Control,1.52,4.024439914598606e-06,0.5000004024439919,1.4999995975560083
Control,1.54,3.072178569339072e-06,0.5000003072178574,1.4999996927821428
Control,1.56,2.345240587489446e-06,0.5000002345240592,1.4999997654759412
Control,1.58,1.7903081676762272e-06,0.5000001790308172,1.499999820969183
Control,1.6,1.3666859274501653e-06,0.5000001366685932,1.4999998633314071
Control,1.62,1.0433009293785646e-06,0.5000001043300933,1.4999998956699068
Control,1.6400000000000001,7.964337563930296e-07,0.5000000796433761,1.499999920356624
Control,1.6600000000000001,6.079817873582968e-07,0.5000000607981792,1.4999999392018208
Control,1.68,4.6412093938537847e-07,0.5000000464120944,1.4999999535879058
Control,1.7,3.543009391228559e-07,0.5000000354300943,1.4999999645699058
Control,1.72,2.704649521248387e-07,0.5000000270464957,1.4999999729535045
Control,1.74,2.0646801499896225e-07,0.5000000206468019,1.4999999793531982
Control,1.76,1.576134873721424e-07,0.5000000157613492,1.499999984238651
Control,1.78,1.203191028658855e-07,0.5000000120319107,1.4999999879680894
Control,1.8,9.184863438269185e-08,0.5000000091848639,1.4999999908151365
Control,1.82,7.011563629063929e-08,0.500000007011564,1.4999999929884362
Control,1.84,5.352485020417947e-08,0.5000000053524855,1.4999999946475149
Control,1.86,4.085983944544591e-08,0.5000000040859843,1.4999999959140158
Control,1.8800000000000001,3.119139263332215e-08,0.5000000031191396,1.4999999968808604
Control,1.9000000000000001,2.3810961616821987e-08,0.5000000023810965,1.4999999976189036
Control,1.92,1.8176803439114676e-08,0.5000000018176807,1.4999999981823193
Control,1.94,1.3875821430541099e-08,0.5000000013875825,1.4999999986124177
Control,1.96,1.0592459424014741e-08,0.5000000010592464,1.4999999989407538
Control,1.98,8.086097547121267e-09,0.5000000008086102,1.4999999991913902
Control,2.0,6.172762254858549e-09,0.5000000006172767,1.4999999993827235
Control,2.02,4.7121677256994825e-09,0.5000000004712172,1.499999999528783
Control,2.04,3.5971524689804877e-09,0.5000000003597157,1.4999999996402846
Control,2.06,2.7460030329519093e-09,0.5000000002746008,1.4999999997253994
Control,2.08,2.0962428108132167e-09,0.5000000002096248,1.4999999997903755
Control,2.1,1.600231355161758e-09,0.5000000001600235,1.4999999998399767
Control,2.12,1.2215770958741585e-09,0.5000000001221582,1.499999999877842
Control,2.14,9.325305049406088e-10,0.5000000000932535,1.4999999999067466
Control,2.16,7.118748022101299e-10,0.5000000000711879,1.4999999999288123
Control,2.18,5.434315019100249e-10,0.5000000000543436,1.4999999999456566
Control,2.2,4.1484218740691764e-10,0.5000000000414847,1.4999999999585156
Control,2.22,3.166832414598893e-10,0.5000000000316688,1.4999999999683316
Control,2.24,2.417495391819263e-10,0.5000000000241754,1.499999999975825
Control,2.2600000000000002,1.84546938225984e-10,0.5000000000184551,1.499999999981545
Control,2.2800000000000002,1.4087857486525796e-10,0.5000000000140883,1.499999999985912
Control,2.3000000000000003,1.0754423029241619e-10,0.5000000000107548,1.4999999999892453
Control,2.32,8.209707590980103e-11,0.5000000000082101,1.49999999999179
Control,2.34,6.267132523652114e-11,0.5000000000062675,1.4999999999937326
Control,2.36,4.784174188332886e-11,0.5000000000047846,1.4999999999952154
Control,2.38,3.652154567499995e-11,0.5000000000036525,1.4999999999963474
Control,2.4,2.787980442481637e-11,0.5000000000027883,1.4999999999972116
Control,2.42,2.1282905283180426e-11,0.5000000000021287,1.4999999999978713
Control,2.44,1.6246844266207545e-11,0.5000000000016251,1.4999999999983749
Control,2.46,1.2402555625696097e-11,0.5000000000012407,1.4999999999987594
Control,2.48,9.46785846051705e-12,0.5000000000009472,1.4999999999990528
Control,2.5,7.2275806450580455e-12,0.5000000000007232,1.4999999999992768
Control,2.52,5.517356563819138e-12,0.5000000000005522,1.499999999999448
Control,2.54,4.211853118559784e-12,0.5000000000004217,1.4999999999995786
Control,2.56,3.2152429214112713e-12,0.500000000000322,1.4999999999996783
Control,2.58,2.4544544687507135e-12,0.5000000000002459,1.4999999999997542
Control,2.6,1.8736699234203883e-12,0.5000000000001877,1.4999999999998124
Control,2.62,1.4303267187502593e-12,0.5000000000001434,1.4999999999998568
Control,2.64,1.0918822970105155e-12,0.5000000000001096,1.4999999999998905
Control,2.66,8.335218982674869e-13,0.5000000000000837,1.4999999999999165
Control,2.68,6.362900315239233e-13,0.5000000000000641,1.4999999999999363
Control,2.7,4.857326371026058e-13,0.500000000000049,1.4999999999999512
Control,2.72,3.707984061123062e-13,0.5000000000000375,1.4999999999999627
Control,2.74,2.8306035566602327e-13,0.5000000000000288,1.4999999999999716
Control,2.7600000000000002,2.160812847319862e-13,0.500000000000022,1.4999999999999782
Control,2.7800000000000002,1.6495265847557052e-13,0.5000000000000169,1.4999999999999833
Control,2.8000000000000003,1.259215012019132e-13,0.500000000000013,1.4999999999999873
Control,2.82,9.61260467376865e-14,0.50000000000001,1.4999999999999902
Control,2.84,7.338025004035665e-14,0.5000000000000078,1.4999999999999925
Control,2.86,5.601719435707705e-14,0.500000000000006,1.4999999999999942
Control,2.88,4.2762385715698845e-14,0.5000000000000047,1.4999999999999956
Control,2.9,3.264398096184447e-14,0.5000000000000037,1.4999999999999967
Control,2.92,2.491960885304614e-14,0.5000000000000029,1.4999999999999976
Control,2.94,1.90231918214462e-14,0.5000000000000023,1.499999999999998
Control,2.96,1.4521917342503074e-14,0.5000000000000019,1.4999999999999984
Control,2.98,1.1085751772827597e-14,0.5000000000000016,1.499999999999999
Control,3.0,8.462589116925345e-15,0.5000000000000013,1.4999999999999991
Control,3.02,6.460191932654474e-15,0.5000000000000011,1.4999999999999993
Control,3.04,4.931578998060125e-15,0.5000000000000009,1.4999999999999996
Control,3.06,3.7646723453365344e-15,0.5000000000000008,1.4999999999999996
Control,3.08,2.8738578917601468e-15,0.5000000000000008,1.4999999999999998
Control,3.1,2.1938526509354694e-15,0.5000000000000007,1.4999999999999998
Control,3.12,1.674742448982676e-15,0.5000000000000007,1.4999999999999998
Control,3.14,1.2784661029918255e-15,0.5000000000000006,1.5
Control,3.16,9.759494485575125e-16,0.5000000000000006,1.5
Control,3.18,7.450226718014768e-16,0.5000000000000006,1.5
Control,3.2,5.687351397042944e-16,0.5000000000000006,1.5
Control,3.22,4.3416144263492107e-16,0.5000000000000006,1.5
Control,3.24,3.3142812275813046e-16,0.5000000000000006,1.5
Control,3.2600000000000002,2.53006409186838e-16,0.5000000000000006,1.5
Control,3.2800000000000002,1.931399418047522e-16,0.5000000000000006,1.5
Control,3.3000000000000003,1.4743930858215413e-16,0.5000000000000006,1.5
Control,3.3200000000000003,1.1255152684120416e-16,0.5000000000000006,1.5
Control,3.34,8.591985923708282e-17,0.5000000000000006,1.5
Control,3.36,6.558947129544081e-17,0.5000000000000006,1.5
Control,3.38,5.006973807543561e-17,0.5000000000000006,1.5
Control,3.4,3.822200146706022e-17,0.5000000000000006,1.5
Control,3.42,2.9178004759035635e-17,0.5000000000000006,1.5
Control,3.44,2.2273894796780883e-17,0.5000000000000006,1.5
Control,3.46,1.7003461933259262e-17,0.5000000000000006,1.5
Control,3.48,1.2980022902835756e-17,0.5000000000000006,1.5
Control,3.5,9.90872156074092e-18,0.5000000000000006,1.5
Control,3.52,7.564116307376735e-18,0.5000000000000006,1.5
Control,3.54,5.7743005821242235e-18,0.5000000000000006,1.5
Control,3.56,4.40795845563808e-18,0.5000000000000006,1.5
Control,3.58,3.364958083293454e-18,0.5000000000000006,1.5
Control,3.6,2.5687404934583666e-18,0.5000000000000006,1.5
Control,3.62,1.9609269773175596e-18,0.5000000000000006,1.5
Control,3.64,1.496923225180617e-18,0.5000000000000006,1.5
Control,3.66,1.1427249048135809e-18,0.5000000000000006,1.5
Control,3.68,8.723329275486893e-19,0.5000000000000006,1.5
Control,3.7,6.659221416833858e-19,0.5000000000000006,1.5
Control,3.72,5.083485165834659e-19,0.5000000000000006,1.5
Control,3.74,3.880643311916491e-19,0.5000000000000006,1.5
Control,3.7600000000000002,2.9624040981312156e-19,0.5000000000000006,1.5
Control,3.7800000000000002,2.261442184812026e-19,0.5000000000000006,1.5
Control,3.8000000000000003,1.7263291127133676e-19,0.5000000000000006,1.5
Control,3.8200000000000003,1.3178493310932886e-19,0.5000000000000006,1.5
Control,3.84,1.006019349204819e-19,0.5000000000000006,1.5
Control,3.86,7.679757790181626e-20,0.5000000000000006,1.5
Control,3.88,5.862537428910569e-20,0.5000000000000006,1.5
Control,3.9,4.475358129746138e-20,0.5000000000000006,1.5
Control,3.92,3.416397282237547e-20,0.5000000000000006,1.5
Control,3.94,2.6080118303248888e-20,0.5000000000000006,1.5
Control,3.96,1.990891820816086e-20,0.5000000000000006,1.5
Control,3.98,1.5198118568583795e-20,0.5000000000000006,1.5
Control,4.0,1.1601934296100441e-20,0.5000000000000006,1.5
Control,4.0200000000000005,8.85669300119117e-21,0.5000000000000006,1.5
Control,4.04,6.760980702052273e-21,0.5000000000000006,1.5
Control,4.0600000000000005,5.1612139482082705e-21,0.5000000000000006,1.5
Control,4.08,3.939965650683143e-21,0.5000000000000006,1.5
Control,4.1,3.007693830421713e-21,0.5000000000000006,1.5
Control,4.12,2.2959991886845242e-21,0.5000000000000006,1.5
Control,4.14,1.7527254639428926e-21,0.5000000000000006,1.5
Control,4.16,1.3379949353601043e-21,0.5000000000000006,1.5
Control,4.18,1.0213995422828939e-21,0.5000000000000006,1.5
Control,4.2,7.797111849231819e-22,0.5000000000000006,1.5
Control,4.22,5.952178271974672e-22,0.5000000000000006,1.5
Control,4.24,4.543771712169325e-22,0.5000000000000006,1.5
Control,4.26,3.4686277387131113e-22,0.5000000000000006,1.5
Control,4.28,2.647864750521252e-22,0.5000000000000006,1.5
Control,4.3,2.021333455250224e-22,0.5000000000000006,1.5
Control,4.32,1.54304480732235e-22,0.5000000000000006,1.5
Control,4.34,1.1779306619698565e-22,0.5000000000000006,1.5
Control,4.36,8.992031758199963e-23,0.5000000000000006,1.5
Control,4.38,6.864359148232179e-23,0.5000000000000006,1.5
Control,4.4,5.240112021974196e-23,0.5000000000000006,1.5
Control,4.42,4.000200508468324e-23,0.5000000000000006,1.5
Control,4.44,3.0536542746210684e-23,0.5000000000000006,1.5
Control,4.46,2.3311060524689968e-23,0.5000000000000006,1.5
Control,4.48,1.779518901365392e-23,0.5000000000000006,1.5
Control,4.5,1.358450427055754e-23,0.5000000000000006,1.5
Control,4.5200000000000005,1.0370075061632271e-23,0.5000000000000006,1.5
Control,4.54,7.9163332082603e-24,0.5000000000000006,1.5
Control,4.5600000000000005,6.043167602214051e-24,0.5000000000000006,1.5
Control,4.58,4.613237658615646e-24,0.5000000000000006,1.5
Control,4.6000000000000005,3.521631694774361e-24,0.5000000000000006,1.5
Control,4.62,2.6883517975439092e-24,0.5000000000000006,1.5
Control,4.64,2.052233029973955e-24,0.5000000000000006,1.5
Control,4.66,1.5666351359611539e-24,0.5000000000000006,1.5
Control,4.68,1.1959305713730679e-24,0.5000000000000006,1.5
Control,4.7,9.129523981906556e-25,0.5000000000000006,1.5
Control,4.72,6.969292739411995e-25,0.5000000000000006,1.5
Control,4.74,5.320223736239322e-25,0.5000000000000006,1.5
Control,4.76,4.061327405892573e-25,0.5000000000000006,1.5
Control,4.78,3.100346026600919e-25,0.5000000000000006,1.5
Control,4.8,2.366741036627663e-25,0.5000000000000006,1.5
Control,4.82,1.8067244857417932e-25,0.5000000000000006,1.5
Control,4.84,1.3792088514734304e-25,0.5000000000000006,1.5
Control,4.86,1.0528638189362358e-25,0.5000000000000006,1.5
Control,4.88,8.037348040756813e-26,0.5000000000000006,1.5
Control,4.9,6.135556565307767e-26,0.5000000000000006,1.5
Control,4.92,4.6837323512079667e-26,0.5000000000000006,1.5
Control,4.94,3.5754790327076086e-26,0.5000000000000006,1.5
Control,4.96,2.729447900235992e-26,0.5000000000000006,1.5
Control,4.98,2.08360791383392e-26,0.5000000000000006,1.5
Control,5.0,1.5905748222479836e-26,0.5000000000000006,1.5
Control,5.0200000000000005,1.2142168895354558e-26,0.5000000000000006,1.5
Control,5.04,9.269084531769492e-27,0.5000000000000006,1.5
Control,5.0600000000000005,7.075840459427934e-27,0.5000000000000006,1.5
Control,5.08,5.401521853648877e-27,0.5000000000000006,1.5
Control,5.1000000000000005,4.123426934814639e-27,0.5000000000000006,1.5
Control,5.12,3.1477401730093483e-27,0.5000000000000006,1.5
Control,5.14,2.4029241718108032e-27,0.5000000000000006,1.5
Control,5.16,1.834332967386656e-27,0.5000000000000006,1.5
Control,5.18,1.400297577252453e-27,0.5000000000000006,1.5
Control,5.2,1.0689586617552853e-27,0.5000000000000006,1.5
Control,5.22,8.160224369925064e-28,0.5000000000000006,1.5
Control,5.24,6.229313749732484e-28,0.5000000000000006,1.5
Control,5.26,4.755348732636653e-28,0.5000000000000006,1.5
Control,5.28,3.6301364081432883e-28,0.5000000000000006,1.5
Control,5.3,2.7711761589770974e-28,0.5000000000000006,1.5
Control,5.32,2.1154474396156214e-28,0.5000000000000006,1.5
Control,5.34,1.6148954291100748e-28,0.5000000000000006,1.5
Control,5.36,1.2327782928564015e-28,0.5000000000000006,1.5
Control,5.38,9.41079185565774e-29,0.5000000000000006,1.5
Control,5.4,7.183966082890612e-29,0.5000000000000006,1.5
Control,5.42,5.484113560509884e-29,0.5000000000000006,1.5
Control,5.44,4.1864606407869075e-29,0.5000000000000006,1.5
Control,5.46,3.1958633543962217e-29,0.5000000000000006,1.5
Control,5.48,2.4396431560360898e-29,0.5000000000000006,1.5
Control,5.5,1.8623807462965056e-29,0.5000000000000006,1.5
Control,5.5200000000000005,1.4217035454321942e-29,0.5000000000000006,1.5
Control,5.54,1.0853010816334607e-29,0.5000000000000006,1.5
Control,5.5600000000000005,8.284920418776331e-30,0.5000000000000006,1.5
Control,5.58,6.324562768268878e-30,0.5000000000000006,1.5
Control,5.6000000000000005,4.828042455248177e-30,0.5000000000000006,1.5
Control,5.62,3.6856345443382885e-30,0.5000000000000006,1.5
Control,5.64,2.8135223864863675e-30,0.5000000000000006,1.5
Control,5.66,2.147793585673411e-30,0.5000000000000006,1.5
Control,5.68,1.63958189628014e-30,0.5000000000000006,1.5
Control,5.7,1.2516252148182598e-30,0.5000000000000006,1.5
Control,5.72,9.554597774192004e-31,0.5000000000000006,1.5
Control,5.74,7.293812166437713e-31,0.5000000000000006,1.5
Control,5.76,5.567947712819711e-31,0.5000000000000006,1.5
Control,5.78,4.25046395545471e-31,0.5000000000000006,1.5
Control,5.8,3.244699209257131e-31,0.5000000000000006,1.5
Control,5.82,2.4769464009081965e-31,0.5000000000000006,1.5
Control,5.84,1.890850454193907e-31,0.5000000000000006,1.5
Control,5.86,1.4434387884429833e-31,0.5000000000000006,1.5
Control,5.88,1.1018855222761206e-31,0.5000000000000006,1.5
Control,5.9,8.411600590982273e-32,0.5000000000000006,1.5
Control,5.92,6.421244639013914e-32,0.5000000000000006,1.5
Control,5.94,4.9018543806446074e-32,0.5000000000000006,1.5
Control,5.96,3.7419545723614186e-32,0.5000000000000006,1.5
Control,5.98,2.856542413524572e-32,0.5000000000000006,1.5
Control,6.0,2.1806263220135324e-32,0.5000000000000006,1.5
Control,6.0200000000000005,1.6646481001777318e-32,0.5000000000000006,1.5
Control,6.04,1.2707512476153344e-32,0.5000000000000006,1.5
Control,6.0600000000000005,9.700691886170367e-33,0.5000000000000006,1.5
Control,6.08,7.405310689094805e-33,0.5000000000000006,1.5
Control,6.1000000000000005,5.653071434286306e-33,0.5000000000000006,1.5
Control,6.12,4.315415118192822e-33,0.5000000000000006,1.5
Control,6.140000000000001,3.2943121245065355e-33,0.5000000000000006,1.5
Control,6.16,2.5148108068045922e-33,0.5000000000000006,1.5
Control,6.18,1.9197580940819993e-33,0.5000000000000006,1.5
Control,6.2,1.4654959164725877e-33,0.5000000000000006,1.5
Control,6.22,1.1187338491950849e-33,0.5000000000000006,1.5
Control,6.24,8.540186441244675e-34,0.5000000000000006,1.5
Control,6.26,6.519413707459373e-34,0.5000000000000006,1.5
Control,6.28,4.9767594133498195e-34,0.5000000000000006,1.5
Control,6.3,3.7991707465251505e-34,0.5000000000000006,1.5
Control,6.32,2.900209600414948e-34,0.5000000000000006,1.5
Control,6.34,2.213964104124974e-34,0.5000000000000006,1.5
Control,6.36,1.6900855184900424e-34,0.5000000000000006,1.5
Control,6.38,1.2901816076842005e-34,0.5000000000000006,1.5
Control,6.4,9.848983724426917e-35,0.5000000000000006,1.5
Control,6.42,7.518524324887584e-35,0.5000000000000006,1.5
Control,6.44,5.739455783511807e-35,0.5000000000000006,1.5
Control,6.46,4.3813997629063167e-35,0.5000000000000006,1.5
Control,6.48,3.3446713778944796e-35,0.5000000000000006,1.5
Control,6.5,2.553257657547624e-35,0.5000000000000006,1.5
Control,6.5200000000000005,1.9490938375898107e-35,0.5000000000000006,1.5
Control,6.54,1.487904010416985e-35,0.5000000000000006,1.5
Control,6.5600000000000005,1.1358356292499086e-35,0.5000000000000006,1.5
Control,6.58,8.670750248484465e-36,0.5000000000000006,1.5
Control,6.6000000000000005,6.619036596891628e-36,0.5000000000000006,1.5
Control,6.62,5.0528563108024066e-36,0.5000000000000006,1.5
Control,6.640000000000001,3.85724763634531e-36,0.5000000000000006,1.5
Control,6.66,2.944548492759828e-36,0.5000000000000006,1.5
Control,6.68,2.2477955974231908e-36,0.5000000000000006,1.5
Control,6.7,1.715927688807066e-36,0.5000000000000006,1.5
Control,6.72,1.3099042629889335e-36,0.5000000000000006,1.5
Control,6.74,9.999556644743244e-37,0.5000000000000006,1.5
Control,6.76,7.633414582067522e-37,0.5000000000000006,1.5
Control,6.78,5.827214652670747e-37,0.5000000000000006,1.5
Control,6.8,4.448377029332515e-37,0.5000000000000006,1.5
Control,6.82,3.3958052766762307e-37,0.5000000000000006,1.5
Control,6.84,2.5922738815094463e-37,0.5000000000000006,1.5
Control,6.86,1.9788963619969003e-37,0.5000000000000006,1.5
Control,6.88,1.510649194311409e-37,0.5000000000000006,1.5
Control,6.9,1.153200475459503e-37,0.5000000000000006,1.5
Control,6.92,8.803247622030734e-38,0.5000000000000006,1.5
Control,6.94,6.720244653643852e-38,0.5000000000000006,1.5
Control,6.96,5.130097950838789e-38,0.5000000000000006,1.5
Control,6.98,3.916217887209599e-38,0.5000000000000006,1.5
Control,7.0,2.989544015683411e-38,0.5000000000000006,1.5
Control,7.0200000000000005,2.2821654065428852e-38,0.5000000000000006,1.5
Control,7.04,1.742158608650156e-38,0.5000000000000006,1.5
Control,7.0600000000000005,1.3299302997589718e-38,0.5000000000000006,1.5
Control,7.08,1.0152359453506821e-38,0.5000000000000006,1.5
Control,7.1000000000000005,7.750132936004046e-39,0.5000000000000006,1.5
Control,7.12,5.91629369805227e-39,0.5000000000000006,1.5
Control,7.140000000000001,4.5163845658170026e-39,0.5000000000000006,1.5
Control,7.16,3.4476964357270645e-39,0.5000000000000006,1.5
Control,7.18,2.6319109190566373e-39,0.5000000000000006,1.5
Control,7.2,2.009147212419044e-39,0.5000000000000006,1.5
Control,7.22,1.5337442533677892e-39,0.5000000000000006,1.5
Control,7.24,1.1708224839122751e-39,0.5000000000000006,1.5
Control,7.26,8.937853251096649e-40,0.5000000000000006,1.5
Control,7.28,6.8229752057443716e-40,0.5000000000000006,1.5
Control,7.3,5.208527751474054e-40,0.5000000000000006,1.5
Control,7.32,3.976061449694978e-40,0.5000000000000006,1.5
Control,7.34,3.0352554928710236e-40,0.5000000000000006,1.5
Control,7.36,2.317052248359238e-40,0.5000000000000006,1.5
Control,7.38,1.7687930225854919e-40,0.5000000000000006,1.5
Control,7.4,1.35025290929885e-40,0.5000000000000006,1.5
Control,7.42,1.0307593611333176e-40,0.5000000000000006,1.5
Control,7.44,7.868607110145412e-41,0.5000000000000006,1.5
Control,7.46,6.006742991552061e-41,0.5000000000000006,1.5
Control,7.48,4.5853992503306603e-41,0.5000000000000006,1.5
Control,7.5,3.500413270182353e-41,0.5000000000000006,1.5
Control,7.5200000000000005,2.672144225391299e-41,0.5000000000000006,1.5
Control,7.54,2.0398633930508744e-41,0.5000000000000006,1.5
Control,7.5600000000000005,1.557181335447095e-41,0.5000000000000006,1.5
Control,7.58,1.1887248880860647e-41,0.5000000000000006,1.5
Control,7.6000000000000005,9.07448378263239e-42,0.5000000000000006,1.5
Control,7.62,6.927285998687075e-42,0.5000000000000006,1.5
Control,7.640000000000001,5.2881190471907294e-42,0.5000000000000006,1.5
Control,7.66,4.036857223666107e-42,0.5000000000000006,1.5
Control,7.68,3.08165461799507e-42,0.5000000000000006,1.5
Control,7.7,2.3524757329869545e-42,0.5000000000000006,1.5
Control,7.72,1.7958218751211105e-42,0.5000000000000006,1.5
Control,7.74,1.3708988856541389e-42,0.5000000000000006,1.5
Control,7.76,1.0465162991183848e-42,0.5000000000000006,1.5
Control,7.78,7.988903699574993e-43,0.5000000000000006,1.5
Control,7.8,6.098531781119263e-43,0.5000000000000006,1.5
Control,7.82,4.655512074269008e-43,0.5000000000000006,1.5
Control,7.84,3.553923135724338e-43,0.5000000000000006,1.5
Control,7.86,2.7129964159097676e-43,0.5000000000000006,1.5
Control,7.88,2.071034460631765e-43,0.5000000000000006,1.5
Control,7.9,1.5809913408254444e-43,0.5000000000000006,1.5
Control,7.92,1.2068966021147352e-43,0.5000000000000006,1.5
Control,7.94,9.213216017525388e-44,0.5000000000000006,1.5
Control,7.96,7.033141567620191e-44,0.5000000000000006,1.5
Control,7.98,5.368976773962093e-44,0.5000000000000006,1.5
Control,8.0,4.098567562011213e-44,0.5000000000000006,1.5
Control,8.02,3.128767472297707e-44,0.5000000000000006,1.5
Control,8.040000000000001,2.3884238167189823e-44,0.5000000000000006,1.5
Control,8.06,1.823280802050075e-44,0.5000000000000006,1.5
Control,8.08,1.391855444031949e-44,0.5000000000000006,1.5
Control,8.1,1.0625156163805443e-44,0.5000000000000006,1.5
Control,8.120000000000001,8.110981804395504e-45,0.5000000000000006,1.5
Control,8.14,6.191781084333347e-45,0.5000000000000006,1.5
Control,8.16,4.726679621039922e-45,0.5000000000000006,1.5
Control,8.18,3.608256110587382e-45,0.5000000000000006,1.5
Control,8.2,2.7544536011875442e-45,0.5000000000000006,1.5
Control,8.22,2.1027015121972112e-45,0.5000000000000006,1.5
Control,8.24,1.605159525419893e-45,0.5000000000000006,1.5
Control,8.26,1.225347840433831e-45,0.5000000000000006,1.5
Control,8.28,9.354002787903329e-46,0.5000000000000006,1.5
Control,8.3,7.140681476261287e-46,0.5000000000000006,1.5
Control,8.32,5.451050861533398e-46,0.5000000000000006,1.5
Control,8.34,4.16122715250228e-46,0.5000000000000006,1.5
Control,8.36,3.1765780377777774e-46,0.5000000000000006,1.5
Control,8.38,2.4249438947775528e-46,0.5000000000000006,1.5
Control,8.4,1.8511527997350567e-46,0.5000000000000006,1.5
Control,8.42,1.4131343642464622e-46,0.5000000000000006,1.5
Control,8.44,1.0787518732773434e-46,0.5000000000000006,1.5
Control,8.46,8.235002376688726e-47,0.5000000000000006,1.5
Control,8.48,6.286433157592944e-47,0.5000000000000006,1.5
Control,8.5,4.7989418943722155e-47,0.5000000000000006,1.5
Control,8.52,3.663393721985978e-47,0.5000000000000006,1.5
Control,8.540000000000001,2.7965704398406227e-47,0.5000000000000006,1.5
Control,8.56,2.1348449382752253e-47,0.5000000000000006,1.5
Control,8.58,1.6296994743200672e-47,0.5000000000000006,1.5
Control,8.6,1.244072329766974e-47,0.5000000000000006,1.5
Control,8.620000000000001,9.49702971201221e-48,0.5000000000000006,1.5
Control,8.64,7.249839131709528e-48,0.5000000000000006,1.5
Control,8.66,5.534387444269193e-48,0.5000000000000006,1.5
Control,8.68,4.224814691369812e-48,0.5000000000000006,1.5
Control,8.700000000000001,3.225149349571993e-48,0.5000000000000006,1.5
Control,8.72,2.4620133525075044e-48,0.5000000000000006,1.5
Control,8.74,1.8794535352024638e-48,0.5000000000000006,1.5
Control,8.76,1.4347284116316088e-48,0.5000000000000006,1.5
Control,8.78,1.095246476262847e-48,0.5000000000000006,1.5
Control,8.8,8.36088861808434e-49,0.5000000000000006,1.5
Control,8.82,6.3825412054278265e-49,0.5000000000000006,1.5
Control,8.84,4.872274325659422e-49,0.5000000000000006,1.5
Control,8.86,3.719408665292793e-49,0.5000000000000006,1.5
Control,8.88,2.839320851481809e-49,0.5000000000000006,1.5
Control,8.9,2.167482806889158e-49,0.5000000000000006,1.5
Control,8.92,1.6546028441357146e-49,0.5000000000000006,1.5
Control,8.94,1.2630947571416873e-49,0.5000000000000006,1.5
Control,8.96,9.64220822200894e-50,0.5000000000000006,1.5
Control,8.98,7.360675892174202e-50,0.5000000000000006,1.5
Control,9.0,5.618958188384567e-50,0.5000000000000006,1.5
Control,9.02,4.289414014669005e-50,0.5000000000000006,1.5
Control,9.040000000000001,3.274451330431923e-50,0.5000000000000006,1.5
Control,9.06,2.499653026885821e-50,0.5000000000000006,1.5
Control,9.08,1.9081733864241038e-50,0.5000000000000006,1.5
Control,9.1,1.456666056541549e-50,0.5000000000000006,1.5
Control,9.120000000000001,1.1119892112362485e-50,0.5000000000000006,1.5
Control,9.14,8.488711290035934e-51,0.5000000000000006,1.5
Control,9.16,6.480072551855138e-51,0.5000000000000006,1.5
Control,9.18,4.9467735989668613e-51,0.5000000000000006,1.5
Control,9.200000000000001,3.776266253872552e-51,0.5000000000000006,1.5
Control,9.22,2.882728866388185e-51,0.5000000000000006,1.5
Control,9.24,2.2006040214195427e-51,0.5000000000000006,1.5
Control,9.26,1.6799024683484536e-51,0.5000000000000006,1.5
Control,9.28,1.2824033431298574e-51,0.5000000000000006,1.5
Control,9.3,9.789619923653372e-52,0.5000000000000006,1.5
Control,9.32,7.473154074025777e-52,0.5000000000000006,1.5
Control,9.34,5.70487459493319e-52,0.5000000000000006,1.5
Control,9.36,4.354985119982217e-52,0.5000000000000006,1.5
Control,9.38,3.324511693313229e-52,0.5000000000000006,1.5
Control,9.4,2.537850120718306e-52,0.5000000000000006,1.5
Control,9.42,1.937350218665393e-52,0.5000000000000006,1.5
Control,9.44,1.4789337143318733e-52,0.5000000000000006,1.5
Control,9.46,1.1289894893949849e-52,0.5000000000000006,1.5
Control,9.48,8.618426933837243e-53,0.5000000000000006,1.5
Control,9.5,6.579155785644026e-53,0.5000000000000006,1.5
Control,9.52,5.0223935814421145e-53,0.5000000000000006,1.5
Control,9.540000000000001,3.833998447736093e-53,0.5000000000000006,1.5
Control,9.56,2.9267797261750147e-53,0.5000000000000006,1.5
Control,9.58,2.2342522500444903e-53,0.5000000000000006,1.5
Control,9.6,1.7055826804453155e-53,0.5000000000000006,1.5
Control,9.620000000000001,1.3020089412099108e-53,0.5000000000000006,1.5
Control,9.64,9.939214698122487e-54,0.5000000000000006,1.5
Control,9.66,7.587421972468498e-54,0.5000000000000006,1.5
Control,9.68,5.792083461128809e-54,0.5000000000000006,1.5
Control,9.700000000000001,4.4215648652428756e-54,0.5000000000000006,1.5
Control,9.72,3.3753134180849496e-54,0.5000000000000006,1.5
Control,9.74,2.5766549944014343e-54,0.5000000000000006,1.5
Control,9.76,1.966965964495055e-54,0.5000000000000006,1.5
Control,9.78,1.5015439017940416e-54,0.5000000000000006,1.5
Control,9.8,1.1462415307777161e-54,0.5000000000000006,1.5
Control,9.82,8.750206571170656e-55,0.5000000000000006,1.5
Control,9.84,6.679729550595861e-55,0.5000000000000006,1.5
Control,9.86,5.099176779556267e-55,0.5000000000000006,1.5
Control,9.88,3.8925856183900246e-55,0.5000000000000006,1.5
Control,9.9,2.971531509050346e-55,0.5000000000000006,1.5
Control,9.92,2.2684066564699153e-55,0.5000000000000006,1.5
Control,9.94,1.7316579154361773e-55,0.5000000000000006,1.5
Control,9.96,1.321904885632283e-55,0.5000000000000006,1.5
Control,9.98,1.0091189776446275e-55,0.5000000000000006,1.5
Control,10.0,7.703408828367927e-56,0.5000000000000006,1.5
Control,10.02,5.880633807627517e-56,0.5000000000000006,1.5
Control,10.040000000000001,4.4891306138597865e-56,0.5000000000000006,1.5
Control,10.06,3.4269234835338435e-56,0.5000000000000006,1.5
Control,10.08,2.6160436184456218e-56,0.5000000000000006,1.5
Control,10.1,1.9970372711114226e-56,0.5000000000000006,1.5
Control,10.120000000000001,1.524488931641558e-56,0.5000000000000006,1.5
Control,10.14,1.1637680810846327e-56,0.5000000000000006,1.5
Control,10.16,8.883968598950747e-57,0.5000000000000006,1.5
Control,10.18,6.781850379860912e-57,0.5000000000000006,1.5
Control,10.200000000000001,5.177097087623748e-57,0.5000000000000006,1.5
Control,10.22,3.9521050092276965e-57,0.5000000000000006,1.5
Control,10.24,3.016956502966806e-57,0.5000000000000006,1.5
Control,10.26,2.3030864391040082e-57,0.5000000000000006,1.5
Control,10.28,1.7581193079455684e-57,0.5000000000000006,1.5
Control,10.3,1.342117407912198e-57,0.5000000000000006,1.5
Control,10.32,1.0245451049735444e-57,0.5000000000000006,1.5
Control,10.34,7.821179838670438e-58,0.5000000000000006,1.5
Control,10.36,5.9704955280057164e-58,0.5000000000000006,1.5
Control,10.38,4.557771446900273e-58,0.5000000000000006,1.5
Control,10.4,3.4793099306967265e-58,0.5000000000000006,1.5
Control,10.42,2.6560381334459363e-58,0.5000000000000006,1.5
Control,10.44,2.027553914505999e-58,0.5000000000000006,1.5
Control,10.46,1.5477990554115844e-58,0.5000000000000006,1.5
Control,10.48,1.1815582871929764e-58,0.5000000000000006,1.5
Control,10.5,9.019788205660604e-59,0.5000000000000006,1.5
Control,10.52,6.885483553157882e-59,0.5000000000000006,1.5
Control,10.540000000000001,5.256257238528903e-59,0.5000000000000006,1.5
Control,10.56,4.012519763523443e-59,0.5000000000000006,1.5
Control,10.58,3.0630802416011332e-59,0.5000000000000006,1.5
Control,10.6,2.3382798070925157e-59,0.5000000000000006,1.5
Control,10.620000000000001,1.7850017456071296e-59,0.5000000000000006,1.5
Control,10.64,1.3626339916683777e-59,0.5000000000000006,1.5
Control,10.66,1.0402085229228541e-59,0.5000000000000006,1.5
Control,10.68,7.940694962155556e-60,0.5000000000000006,1.5
Control,10.700000000000001,6.061787099126532e-60,0.5000000000000006,1.5
Control,10.72,4.627444859286232e-60,0.5000000000000006,1.5
Control,10.74,3.532502206327278e-60,0.5000000000000006,1.5
Control,10.76,2.6966249415807625e-60,0.5000000000000006,1.5
Control,10.78,2.0585561288983361e-60,0.5000000000000006,1.5
Control,10.8,1.571459838567272e-60,0.5000000000000006,1.5
Control,10.82,1.199622149090255e-60,0.5000000000000006,1.5
Control,10.84,9.157619213698416e-61,0.5000000000000006,1.5
Control,10.86,6.990765704119537e-61,0.5000000000000006,1.5
Control,10.88,5.336608213221976e-61,0.5000000000000006,1.5
Control,10.9,4.073863840793272e-61,0.5000000000000006,1.5
Control,10.92,3.1098870432437566e-61,0.5000000000000006,1.5
Control,10.94,2.3740331606137832e-61,0.5000000000000006,1.5
Control,10.96,1.8122885817682395e-61,0.5000000000000006,1.5
Control,10.98,1.383466169402506e-61,0.5000000000000006,1.5
Control,11.0,1.0561039060532572e-61,0.5000000000000006,1.5
Control,11.02,8.062111771780116e-62,0.5000000000000006,1.5
Control,11.040000000000001,6.154451989692891e-62,0.5000000000000006,1.5
Control,11.06,4.698190014884114e-62,0.5000000000000006,1.5
Control,11.08,3.5864822254688365e-62,0.5000000000000006,1.5
Control,11.1,2.7378575539303256e-62,0.5000000000000006,1.5
Control,11.120000000000001,2.0900247165094477e-62,0.5000000000000006,1.5
Control,11.14,1.595484580984715e-62,0.5000000000000006,1.5
Control,11.16,1.2179535252050425e-62,0.5000000000000006,1.5
Control,11.18,9.297643344329685e-63,0.5000000000000006,1.5
Control,11.200000000000001,7.097631637936246e-63,0.5000000000000006,1.5
Control,11.22,5.418195177494871e-63,0.5000000000000006,1.5
Control,11.24,4.136116384531902e-63,0.5000000000000006,1.5
Control,11.26,3.157438619633833e-63,0.5000000000000006,1.5
Control,11.28,2.4103243597984055e-63,0.5000000000000006,1.5
Control,11.3,1.8399951545322945e-63,0.5000000000000006,1.5
Control,11.32,1.404606858337467e-63,0.5000000000000006,1.5
Control,11.34,1.0722522113988389e-63,0.5000000000000006,1.5
Control,11.36,8.185355081525078e-64,0.5000000000000006,1.5
Control,11.38,6.248542287226486e-64,0.5000000000000006,1.5
Control,11.4,4.769982860895621e-64,0.5000000000000006,1.5
Control,11.42,3.6413211572835985e-64,0.5000000000000006,1.5
Control,11.44,2.7797104376546304e-64,0.5000000000000006,1.5
Control,11.46,2.121977366031831e-64,0.5000000000000006,1.5
Control,11.48,1.6198651144398278e-64,0.5000000000000006,1.5
Control,11.5,1.2365765842705471e-64,0.5000000000000006,1.5
Control,11.52,9.439773889157223e-65,0.5000000000000006,1.5
Control,11.540000000000001,7.206141424626559e-65,0.5000000000000006,1.5
Control,11.56,5.500990392419297e-65,0.5000000000000006,1.5
Control,11.58,4.199359470689832e-65,0.5000000000000006,1.5
Control,11.6,3.2057055249826763e-65,0.5000000000000006,1.5
Control,11.620000000000001,2.4471738041592365e-65,0.5000000000000006,1.5
Control,11.64,1.8681120438817681e-65,0.5000000000000006,1.5
Control,11.66,1.4260839311036266e-65,0.5000000000000006,1.5
Control,11.68,1.0886434392997857e-65,0.5000000000000006,1.5
Control,11.700000000000001,8.310494167235298e-66,0.5000000000000006,1.5
Control,11.72,6.344026001763757e-66,0.5000000000000006,1.5
Control,11.74,4.842918051542515e-66,0.5000000000000006,1.5
Control,11.76,3.6969850433685e-66,0.5000000000000006,1.5
Control,11.78,2.822207118524713e-66,0.5000000000000006,1.5
Control,11.8,2.1544032138150802e-66,0.5000000000000006,1.5
Control,11.82,1.6446335830883156e-66,0.5000000000000006,1.5
Control,11.84,1.2554797941630354e-66,0.5000000000000006,1.5
Control,11.86,9.584090740660534e-67,0.5000000000000006,1.5
Control,11.88,7.316258171713444e-67,0.5000000000000006,1.5
Control,11.9,5.585103018128483e-67,0.5000000000000006,1.5
Control,11.92,4.263553936684241e-67,0.5000000000000006,1.5
Control,11.94,3.2547148904234706e-67,0.5000000000000006,1.5
Control,11.96,2.4845689651741675e-67,0.5000000000000006,1.5
Control,11.98,1.896676263191425e-67,0.5000000000000006,1.5
Control,12.0,1.447883766719368e-67,0.5000000000000006,1.5
+N,0.0,20.0,1.0,1.0
+N,0.02,19.835143050564348,0.9835143050564347,1.0164856949435652
+N,0.04,19.66783148260606,0.9667831482606064,1.0332168517393936
+N,0.06,19.498046039776987,0.9498046039776987,1.0501953960223014
+N,0.08,19.325768812749686,0.9325768812749686,1.0674231187250314
+N,0.1,19.15098341457805,0.9150983414578052,1.084901658542195
+N,0.12,18.97367517600708,0.8973675176007082,1.102632482399292
+N,0.14,18.793831363310673,0.8793831363310676,1.1206168636689324
+N,0.16,18.611441421667717,0.8611441421667719,1.138855857833228
+N,0.18,18.42649724749804,0.8426497247498042,1.1573502752501958
+N,0.2,18.238993493768138,0.8238993493768139,1.176100650623186
+N,0.22,18.048927912866194,0.8048927912866194,1.1951072087133805
+N,0.24,17.856301742469064,0.7856301742469064,1.2143698257530935
+N,0.26,17.661120140637863,0.7661120140637862,1.2338879859362137
+N,0.28,17.463392677518335,0.7463392677518335,1.2536607322481665
+N,0.3,17.26313389221072,0.7263133892210718,1.2736866107789282
+N,0.32,17.06036392499943,0.7060363924999425,1.2939636075000573
+N,0.34,16.855109236809373,0.685510923680937,1.314489076319063
+N,0.36,16.647403430056315,0.6647403430056312,1.3352596569943689
+N,0.38,16.43728818754565,0.6437288187545649,1.356271181245435
+N,0.4,16.22481434941055,0.6224814349410548,1.3775185650589452
+N,0.42,16.010043151645654,0.6010043151645651,1.398995684835435
+N,0.44,15.793047654588992,0.579304765458899,1.420695234541101
+N,0.46,15.57391439503274,0.5573914395032735,1.4426085604967265
+N,0.48,15.352745302631781,0.5352745302631777,1.4647254697368222
+N,0.5,15.129659928900839,0.5129659928900836,1.4870340071099164
+N,0.52,14.904798047068693,0.490479804706869,1.509520195293131
+N,0.54,14.678322692167656,0.4678322692167652,1.5321677307832349
+N,0.56,14.450423724723974,0.4450423724723971,1.554957627527603
+N,0.58,14.22132201621434,0.4221322016214336,1.5778677983785665
+N,0.6,13.991274372557116,0.39912743725571126,1.6008725627442888
+N,0.62,13.760579329932776,0.37605793299327733,1.6239420670067228
+N,0.64,13.529583976504002,0.35295839765039977,1.6470416023496002
+N,0.66,13.2986919664558,0.3298691966455797,1.6701308033544202
+N,0.68,13.068372899152608,0.3068372899152603,1.6931627100847397
+N,0.7000000000000001,12.83917321672873,0.28391732167287265,1.7160826783271275
+N,0.72,12.61172871994543,0.26117287199454275,1.7388271280054572
+N,0.74,12.386778664528718,0.23867786645287148,1.7613221335471285
+N,0.76,12.165181154349623,0.21651811543496205,1.783481884565038
+N,0.78,11.94792905923476,0.19479290592347553,1.8052070940765246
+N,0.8,11.736164917697696,0.17361649176976912,1.8263835082302309
+N,0.8200000000000001,11.531191988158183,0.1531191988158178,1.8468808011841822
+N,0.84,11.334476714160076,0.133447671416007,1.8665523285839931
+N,0.86,11.147635307960764,0.11476353079607586,1.8852364692039243
+N,0.88,10.972394309294854,0.0972394309294848,1.9027605690705154
+N,0.9,10.81051306665244,0.08105130666524354,1.9189486933347566
+N,0.92,10.6636577694678,0.06636577694677938,1.9336342230532209
+N,0.9400000000000001,10.533225824287278,0.05332258242872721,1.9466774175712729
+N,0.96,10.420139031601275,0.042013903160126986,1.957986096839873
+N,0.98,10.324650961438925,0.03246509614389196,1.967534903856108
+N,1.0,10.246233688313893,0.02462336883138873,1.9753766311686114
+N,1.02,10.183600210951791,0.01836002109517863,1.9816399789048216
+N,1.04,10.13487314809991,0.01348731480999047,1.98651268519001
+N,1.06,10.097850072135369,0.00978500721353643,1.990214992786464
+N,1.08,10.070281304762567,0.0070281304762561175,1.9929718695237442
+N,1.1,10.0500875879332,0.005008758793319468,1.994991241206681
+N,1.12,10.035485983460829,0.0035485983460824357,1.996451401653918
+N,1.1400000000000001,10.025031416966305,0.002503141696630055,1.9974968583033703
+N,1.16,10.017600762492679,0.0017600762492673988,1.9982399237507331
+N,1.18,10.012347605751708,0.0012347605751704459,1.99876523942483
+N,1.2,10.008648177571622,0.0008648177571617374,1.999135182242839
+N,1.22,10.00605011677852,0.0006050116778515055,1.9993949883221491
+N,1.24,10.004229103952818,0.0004229103952812937,1.9995770896047194
+N,1.26,10.002954497873116,0.0002954497873111435,1.9997045502126896
+N,1.28,10.002063213396706,0.00020632133967010284,1.9997936786603308
+N,1.3,10.001440396901554,0.00014403969015497372,1.9998559603098458
+N,1.32,10.001005389952553,0.00010053899525476111,1.999899461004746
+N,1.34,10.000701660501003,7.01660500997715e-05,1.999929833949901
+N,1.36,10.00048964092722,4.896409272142782e-05,1.9999510359072794
+N,1.3800000000000001,10.000341663952923,3.416639529169221e-05,1.999965833604709
+N,1.4000000000000001,10.00023839671602,2.383967160117377e-05,1.9999761603283996
+N,1.42,10.000166336322637,1.6633632263002684e-05,1.9999833663677378
+N,1.44,10.000116055051224,1.1605505121644861e-05,1.999988394494879
+N,1.46,10.000080971835544,8.097183553688784e-06,1.9999919028164472
+N,1.48,10.000056493592849,5.649359284120475e-06,1.9999943506407167
+N,1.5,10.000039414934244,3.9414934235836386e-06,1.9999960585065772
+N,1.52,10.000027499219383,2.7499219373899706e-06,1.9999972500780636
+N,1.54,10.000019185717427,1.918571741745664e-06,1.9999980814282592
+N,1.56,10.000013385505543,1.338550553410834e-06,1.9999986614494476
+N,1.58,10.000009338795973,9.338795963308483e-07,1.9999990661204046
+N,1.6,10.000006515463438,6.51546342877379e-07,1.999999348453658
+N,1.62,10.000004545700062,4.5457000529467524e-07,1.9999995454299957
+N,1.6400000000000001,10.000003171436658,3.1714366493751856e-07,1.999999682856336
+N,1.6600000000000001,10.000002212629694,2.212629684943131e-07,1.9999997787370323
+N,1.68,10.000001543704425,1.543704415105464e-07,1.9999998456295593
+N,1.7,10.000001077011035,1.0770110260016565e-07,1.9999998922988982
+N,1.72,10.000000751395799,7.513957897101517e-08,1.9999999248604219
+N,1.74,10.00000052423602,5.242360107980873e-08,1.9999999475763997
+N,1.76,10.000000365748956,3.657489470328061e-08,1.999999963425106
+N,1.78,10.000000255173731,2.5517372071361582e-08,1.9999999744826287
+N,1.8,10.000000178025259,1.7802524937931975e-08,1.9999999821974759
+N,1.82,10.000000124206231,1.242062217261241e-08,1.9999999875793786
+N,1.84,10.000000086656936,8.665692601284454e-09,1.9999999913343083
+N,1.86,10.000000060457554,6.0457543065250235e-09,1.9999999939542465
+N,1.8800000000000001,10.00000004217872,4.217870881777402e-09,1.99999999578213
+N,1.9000000000000001,10.000000029427984,2.9427973411044817e-09,1.9999999970572035
+N,1.92,10.000000020531491,2.053148065013237e-09,1.9999999979468528
+N,1.94,10.000000014324113,1.4324104333906874e-09,1.9999999985675903
+N,1.96,10.000000009993341,9.993330629001135e-10,1.9999999990006676
+N,1.98,10.00000000697233,6.972320237221649e-10,1.9999999993027686
+N,2.0,10.0000000048645,4.864489138237126e-10,1.9999999995135518
+N,2.02,10.000000003393795,3.393785903074644e-10,1.9999999996606221
+N,2.04,10.000000002367713,2.3677029784488234e-10,1.9999999997632303
+N,2.06,10.00000000165195,1.651940075412552e-10,1.9999999998348066
+N,2.08,10.000000001152545,1.1525352059154241e-10,1.999999999884747
+N,2.1,10.000000000804093,8.040839682967132e-11,1.9999999999195923
+N,2.12,10.000000000560986,5.6097587162427823e-11,1.999999999943903
+N,2.14,10.0000000003914,3.913913745032968e-11,1.9999999999608615
+N,2.16,10.000000000273078,2.730682213843795e-11,1.9999999999726938
+N,2.18,10.00000000019052,1.9051025762861024e-11,1.9999999999809497
+N,2.2,10.000000000132921,1.3291106652953898e-11,1.9999999999867095
+N,2.22,10.000000000092742,9.273169781454376e-12,1.9999999999907276
+N,2.24,10.000000000064707,6.46975928325195e-12,1.999999999993531
+N,2.2600000000000002,10.000000000045146,4.513727381080614e-12,1.999999999995487
+N,2.2800000000000002,10.0000000000315,3.1490394673900504e-12,1.9999999999968516
+N,2.3000000000000003,10.00000000002198,2.1970764655770405e-12,1.9999999999978035
+N,2.32,10.000000000015339,1.5328691476447335e-12,1.9999999999984677
+N,2.34,10.000000000010704,1.0694298103392763e-12,1.9999999999989313
+N,2.36,10.000000000007471,7.460966061974551e-13,1.9999999999992546
+N,2.38,10.000000000005215,5.205496188555588e-13,1.99999999999948
+N,2.4,10.000000000003642,3.631801000372083e-13,1.9999999999996374
+N,2.42,10.000000000002544,2.533782000225659e-13,1.999999999999747
+N,2.44,10.000000000001778,1.7677140967370991e-13,1.9999999999998237
+N,2.46,10.000000000001243,1.2333294263195143e-13,1.9999999999998772
+N,2.48,10.00000000000087,8.604764814039334e-14,1.9999999999999145
+N,2.5,10.00000000000061,6.003246928930006e-14,1.9999999999999405
+N,2.52,10.000000000000428,4.188215174593419e-14,1.9999999999999587
+N,2.54,10.000000000000302,2.92210659411291e-14,1.9999999999999714
+N,2.56,10.000000000000213,2.0387124045942974e-14,1.9999999999999802
+N,2.58,10.000000000000151,1.4223391628183744e-14,1.9999999999999865
+N,2.6,10.000000000000108,9.923067526051696e-15,1.9999999999999907
+N,2.62,10.000000000000078,6.923297835220511e-15,1.9999999999999938
+N,2.64,10.000000000000057,4.830286891587136e-15,1.9999999999999958
+N,2.66,10.000000000000043,3.3699241727620728e-15,1.9999999999999971
+N,2.68,10.000000000000032,2.351055641168561e-15,1.9999999999999982
+N,2.7,10.000000000000025,1.6403252712179833e-15,1.999999999999999
+N,2.72,10.000000000000021,1.1444317208477906e-15,1.9999999999999993
+N,2.74,10.000000000000018,7.984304466216513e-16,1.9999999999999998
+N,2.7600000000000002,10.000000000000014,5.570316450390563e-16,2.0
+N,2.7800000000000002,10.000000000000012,3.8863949803056554e-16,2.0
+N,2.8000000000000003,10.000000000000012,2.711482760917808e-16,2.0000000000000004
+N,2.82,10.00000000000001,1.8917077815728303e-16,2.0000000000000004
+N,2.84,10.00000000000001,1.319765675221094e-16,2.0000000000000004
+N,2.86,10.00000000000001,9.207970033729884e-17,2.0000000000000004
+N,2.88,10.00000000000001,6.424270342059433e-17,2.0000000000000004
+N,2.9,10.000000000000009,4.481991319350167e-17,2.0000000000000004
+N,2.92,10.000000000000009,3.1268985397941166e-17,2.0000000000000004
+N,2.94,10.000000000000009,2.1816287992271443e-17,2.0000000000000004
+N,2.96,10.000000000000009,1.5220915295030027e-17,2.0000000000000004
+N,2.98,10.000000000000009,1.0619106387577583e-17,2.0000000000000004
+N,3.0,10.000000000000009,7.408507935720148e-18,2.0000000000000004
+N,3.02,10.000000000000009,5.168896293300975e-18,2.0000000000000004
+N,3.04,10.000000000000009,3.6062657715648055e-18,2.0000000000000004
+N,3.06,10.000000000000009,2.5159669538815678e-18,2.0000000000000004
+N,3.08,10.000000000000009,1.75528528140995e-18,2.0000000000000004
+N,3.1,10.000000000000009,1.2246578749036277e-18,2.0000000000000004
+N,3.12,10.000000000000009,8.544264627375227e-19,2.0000000000000004
+N,3.14,10.000000000000009,5.961038040290493e-19,2.0000000000000004
+N,3.16,10.000000000000009,4.158767792201766e-19,2.0000000000000004
+N,3.18,10.000000000000009,2.9015612336955123e-19,2.0000000000000004
+N,3.2,10.000000000000009,2.0243781974764725e-19,2.0000000000000004
+N,3.22,10.000000000000009,1.4123386820708792e-19,2.0000000000000004
+N,3.24,10.000000000000009,9.853298339949722e-20,2.0000000000000004
+N,3.2600000000000002,10.000000000000009,6.874620059538885e-20,2.0000000000000004
+N,3.2800000000000002,10.000000000000009,4.7963250965895e-20,2.0000000000000004
+N,3.3000000000000003,10.000000000000009,3.346230202511055e-20,2.0000000000000004
+N,3.3200000000000003,10.000000000000009,2.3345253456590453e-20,2.0000000000000004
+N,3.34,10.000000000000009,1.6287921279821703e-20,2.0000000000000004
+N,3.36,10.000000000000009,1.1363852100784009e-20,2.0000000000000004
+N,3.38,10.000000000000009,7.928166742398529e-21,2.0000000000000004
+N,3.4,10.000000000000009,5.531151500231937e-21,2.0000000000000004
+N,3.42,10.000000000000009,3.859069698689051e-21,2.0000000000000004
+N,3.44,10.000000000000009,2.692418298757869e-21,2.0000000000000004
+N,3.46,10.000000000000009,1.878407165415724e-21,2.0000000000000004
+N,3.48,10.000000000000009,1.3104863896810881e-21,2.0000000000000004
+N,3.5,10.000000000000009,9.143228705181344e-22,2.0000000000000004
+N,3.52,10.000000000000009,6.379101233626618e-22,2.0000000000000004
+N,3.54,10.000000000000009,4.450478393971928e-22,2.0000000000000004
+N,3.56,10.000000000000009,3.1049132851765034e-22,2.0000000000000004
+N,3.58,10.000000000000009,2.1662897455221347e-22,2.0000000000000004
+N,3.6,10.000000000000009,1.5113896888767449e-22,2.0000000000000004
+N,3.62,10.000000000000009,1.0544443345342285e-22,2.0000000000000004
+N,3.64,10.000000000000009,7.356418643013556e-23,2.0000000000000004
+N,3.66,10.000000000000009,5.1325537322445026e-23,2.0000000000000004
+N,3.68,10.000000000000009,3.5809100811906614e-23,2.0000000000000004
+N,3.7,10.000000000000009,2.4982771652982743e-23,2.0000000000000004
+N,3.72,10.000000000000009,1.7429438532033516e-23,2.0000000000000004
+N,3.74,10.000000000000009,1.2160472932501142e-23,2.0000000000000004
+N,3.7600000000000002,10.000000000000009,8.484189818115498e-24,2.0000000000000004
+N,3.7800000000000002,10.000000000000009,5.91912592276162e-24,2.0000000000000004
+N,3.8000000000000003,10.000000000000009,4.129527454645839e-24,2.0000000000000004
+N,3.8200000000000003,10.000000000000009,2.881160327910015e-24,2.0000000000000004
+N,3.84,10.000000000000009,2.0101447743106022e-24,2.0000000000000004
+N,3.86,10.000000000000009,1.4024085148024694e-24,2.0000000000000004
+N,3.88,10.000000000000009,9.78401970168578e-25,2.0000000000000004
+N,3.9,10.000000000000009,6.826284537780114e-25,2.0000000000000004
+N,3.92,10.000000000000009,4.762602087308916e-25,2.0000000000000004
+N,3.94,10.000000000000009,3.3227028247996167e-25,2.0000000000000004
+N,3.96,10.000000000000009,2.318111274821039e-25,2.0000000000000004
+N,3.98,10.000000000000009,1.617340074390711e-25,2.0000000000000004
+N,4.0,10.000000000000009,1.1283952744059585e-25,2.0000000000000004
+N,4.0200000000000005,10.000000000000009,7.872423723472876e-26,2.0000000000000004
+N,4.04,10.000000000000009,5.492261919225936e-26,2.0000000000000004
+N,4.0600000000000005,10.000000000000009,3.8319365413982444e-26,2.0000000000000004
+N,4.08,10.000000000000009,2.6734878790202837e-26,2.0000000000000004
+N,4.1,10.000000000000009,1.8652000660226767e-26,2.0000000000000004
+N,4.12,10.000000000000009,1.3012723468897155e-26,2.0000000000000004
+N,4.14,10.000000000000009,9.078942573555592e-27,2.0000000000000004
+N,4.16,10.000000000000009,6.334249709642858e-27,2.0000000000000004
+N,4.18,10.000000000000009,4.4191870362844425e-27,2.0000000000000004
+N,4.2,10.000000000000009,3.083082609102022e-27,2.0000000000000004
+N,4.22,10.000000000000009,2.1510585408557316e-27,2.0000000000000004
+N,4.24,10.000000000000009,1.5007630929979652e-27,2.0000000000000004
+N,4.26,10.000000000000009,1.0470305259696944e-27,2.0000000000000004
+N,4.28,10.000000000000009,7.304695590640194e-28,2.0000000000000004
+N,4.3,10.000000000000009,5.096466696094895e-28,2.0000000000000004
+N,4.32,10.000000000000009,3.5557326669267425e-28,2.0000000000000004
+N,4.34,10.000000000000009,2.4807117537937625e-28,2.0000000000000004
+N,4.36,10.000000000000009,1.7306891977007187e-28,2.0000000000000004
+N,4.38,10.000000000000009,1.207497252681527e-28,2.0000000000000004
+N,4.4,10.000000000000009,8.424537395434909e-29,2.0000000000000004
+N,4.42,10.000000000000009,5.877508489746385e-29,2.0000000000000004
+N,4.44,10.000000000000009,4.100492706192913e-29,2.0000000000000004
+N,4.46,10.000000000000009,2.860902861095221e-29,2.0000000000000004
+N,4.48,10.000000000000009,1.996011426483982e-29,2.0000000000000004
+N,4.5,10.000000000000009,1.3925481666384988e-29,2.0000000000000004
+N,4.5200000000000005,10.000000000000009,9.715228162213822e-30,2.0000000000000004
+N,4.54,10.000000000000009,6.778288863553692e-30,2.0000000000000004
+N,4.5600000000000005,10.000000000000009,4.729116184840626e-30,2.0000000000000004
+N,4.58,10.000000000000009,3.2993408683139624e-30,2.0000000000000004
+N,4.6000000000000005,10.000000000000009,2.301812611477737e-30,2.0000000000000004
+N,4.62,10.000000000000009,1.6059685403015475e-30,2.0000000000000004
+N,4.64,10.000000000000009,1.1204615160504182e-30,2.0000000000000004
+N,4.66,10.000000000000009,7.8170726342658366e-31,2.0000000000000004
+N,4.68,10.000000000000009,5.45364577124942e-31,2.0000000000000004
+N,4.7,10.000000000000009,3.804994157605271e-31,2.0000000000000004
+N,4.72,10.000000000000009,2.654690559251474e-31,2.0000000000000004
+N,4.74,10.000000000000009,1.852085825876307e-31,2.0000000000000004
+N,4.76,10.000000000000009,1.2921230881245273e-31,2.0000000000000004
+N,4.78,10.000000000000009,9.015108438358171e-32,2.0000000000000004
+N,4.8,10.000000000000009,6.289713537168734e-32,2.0000000000000004
+N,4.82,10.000000000000009,4.3881156884428547e-32,2.0000000000000004
+N,4.84,10.000000000000009,3.061405424727392e-32,2.0000000000000004
+N,4.86,10.000000000000009,2.1359344269402683e-32,2.0000000000000004
+N,4.88,10.000000000000009,1.4902112128201498e-32,2.0000000000000004
+N,4.9,10.000000000000009,1.039668843966641e-32,2.0000000000000004
+N,4.92,10.000000000000009,7.253336203560742e-33,2.0000000000000004
+N,4.94,10.000000000000009,5.0606333882540616e-33,2.0000000000000004
+N,4.96,10.000000000000009,3.5307322753120874e-33,2.0000000000000004
+N,4.98,10.000000000000009,2.4632698448716146e-33,2.0000000000000004
+N,5.0,10.000000000000009,1.7185207048024247e-33,2.0000000000000004
+N,5.0200000000000005,10.000000000000009,1.1990073275329087e-33,2.0000000000000004
+N,5.04,10.000000000000009,8.365304389529545e-34,2.0000000000000004
+N,5.0600000000000005,10.000000000000009,5.83618366931511e-34,2.0000000000000004
+N,5.08,10.000000000000009,4.071662101344186e-34,2.0000000000000004
+N,5.1000000000000005,10.000000000000009,2.8407878247303496e-34,2.0000000000000004
+N,5.12,10.000000000000009,1.981977450366043e-34,2.0000000000000004
+N,5.14,10.000000000000009,1.3827571466802134e-34,2.0000000000000004
+N,5.16,10.000000000000009,9.646920296737858e-35,2.0000000000000004
+N,5.18,10.000000000000009,6.730630647388447e-35,2.0000000000000004
+N,5.2,10.000000000000009,4.695865722084534e-35,2.0000000000000004
+N,5.22,10.000000000000009,3.276143169975931e-35,2.0000000000000004
+N,5.24,10.000000000000009,2.2856285441979273e-35,2.0000000000000004
+N,5.26,10.000000000000009,1.59467695958124e-35,2.0000000000000004
+N,5.28,10.000000000000009,1.112583540028465e-35,2.0000000000000004
+N,5.3,10.000000000000009,7.762110719115395e-36,2.0000000000000004
+N,5.32,10.000000000000009,5.415301133791786e-36,2.0000000000000004
+N,5.34,10.000000000000009,3.7782412059796634e-36,2.0000000000000004
+N,5.36,10.000000000000009,2.636025403624152e-36,2.0000000000000004
+N,5.38,10.000000000000009,1.839063792082347e-36,2.0000000000000004
+N,5.4,10.000000000000009,1.2830381578883156e-36,2.0000000000000004
+N,5.42,10.000000000000009,8.951723121597837e-37,2.0000000000000004
+N,5.44,10.000000000000009,6.2454904989643455e-37,2.0000000000000004
+N,5.46,10.000000000000009,4.357262803555808e-37,2.0000000000000004
+N,5.48,10.000000000000009,3.0398806528507728e-37,2.0000000000000004
+N,5.5,10.000000000000009,2.1209166508195666e-37,2.0000000000000004
+N,5.5200000000000005,10.000000000000009,1.479733523016346e-37,2.0000000000000004
+N,5.54,10.000000000000009,1.0323589220226758e-37,2.0000000000000004
+N,5.5600000000000005,10.000000000000009,7.202337924840384e-38,2.0000000000000004
+N,5.58,10.000000000000009,5.025052024755638e-38,2.0000000000000004
+N,5.6000000000000005,10.000000000000009,3.505907661698432e-38,2.0000000000000004
+N,5.62,10.000000000000009,2.445950570183877e-38,2.0000000000000004
+N,5.64,10.000000000000009,1.7064377686982017e-38,2.0000000000000004
+N,5.66,10.000000000000009,1.1905770951321115e-38,2.0000000000000004
+N,5.68,10.000000000000009,8.306487851475272e-39,2.0000000000000004
+N,5.7,10.000000000000009,5.795149404105657e-39,2.0000000000000004
+N,5.72,10.000000000000009,4.0430342047637214e-39,2.0000000000000004
+N,5.74,10.000000000000009,2.820814217385406e-39,2.0000000000000004
+N,5.76,10.000000000000009,1.9680421472731847e-39,2.0000000000000004
+N,5.78,10.000000000000009,1.373034967480191e-39,2.0000000000000004
+N,5.8,10.000000000000009,9.579092704540442e-40,2.0000000000000004
+N,5.82,10.000000000000009,6.683307516612981e-40,2.0000000000000004
+N,5.84,10.000000000000009,4.662849043661377e-40,2.0000000000000004
+N,5.86,10.000000000000009,3.2531085748845896e-40,2.0000000000000004
+N,5.88,10.000000000000009,2.269558267255458e-40,2.0000000000000004
+N,5.9,10.000000000000009,1.5834647700767871e-40,2.0000000000000004
+N,5.92,10.000000000000009,1.1047609541339663e-40,2.0000000000000004
+N,5.94,10.000000000000009,7.707535241734661e-41,2.0000000000000004
+N,5.96,10.000000000000009,5.377226097860019e-41,2.0000000000000004
+N,5.98,10.000000000000009,3.7516763546218616e-41,2.0000000000000004
+N,6.0,10.000000000000009,2.617491482890963e-41,2.0000000000000004
+N,6.0200000000000005,10.000000000000009,1.8261333163369468e-41,2.0000000000000004
+N,6.04,10.000000000000009,1.2740171038866066e-41,2.0000000000000004
+N,6.0600000000000005,10.000000000000009,8.888783467627353e-42,2.0000000000000004
+N,6.08,10.000000000000009,6.201578393379712e-42,2.0000000000000004
+N,6.1000000000000005,10.000000000000009,4.326626845607918e-42,2.0000000000000004
+N,6.12,10.000000000000009,3.018507221858479e-42,2.0000000000000004
+N,6.140000000000001,10.000000000000009,2.106004464831516e-42,2.0000000000000004
+N,6.16,10.000000000000009,1.469329501953385e-42,2.0000000000000004
+N,6.18,10.000000000000009,1.0251003962123222e-42,2.0000000000000004
+N,6.2,10.000000000000009,7.151698215523078e-43,2.0000000000000004
+N,6.22,10.000000000000009,4.989720834176511e-43,2.0000000000000004
+N,6.24,10.000000000000009,3.481257590189099e-43,2.0000000000000004
+N,6.26,10.000000000000009,2.4287530674880742e-43,2.0000000000000004
+N,6.28,10.000000000000009,1.6944397878374259e-43,2.0000000000000004
+N,6.3,10.000000000000009,1.1822061357788382e-43,2.0000000000000004
+N,6.32,10.000000000000009,8.248084853082655e-44,2.0000000000000004
+N,6.34,10.000000000000009,5.754403651221392e-44,2.0000000000000004
+N,6.36,10.000000000000009,4.014607591207645e-44,2.0000000000000004
+N,6.38,10.000000000000009,2.8009810446716187e-44,2.0000000000000004
+N,6.4,10.000000000000009,1.9542048234344126e-44,2.0000000000000004
+N,6.42,10.000000000000009,1.3633811450184786e-44,2.0000000000000004
+N,6.44,10.000000000000009,9.511742008815792e-45,2.0000000000000004
+N,6.46,10.000000000000009,6.636317115239054e-45,2.0000000000000004
+N,6.48,10.000000000000009,4.630064505831344e-45,2.0000000000000004
+N,6.5,10.000000000000009,3.230235936259649e-45,2.0000000000000004
+N,6.5200000000000005,10.000000000000009,2.2536009805893956e-45,2.0000000000000004
+N,6.54,10.000000000000009,1.572331413587903e-45,2.0000000000000004
+N,6.5600000000000005,10.000000000000009,1.0969933689184053e-45,2.0000000000000004
+N,6.58,10.000000000000009,7.653343485076358e-46,2.0000000000000004
+N,6.6000000000000005,10.000000000000009,5.339418767883242e-46,2.0000000000000004
+N,6.62,10.000000000000009,3.725298280997374e-46,2.0000000000000004
+N,6.640000000000001,10.000000000000009,2.599087874338144e-46,2.0000000000000004
+N,6.66,10.000000000000009,1.813293754894746e-46,2.0000000000000004
+N,6.68,10.000000000000009,1.265059477005024e-46,2.0000000000000004
+N,6.7,10.000000000000009,8.826286342987982e-47,2.0000000000000004
+N,6.72,10.000000000000009,6.15797503424477e-47,2.0000000000000004
+N,6.74,10.000000000000009,4.2962062893841166e-47,2.0000000000000004
+N,6.76,10.000000000000009,2.9972840676713633e-47,2.0000000000000004
+N,6.78,10.000000000000009,2.0911971265710232e-47,2.0000000000000004
+N,6.8,10.000000000000009,1.458998631665658e-47,2.0000000000000004
+N,6.82,10.000000000000009,1.0178929051688835e-47,2.0000000000000004
+N,6.84,10.000000000000009,7.101414554503987e-48,2.0000000000000004
+N,6.86,10.000000000000009,4.954638057548474e-48,2.0000000000000004
+N,6.88,10.000000000000009,3.4567808335769015e-48,2.0000000000000004
+N,6.9,10.000000000000009,2.411676480604158e-48,2.0000000000000004
+N,6.92,10.000000000000009,1.6825261648990307e-48,2.0000000000000004
+N,6.94,10.000000000000009,1.1738940327237436e-48,2.0000000000000004
+N,6.96,10.000000000000009,8.190092486750824e-49,2.0000000000000004
+N,6.98,10.000000000000009,5.713944382129497e-49,2.0000000000000004
+N,7.0,10.000000000000009,3.9863808454533365e-49,2.0000000000000004
+N,7.0200000000000005,10.000000000000009,2.7812873191917256e-49,2.0000000000000004
+N,7.04,10.000000000000009,1.940464789956734e-49,2.0000000000000004
+N,7.0600000000000005,10.000000000000009,1.3537951986781738e-49,2.0000000000000004
+N,7.08,10.000000000000009,9.444864856500536e-50,2.0000000000000004
+N,7.1000000000000005,10.000000000000009,6.589657103842729e-50,2.0000000000000004
+N,7.12,10.000000000000009,4.597510476411739e-50,2.0000000000000004
+N,7.140000000000001,10.000000000000009,3.2075241153834874e-50,2.0000000000000004
+N,7.16,10.000000000000009,2.237755889764044e-50,2.0000000000000004
+N,7.18,10.000000000000009,1.5612763358388123e-50,2.0000000000000004
+N,7.2,10.000000000000009,1.0892803976714899e-50,2.0000000000000004
+N,7.22,10.000000000000009,7.59953275119623e-51,2.0000000000000004
+N,7.24,10.000000000000009,5.301877261618208e-51,2.0000000000000004
+N,7.26,10.000000000000009,3.69910567186987e-51,2.0000000000000004
+N,7.28,10.000000000000009,2.580813661739422e-51,2.0000000000000004
+N,7.3,10.000000000000009,1.8005444685362413e-51,2.0000000000000004
+N,7.32,10.000000000000009,1.2561648312867771e-51,2.0000000000000004
+N,7.34,10.000000000000009,8.764228636251174e-52,2.0000000000000004
+N,7.36,10.000000000000009,6.1146782507598084e-52,2.0000000000000004
+N,7.38,10.000000000000009,4.265999620392577e-52,2.0000000000000004
+N,7.4,10.000000000000009,2.976210133691567e-52,2.0000000000000004
+N,7.42,10.000000000000009,2.0764938988525046e-52,2.0000000000000004
+N,7.44,10.000000000000009,1.448740397829224e-52,2.0000000000000004
+N,7.46,10.000000000000009,1.0107360900663726e-52,2.0000000000000004
+N,7.48,10.000000000000009,7.051484438403517e-53,2.0000000000000004
+N,7.5,10.000000000000009,4.9198019482705365e-53,2.0000000000000004
+N,7.5200000000000005,10.000000000000009,3.4324761732828577e-53,2.0000000000000004
+N,7.54,10.000000000000009,2.394719959371819e-53,2.0000000000000004
+N,7.5600000000000005,10.000000000000009,1.6706963067615293e-53,2.0000000000000004
+N,7.58,10.000000000000009,1.165640372147607e-53,2.0000000000000004
+N,7.6000000000000005,10.000000000000009,8.132507865321134e-54,2.0000000000000004
+N,7.62,10.000000000000009,5.673769582559591e-54,2.0000000000000004
+N,7.640000000000001,10.000000000000009,3.9583525622280686e-54,2.0000000000000004
+N,7.66,10.000000000000009,2.761732060490848e-54,2.0000000000000004
+N,7.68,10.000000000000009,1.926821362790578e-54,2.0000000000000004
+N,7.7,10.000000000000009,1.3442766512215735e-54,2.0000000000000004
+N,7.72,10.000000000000009,9.378457918105771e-55,2.0000000000000004
+N,7.74,10.000000000000009,6.54332515944905e-55,2.0000000000000004
+N,7.76,10.000000000000009,4.5651853346956095e-55,2.0000000000000004
+N,7.78,10.000000000000009,3.1849719815450497e-55,2.0000000000000004
+N,7.8,10.000000000000009,2.222022205929313e-55,2.0000000000000004
+N,7.82,10.000000000000009,1.5502989864509052e-55,2.0000000000000004
+N,7.84,10.000000000000009,1.0816216564018432e-55,2.0000000000000004
+N,7.86,10.000000000000009,7.546100361119105e-56,2.0000000000000004
+N,7.88,10.000000000000009,5.264599710055738e-56,2.0000000000000004
+N,7.9,10.000000000000009,3.6730972232366327e-56,2.0000000000000004
+N,7.92,10.000000000000009,2.5626679353105696e-56,2.0000000000000004
+N,7.94,10.000000000000009,1.7878848225364162e-56,2.0000000000000004
+N,7.96,10.000000000000009,1.2473327239107245e-56,2.0000000000000004
+N,7.98,10.000000000000009,8.702607257865288e-57,2.0000000000000004
+N,8.0,10.000000000000009,6.071685887388701e-57,2.0000000000000004
+N,8.02,10.000000000000009,4.236005334790048e-57,2.0000000000000004
+N,8.040000000000001,10.000000000000009,2.955284370750447e-57,2.0000000000000004
+N,8.06,10.000000000000009,2.0618940496737823e-57,2.0000000000000004
+N,8.08,10.000000000000009,1.4385542897366084e-57,2.0000000000000004
+N,8.1,10.000000000000009,1.0036295946017875e-57,2.0000000000000004
+N,8.120000000000001,10.000000000000009,7.001905381444212e-58,2.0000000000000004
+N,8.14,10.000000000000009,4.885210772022175e-58,2.0000000000000004
+N,8.16,10.000000000000009,3.4083423992963305e-58,2.0000000000000004
+N,8.18,10.000000000000009,2.377882659608341e-58,2.0000000000000004
+N,8.2,10.000000000000009,1.658949624473875e-58,2.0000000000000004
+N,8.22,10.000000000000009,1.15744474314076e-58,2.0000000000000004
+N,8.24,10.000000000000009,8.075328121935543e-59,2.0000000000000004
+N,8.26,10.000000000000009,5.6338772524035505e-59,2.0000000000000004
+N,8.28,10.000000000000009,3.9305213461400004e-59,2.0000000000000004
+N,8.3,10.000000000000009,2.742314295007651e-59,2.0000000000000004
+N,8.32,10.000000000000009,1.9132738626960047e-59,2.0000000000000004
+N,8.34,10.000000000000009,1.334825028766474e-59,2.0000000000000004
+N,8.36,10.000000000000009,9.312517887553022e-60,2.0000000000000004
+N,8.38,10.000000000000009,6.497318975415481e-60,2.0000000000000004
+N,8.4,10.000000000000009,4.5330874713711635e-60,2.0000000000000004
+N,8.42,10.000000000000009,3.1625784119831155e-60,2.0000000000000004
+N,8.44,10.000000000000009,2.2063991457815588e-60,2.0000000000000004
+N,8.46,10.000000000000009,1.5393988189153416e-60,2.0000000000000004
+N,8.48,10.000000000000009,1.074016763817954e-60,2.0000000000000004
+N,8.5,10.000000000000009,7.493043654706339e-61,2.0000000000000004
+N,8.52,10.000000000000009,5.2275842573278524e-61,2.0000000000000004
+N,8.540000000000001,10.000000000000009,3.6472716402635894e-61,2.0000000000000004
+N,8.56,10.000000000000009,2.5446497916641103e-61,2.0000000000000004
+N,8.58,10.000000000000009,1.775314186633149e-61,2.0000000000000004
+N,8.6,10.000000000000009,1.238562715169175e-61,2.0000000000000004
+N,8.620000000000001,10.000000000000009,8.641419140001698e-62,2.0000000000000004
+N,8.64,10.000000000000009,6.02899580375054e-62,2.0000000000000004
+N,8.66,10.000000000000009,4.206221939306841e-62,2.0000000000000004
+N,8.68,10.000000000000009,2.934505737056077e-62,2.0000000000000004
+N,8.700000000000001,10.000000000000009,2.0473968521793537e-62,2.0000000000000004
+N,8.72,10.000000000000009,1.4284398002709309e-62,2.0000000000000004
+N,8.74,10.000000000000009,9.965730649772535e-63,2.0000000000000004
+N,8.76,10.000000000000009,6.952674915326127e-63,2.0000000000000004
+N,8.78,10.000000000000009,4.8508628066769857e-63,2.0000000000000004
+N,8.8,10.000000000000009,3.3843783101138236e-63,2.0000000000000004
+N,8.82,10.000000000000009,2.3611637430663423e-63,2.0000000000000004
+N,8.84,10.000000000000009,1.6472855332257724e-63,2.0000000000000004
+N,8.86,10.000000000000009,1.1493067376827274e-63,2.0000000000000004
+N,8.88,10.000000000000009,8.018550409892305e-64,2.0000000000000004
+N,8.9,10.000000000000009,5.594265405616193e-64,2.0000000000000004
+N,8.92,10.000000000000009,3.902885811608047e-64,2.0000000000000004
+N,8.94,10.000000000000009,2.7230330560261484e-64,2.0000000000000004
+N,8.96,10.000000000000009,1.8998216152089016e-64,2.0000000000000004
+N,8.98,10.000000000000009,1.32543986076254e-64,2.0000000000000004
+N,9.0,10.000000000000009,9.247041482008521e-65,2.0000000000000004
+N,9.02,10.000000000000009,6.4516362613180015e-65,2.0000000000000004
+N,9.040000000000001,10.000000000000009,4.501215288441856e-65,2.0000000000000004
+N,9.06,10.000000000000009,3.140342291830669e-65,2.0000000000000004
+N,9.08,10.000000000000009,2.1908859315244806e-65,2.0000000000000004
+N,9.1,10.000000000000009,1.5285752905657655e-65,2.0000000000000004
+N,9.120000000000001,10.000000000000009,1.066465341309166e-65,2.0000000000000004
+N,9.14,10.000000000000009,7.44035999052185e-66,2.0000000000000004
+N,9.16,10.000000000000009,5.190829060614662e-66,2.0000000000000004
+N,9.18,10.000000000000009,3.621627637220343e-66,2.0000000000000004
+N,9.200000000000001,10.000000000000009,2.526758333764088e-66,2.0000000000000004
+N,9.22,10.000000000000009,1.7628319349954267e-66,2.0000000000000004
+N,9.24,10.000000000000009,1.229854368445952e-66,2.0000000000000004
+N,9.26,10.000000000000009,8.580661236401055e-67,2.0000000000000004
+N,9.28,10.000000000000009,5.986605874513439e-67,2.0000000000000004
+N,9.3,10.000000000000009,4.1766479511722405e-67,2.0000000000000004
+N,9.32,10.000000000000009,2.913873198140899e-67,2.0000000000000004
+N,9.34,10.000000000000009,2.033001584624161e-67,2.0000000000000004
+N,9.36,10.000000000000009,1.4183964258809097e-67,2.0000000000000004
+N,9.38,10.000000000000009,9.895661498823867e-68,2.0000000000000004
+N,9.4,10.000000000000009,6.903790589102666e-68,2.0000000000000004
+N,9.42,10.000000000000009,4.816756342216231e-68,2.0000000000000004
+N,9.44,10.000000000000009,3.360582712679866e-68,2.0000000000000004
+N,9.46,10.000000000000009,2.3445623773921738e-68,2.0000000000000004
+N,9.48,10.000000000000009,1.635703452318766e-68,2.0000000000000004
+N,9.5,10.000000000000009,1.1412259506216456e-68,2.0000000000000004
+N,9.52,10.000000000000009,7.962171902505087e-69,2.0000000000000004
+N,9.540000000000001,10.000000000000009,5.554932070115901e-69,2.0000000000000004
+N,9.56,10.000000000000009,3.875444582793043e-69,2.0000000000000004
+N,9.58,10.000000000000009,2.7038873836267797e-69,2.0000000000000004
+N,9.6,10.000000000000009,1.8864639506071494e-69,2.0000000000000004
+N,9.620000000000001,10.000000000000009,1.3161206799677754e-69,2.0000000000000004
+N,9.64,10.000000000000009,9.18202544171988e-70,2.0000000000000004
+N,9.66,10.000000000000009,6.406274742835582e-70,2.0000000000000004
+N,9.68,10.000000000000009,4.4695671991465627e-70,2.0000000000000004
+N,9.700000000000001,10.000000000000009,3.1182625140592654e-70,2.0000000000000004
+N,9.72,10.000000000000009,2.1754817908304973e-70,2.0000000000000004
+N,9.74,10.000000000000009,1.5178278625511822e-70,2.0000000000000004
+N,9.76,10.000000000000009,1.0589670129268742e-70,2.0000000000000004
+N,9.78,10.000000000000009,7.388046745702374e-71,2.0000000000000004
+N,9.8,10.000000000000009,5.154332290053694e-71,2.0000000000000004
+N,9.82,10.000000000000009,3.596163937416431e-71,2.0000000000000004
+N,9.84,10.000000000000009,2.5089926708818808e-71,2.0000000000000004
+N,9.86,10.000000000000009,1.7504374461926716e-71,2.0000000000000004
+N,9.88,10.000000000000009,1.2212072501948234e-71,2.0000000000000004
+N,9.9,10.000000000000009,8.52033052222241e-72,2.0000000000000004
+N,9.92,10.000000000000009,5.944513989288622e-72,2.0000000000000004
+N,9.94,10.000000000000009,4.1472818980414044e-72,2.0000000000000004
+N,9.96,10.000000000000009,2.893385726811294e-72,2.0000000000000004
+N,9.98,10.000000000000009,2.0187075303377093e-72,2.0000000000000004
+N,10.0,10.000000000000009,1.4084236665556876e-72,2.0000000000000004
+N,10.02,10.000000000000009,9.826085004770108e-73,2.0000000000000004
+N,10.040000000000001,10.000000000000009,6.855249969061226e-73,2.0000000000000004
+N,10.06,10.000000000000009,4.7828896806450124e-73,2.0000000000000004
+N,10.08,10.000000000000009,3.3369544223270913e-73,2.0000000000000004
+N,10.1,10.000000000000009,2.3280777360846008e-73,2.0000000000000004
+N,10.120000000000001,10.000000000000009,1.6242028051373795e-73,2.0000000000000004
+N,10.14,10.000000000000009,1.1332019796544475e-73,2.0000000000000004
+N,10.16,10.000000000000009,7.90618979296163e-74,2.0000000000000004
+N,10.18,10.000000000000009,5.515875287687443e-74,2.0000000000000004
+N,10.200000000000001,10.000000000000009,3.848196293529774e-74,2.0000000000000004
+N,10.22,10.000000000000009,2.684876324639758e-74,2.0000000000000004
+N,10.24,10.000000000000009,1.8732002038775204e-74,2.0000000000000004
+N,10.26,10.000000000000009,1.306867022425561e-74,2.0000000000000004
+N,10.28,10.000000000000009,9.117466529855038e-75,2.0000000000000004
+N,10.3,10.000000000000009,6.361232161639191e-75,2.0000000000000004
+N,10.32,10.000000000000009,4.438141627880591e-75,2.0000000000000004
+N,10.34,10.000000000000009,3.096337979424264e-75,2.0000000000000004
+N,10.36,10.000000000000009,2.1601859568025027e-75,2.0000000000000004
+N,10.38,10.000000000000009,1.5071559998095109e-75,2.0000000000000004
+N,10.4,10.000000000000009,1.0515214053657414e-75,2.0000000000000004
+N,10.42,10.000000000000009,7.336101315825583e-76,2.0000000000000004
+N,10.44,10.000000000000009,5.118092128648446e-76,2.0000000000000004
+N,10.46,10.000000000000009,3.5708792731382444e-76,2.0000000000000004
+N,10.48,10.000000000000009,2.4913519185514277e-76,2.0000000000000004
+N,10.5,10.000000000000009,1.7381301031634933e-76,2.0000000000000004
+N,10.52,10.000000000000009,1.2126209299178555e-76,2.0000000000000004
+N,10.540000000000001,10.000000000000009,8.46042399389311e-77,2.0000000000000004
+N,10.56,10.000000000000009,5.902718052526046e-77,2.0000000000000004
+N,10.58,10.000000000000009,4.118122317921074e-77,2.0000000000000004
+N,10.6,10.000000000000009,2.873042303095756e-77,2.0000000000000004
+N,10.620000000000001,10.000000000000009,2.004513977688631e-77,2.0000000000000004
+N,10.64,10.000000000000009,1.3985210258001347e-77,2.0000000000000004
+N,10.66,10.000000000000009,9.75699770373537e-78,2.0000000000000004
+N,10.68,10.000000000000009,6.80705063860059e-78,2.0000000000000004
+N,10.700000000000001,10.000000000000009,4.749261135906948e-78,2.0000000000000004
+N,10.72,10.000000000000009,3.313492262717978e-78,2.0000000000000004
+N,10.74,10.000000000000009,2.311708998453369e-78,2.0000000000000004
+N,10.76,10.000000000000009,1.6127830191203604e-78,2.0000000000000004
+N,10.78,10.000000000000009,1.1252344253066936e-78,2.0000000000000004
+N,10.8,10.000000000000009,7.85060129418531e-79,2.0000000000000004
+N,10.82,10.000000000000009,5.477093113883167e-79,2.0000000000000004
+N,10.84,10.000000000000009,3.821139587258486e-79,2.0000000000000004
+N,10.86,10.000000000000009,2.6659989325970116e-79,2.0000000000000004
+N,10.88,10.000000000000009,1.860029714682623e-79,2.0000000000000004
+N,10.9,10.000000000000009,1.2976784274412022e-79,2.0000000000000004
+N,10.92,10.000000000000009,9.05336153233907e-80,2.0000000000000004
+N,10.94,10.000000000000009,6.316506275277834e-80,2.0000000000000004
+N,10.96,10.000000000000009,4.4069370101176754e-80,2.0000000000000004
+N,10.98,10.000000000000009,3.0745675964095022e-80,2.0000000000000004
+N,11.0,10.000000000000009,2.144997667935052e-80,2.0000000000000004
+N,11.02,10.000000000000009,1.4965591710405611e-80,2.0000000000000004
+N,11.040000000000001,10.000000000000009,1.0441281479451427e-80,2.0000000000000004
+N,11.06,10.000000000000009,7.284521114780959e-81,2.0000000000000004
+N,11.08,10.000000000000009,5.082106772177001e-81,2.0000000000000004
+N,11.1,10.000000000000009,3.5457723855852695e-81,2.0000000000000004
+N,11.120000000000001,10.000000000000009,2.4738351985254144e-81,2.0000000000000004
+N,11.14,10.000000000000009,1.7259092931851175e-81,2.0000000000000004
+N,11.16,10.000000000000009,1.2040949801438124e-81,2.0000000000000004
+N,11.18,10.000000000000009,8.400938668958391e-82,2.0000000000000004
+N,11.200000000000001,10.000000000000009,5.861215983408983e-82,2.0000000000000004
+N,11.22,10.000000000000009,4.089167759097443e-82,2.0000000000000004
+N,11.24,10.000000000000009,2.8528419141938374e-82,2.0000000000000004
+N,11.26,10.000000000000009,1.9904202200489554e-82,2.0000000000000004
+N,11.28,10.000000000000009,1.388688010609909e-82,2.0000000000000004
+N,11.3,10.000000000000009,9.688396156198879e-83,2.0000000000000004
+N,11.32,10.000000000000009,6.759190198109951e-83,2.0000000000000004
+N,11.34,10.000000000000009,4.715869033800362e-83,2.0000000000000004
+N,11.36,10.000000000000009,3.290195065785684e-83,2.0000000000000004
+N,11.38,10.000000000000009,2.295455349578644e-83,2.0000000000000004
+N,11.4,10.000000000000009,1.6014435257319408e-83,2.0000000000000004
+N,11.42,10.000000000000009,1.117322890912461e-83,2.0000000000000004
+N,11.44,10.000000000000009,7.795403638694851e-84,2.0000000000000004
+N,11.46,10.000000000000009,5.43858361792722e-84,2.0000000000000004
+N,11.48,10.000000000000009,3.7942731169570036e-84,2.0000000000000004
+N,11.5,10.000000000000009,2.6472542676846435e-84,2.0000000000000004
+N,11.52,10.000000000000009,1.8469518273277886e-84,2.0000000000000004
+N,11.540000000000001,10.000000000000009,1.2885544375592336e-84,2.0000000000000004
+N,11.56,10.000000000000009,8.989707257695836e-85,2.0000000000000004
+N,11.58,10.000000000000009,6.272094857066288e-85,2.0000000000000004
+N,11.6,10.000000000000009,4.375951792331482e-85,2.0000000000000004
+N,11.620000000000001,10.000000000000009,3.0529502811733564e-85,2.0000000000000004
+N,11.64,10.000000000000009,2.1299161680770863e-85,2.0000000000000004
+N,11.66,10.000000000000009,1.4860368486796203e-85,2.0000000000000004
+N,11.68,10.000000000000009,1.0367868725907385e-85,2.0000000000000004
+N,11.700000000000001,10.000000000000009,7.233303574640826e-86,2.0000000000000004
+N,11.72,10.000000000000009,5.046374429103408e-86,2.0000000000000004
+N,11.74,10.000000000000009,3.520842024807276e-86,2.0000000000000004
+N,11.76,10.000000000000009,2.4564416387315118e-86,2.0000000000000004
+N,11.78,10.000000000000009,1.7137744078427914e-86,2.0000000000000004
+N,11.8,10.000000000000009,1.1956289764070756e-86,2.0000000000000004
+N,11.82,10.000000000000009,8.341871585932403e-87,2.0000000000000004
+N,11.84,10.000000000000009,5.820005715751266e-87,2.0000000000000004
+N,11.86,10.000000000000009,4.060416780063987e-87,2.0000000000000004
+N,11.88,10.000000000000009,2.832783554426461e-87,2.0000000000000004
+N,11.9,10.000000000000009,1.9764255557587844e-87,2.0000000000000004
+N,11.92,10.000000000000009,1.3789241314468517e-87,2.0000000000000004
+N,11.94,10.000000000000009,9.620276946822987e-88,2.0000000000000004
+N,11.96,10.000000000000009,6.711666264850444e-88,2.0000000000000004
+N,11.98,10.000000000000009,4.6827128252266113e-88,2.0000000000000004
+N,12.0,10.000000000000009,3.267017849165053e-88,2.0000000000000004
+P,0.0,5.0,2.0,1.0
+P,0.02,4.849257787484941,1.9849257787484942,1.0150742212515058
+P,0.04,4.697064703585383,1.9697064703585383,1.0302935296414617
+P,0.06,4.543476859302776,1.9543476859302775,1.0456523140697225
+P,0.08,4.388558790339207,1.9388558790339205,1.0611441209660795
+P,0.1,4.232384449197096,1.9232384449197095,1.0767615550802905
+P,0.12,4.0750383252541384,1.907503832525414,1.092496167474586
+P,0.14,3.916616710150092,1.8916616710150091,1.1083383289849909
+P,0.16,3.757229127984077,1.8757229127984076,1.1242770872015924
+P,0.18,3.596999951586521,1.8596999951586521,1.1403000048413479
+P,0.2,3.4360702280859985,1.8436070228086,1.1563929771914
+P,0.22,3.274599738036096,1.8274599738036097,1.1725400261963903
+P,0.24,3.1127693128753826,1.8112769312875383,1.1887230687124617
+P,0.26,2.9507834336592778,1.7950783433659276,1.2049216566340724
+P,0.28,2.788873130059994,1.7788873130059994,1.2211126869940006
+P,0.3,2.627299189380556,1.7627299189380556,1.2372700810619444
+P,0.32,2.466355670293858,1.7466355670293858,1.2533644329706142
+P,0.34,2.3063736892840954,1.7306373689284096,1.2693626310715904
+P,0.36,2.1477254079106665,1.7147725407910666,1.2852274592089334
+P,0.38,1.9908280845347073,1.6990828084534708,1.3009171915465292
+P,0.4,1.8361479646541758,1.6836147964654176,1.3163852035345824
+P,0.42,1.6842036495943753,1.6684203649594376,1.3315796350405624
+P,0.44,1.535568407857331,1.653556840785733,1.346443159214267
+P,0.46,1.3908706494197458,1.6390870649419746,1.3609129350580254
+P,0.48,1.2507915075071856,1.6250791507507185,1.3749208492492815
+P,0.5,1.1160581556566012,1.61160581556566,1.38839418443434
+P,0.52,0.9874312244091425,1.598743122440914,1.401256877559086
+P,0.54,0.8656845897353678,1.5865684589735367,1.4134315410264633
+P,0.56,0.751576095352723,1.5751576095352724,1.4248423904647276
+P,0.58,0.6458086971329438,1.5645808697132944,1.4354191302867056
+P,0.6,0.5489833113000171,1.5548983311300018,1.4451016688699982
+P,0.62,0.46154728694766345,1.5461547286947663,1.4538452713052337
+P,0.64,0.38374545459642717,1.5383745454596427,1.4616254545403573
+P,0.66,0.3155829524305059,1.5315582952430506,1.4684417047569494
+P,0.68,0.2568091348815109,1.525680913488151,1.474319086511849
+P,0.7000000000000001,0.20692871105303584,1.5206928711053036,1.4793071288946964
+P,0.72,0.1652402736881298,1.516524027368813,1.483475972631187
+P,0.74,0.13089561431695784,1.5130895614316957,1.4869104385683043
+P,0.76,0.10296850240626323,1.5102968502406262,1.4897031497593738
+P,0.78,0.08052073887872442,1.5080520738878722,1.4919479261121278
+P,0.8,0.0626561429471203,1.506265614294712,1.493734385705288
+P,0.8200000000000001,0.04855784972883663,1.5048557849728834,1.4951442150271166
+P,0.84,0.03750879478174166,1.503750879478174,1.496249120521826
+P,0.86,0.028898231807678088,1.5028898231807675,1.4971101768192325
+P,0.88,0.022218333820805042,1.5022218333820803,1.4977781666179197
+P,0.9,0.01705481835145961,1.5017054818351456,1.4982945181648544
+P,0.92,0.013074744208022567,1.5013074744208021,1.4986925255791979
+P,0.9400000000000001,0.01001365956434794,1.5010013659564345,1.4989986340435655
+P,0.96,0.007663421195849968,1.500766342119585,1.499233657880415
+P,0.98,0.005861359555727023,1.5005861359555726,1.4994138640444274
+P,1.0,0.004481036738640242,1.500448103673864,1.499551896326136
+P,1.02,0.0034245894939353297,1.5003424589493934,1.4996575410506066
+P,1.04,0.002616516170973585,1.5002616516170972,1.4997383483829028
+P,1.06,0.0019987116915615045,1.500199871169156,1.499800128830844
+P,1.08,0.0015265442576478413,1.5001526544257646,1.4998473455742354
+P,1.1,0.001165781145012577,1.5001165781145012,1.4998834218854988
+P,1.12,0.000890195079890469,1.500089019507989,1.499910980492011
+P,1.1400000000000001,0.000679709268769872,1.500067970926877,1.499932029073123
+P,1.16,0.0005189650935111078,1.500051896509351,1.499948103490649
+P,1.18,0.0003962191879175973,1.5000396219187917,1.4999603780812083
+P,1.2,0.0003024958419008152,1.50003024958419,1.49996975041581
+P,1.22,0.00023093675163441963,1.5000230936751633,1.4999769063248367
+P,1.24,0.00017630265349688503,1.5000176302653496,1.4999823697346504
+P,1.26,0.0001345918199682196,1.5000134591819967,1.4999865408180033
+P,1.28,0.0001027481236964833,1.5000102748123694,1.4999897251876306
+P,1.3,7.843784602157878e-05,1.500007843784602,1.499992156215398
+P,1.32,5.987902655400937e-05,1.5000059879026553,1.4999940120973447
+P,1.34,4.571111313061996e-05,1.5000045711113128,1.4999954288886872
+P,1.36,3.4895328710476384e-05,1.5000034895328709,1.4999965104671291
+P,1.3800000000000001,2.663861327517471e-05,1.5000026638613275,1.4999973361386725
+P,1.4000000000000001,2.0335508738331692e-05,1.5000020335508737,1.4999979664491263
+P,1.42,1.552378821597118e-05,1.5000015523788215,1.4999984476211785
+P,1.44,1.1850588959607065e-05,1.500001185058896,1.499998814941104
+P,1.46,9.046523993391188e-06,1.5000009046523992,1.4999990953476008
+P,1.48,6.905946411590662e-06,1.500000690594641,1.499999309405359
+P,1.5,5.271867293772103e-06,1.5000005271867292,1.4999994728132708
+P,1.52,4.0244406009389215e-06,1.5000004024440599,1.4999995975559401
+P,1.54,3.072178574528499e-06,1.5000003072178574,1.4999996927821426
+P,1.56,2.3452400634607573e-06,1.5000002345240062,1.4999997654759938
+P,1.58,1.790309518478761e-06,1.5000001790309516,1.4999998209690484
+P,1.6,1.3666853214988605e-06,1.5000001366685318,1.4999998633314682
+P,1.62,1.0433003708209535e-06,1.5000001043300368,1.4999998956699632
+P,1.6400000000000001,7.96434918893654e-07,1.5000000796434916,1.4999999203565084
+P,1.6600000000000001,6.079810617979453e-07,1.5000000607981059,1.4999999392018941
+P,1.68,4.641209168749837e-07,1.5000000464120915,1.4999999535879085
+P,1.7,3.543004786701066e-07,1.5000000354300478,1.4999999645699522
+P,1.72,2.7046620184825267e-07,1.50000002704662,1.49999997295338
+P,1.74,2.0646728880914673e-07,1.5000000206467288,1.4999999793532712
+P,1.76,1.5761346501042906e-07,1.5000000157613465,1.4999999842386535
+P,1.78,1.2031890894047076e-07,1.5000000120318908,1.4999999879681092
+P,1.8,9.184914820307264e-08,1.5000000091849146,1.4999999908150854
+P,1.82,7.011538337112095e-08,1.5000000070115382,1.4999999929884618
+P,1.84,5.3524842610205394e-08,1.5000000053524842,1.4999999946475158
+P,1.86,4.0859773588877866e-08,1.5000000040859773,1.4999999959140227
+P,1.8800000000000001,3.119156712537855e-08,1.5000000031191567,1.4999999968808433
+P,1.9000000000000001,2.3810875726082628e-08,1.5000000023810875,1.4999999976189125
+P,1.92,1.8176800860230604e-08,1.50000000181768,1.49999999818232
+P,1.94,1.3875799065900636e-08,1.5000000013875798,1.4999999986124202
+P,1.96,1.0592518680853098e-08,1.5000000010592518,1.4999999989407482
+P,1.98,8.086068378960748e-09,1.500000000808607,1.499999999191393
+P,2.0,6.1727613790804535e-09,1.5000000006172762,1.4999999993827238
+P,2.02,4.712160130761656e-09,1.500000000471216,1.499999999528784
+P,2.04,3.5971725923533624e-09,1.5000000003597171,1.4999999996402829
+P,2.06,2.74599312756825e-09,1.5000000002745992,1.4999999997254008
+P,2.08,2.096242513402791e-09,1.500000000209624,1.499999999790376
+P,2.1,1.6002287759538701e-09,1.5000000001600229,1.4999999998399771
+P,2.12,1.221583929684142e-09,1.5000000001221583,1.4999999998778417
+P,2.14,9.325271411154646e-10,1.5000000000932527,1.4999999999067473
+P,2.16,7.118747012108544e-10,1.5000000000711875,1.4999999999288125
+P,2.18,5.434306260223537e-10,1.5000000000543432,1.4999999999456568
+P,2.2,4.148445081387736e-10,1.5000000000414844,1.4999999999585156
+P,2.22,3.166820991196572e-10,1.5000000000316682,1.4999999999683318
+P,2.24,2.417495048830178e-10,1.5000000000241749,1.4999999999758251
+P,2.2600000000000002,1.8454664077839125e-10,1.5000000000184546,1.4999999999815454
+P,2.2800000000000002,1.4087936297556566e-10,1.5000000000140878,1.4999999999859122
+P,2.3000000000000003,1.0754384235871081e-10,1.5000000000107543,1.4999999999892457
+P,2.32,8.209706426204287e-11,1.5000000000082097,1.4999999999917903
+P,2.34,6.267122422463141e-11,1.500000000006267,1.499999999993733
+P,2.36,4.784200952211111e-11,1.5000000000047842,1.4999999999952158
+P,2.38,3.6521413934425796e-11,1.500000000003652,1.499999999996348
+P,2.4,2.7879800469289126e-11,1.5000000000027878,1.4999999999972122
+P,2.42,2.12828709799886e-11,1.500000000002128,1.499999999997872
+P,2.44,1.624693515515621e-11,1.5000000000016245,1.4999999999983755
+P,2.46,1.2402510887178767e-11,1.5000000000012401,1.4999999999987599
+P,2.48,9.467857117237494e-12,1.5000000000009466,1.4999999999990534
+P,2.5,7.227568995845619e-12,1.5000000000007225,1.4999999999992775
+P,2.52,5.517387429304808e-12,1.5000000000005516,1.4999999999994484
+P,2.54,4.2118379255569046e-12,1.5000000000004212,1.4999999999995788
+P,2.56,3.215242465239486e-12,1.5000000000003215,1.4999999999996785
+P,2.58,2.4544505127296325e-12,1.5000000000002454,1.4999999999997546
+P,2.6,1.8736804052030307e-12,1.5000000000001874,1.4999999999998126
+P,2.62,1.4303215592735776e-12,1.500000000000143,1.499999999999857
+P,2.64,1.0918821420965918e-12,1.5000000000001092,1.4999999999998908
+P,2.66,8.335205548201967e-13,1.5000000000000833,1.4999999999999167
+P,2.68,6.362935910910167e-13,1.5000000000000635,1.4999999999999365
+P,2.7,4.857308849671072e-13,1.5000000000000484,1.4999999999999516
+P,2.72,3.7079835350422334e-13,1.5000000000000369,1.4999999999999631
+P,2.74,2.83059899437258e-13,1.5000000000000282,1.4999999999999718
+P,2.7600000000000002,2.1608249354525134e-13,1.5000000000000215,1.4999999999999785
+P,2.7800000000000002,1.649520634580942e-13,1.5000000000000162,1.4999999999999838
+P,2.8000000000000003,1.2592148333644024e-13,1.5000000000000124,1.4999999999999876
+P,2.82,9.612589180441227e-14,1.5000000000000093,1.4999999999999907
+P,2.84,7.338066054800382e-14,1.500000000000007,1.499999999999993
+P,2.86,5.601699229176954e-14,1.5000000000000053,1.4999999999999947
+P,2.88,4.276237964866304e-14,1.500000000000004,1.499999999999996
+P,2.9,3.2643928347188735e-14,1.500000000000003,1.499999999999997
+P,2.92,2.491974825962995e-14,1.5000000000000022,1.4999999999999978
+P,2.94,1.9023123200960025e-14,1.5000000000000018,1.4999999999999982
+P,2.96,1.452191528216449e-14,1.5000000000000013,1.4999999999999987
+P,2.98,1.108573390512285e-14,1.5000000000000009,1.4999999999999991
+P,3.0,8.462636458785603e-15,1.5000000000000007,1.4999999999999993
+P,3.02,6.460168629440442e-15,1.5000000000000007,1.4999999999999993
+P,3.04,4.9315782983782525e-15,1.5000000000000004,1.4999999999999996
+P,3.06,3.76466627754291e-15,1.5000000000000002,1.4999999999999998
+P,3.08,2.873873968846826e-15,1.5000000000000002,1.4999999999999998
+P,3.1,2.193844737266891e-15,1.5,1.5
+P,3.12,1.6747422113738039e-15,1.5,1.5
+P,3.14,1.2784640423959082e-15,1.5,1.5
+P,3.16,9.759549082651465e-16,1.4999999999999998,1.5000000000000002
+P,3.18,7.450199843545775e-16,1.4999999999999998,1.5000000000000002
+P,3.2,5.687350590133711e-16,1.4999999999999998,1.5000000000000002
+P,3.22,4.3416074286564827e-16,1.4999999999999998,1.5000000000000002
+P,3.24,3.3142997685073404e-16,1.4999999999999998,1.5000000000000002
+P,3.2600000000000002,2.5300549654173897e-16,1.4999999999999998,1.5000000000000002
+P,3.2800000000000002,1.9313991440247145e-16,1.4999999999999998,1.5000000000000002
+P,3.3000000000000003,1.4743907094359948e-16,1.4999999999999998,1.5000000000000002
+P,3.3200000000000003,1.1255215648286368e-16,1.4999999999999998,1.5000000000000002
+P,3.34,8.591954930683826e-17,1.4999999999999998,1.5000000000000002
+P,3.36,6.558946198974714e-17,1.4999999999999998,1.5000000000000002
+P,3.38,5.006965737443194e-17,1.4999999999999998,1.5000000000000002
+P,3.4,3.8222215290587333e-17,1.4999999999999998,1.5000000000000002
+P,3.42,2.9177899508093114e-17,1.4999999999999998,1.5000000000000002
+P,3.44,2.2273891636608334e-17,1.4999999999999998,1.5000000000000002
+P,3.46,1.7003434527554714e-17,1.4999999999999998,1.5000000000000002
+P,3.48,1.2980095516361148e-17,1.4999999999999998,1.5000000000000002
+P,3.5,9.908685817985624e-18,1.4999999999999998,1.5000000000000002
+P,3.52,7.564115234196092e-18,1.4999999999999998,1.5000000000000002
+P,3.54,5.774291275267999e-18,1.4999999999999998,1.5000000000000002
+P,3.56,4.4079831148706176e-18,1.4999999999999998,1.5000000000000002
+P,3.58,3.3649459452116006e-18,1.4999999999999998,1.5000000000000002
+P,3.6,2.568740129010952e-18,1.4999999999999998,1.5000000000000002
+P,3.62,1.9609238167502802e-18,1.4999999999999998,1.5000000000000002
+P,3.64,1.4969315993470937e-18,1.4999999999999998,1.5000000000000002
+P,3.66,1.1427207827745825e-18,1.4999999999999998,1.5000000000000002
+P,3.68,8.723328037839556e-19,1.4999999999999998,1.5000000000000002
+P,3.7,6.659210683686937e-19,1.4999999999999998,1.5000000000000002
+P,3.72,5.083513604134175e-19,1.4999999999999998,1.5000000000000002
+P,3.74,3.8806293136541033e-19,1.4999999999999998,1.5000000000000002
+P,3.7600000000000002,2.962403677831645e-19,1.4999999999999998,1.5000000000000002
+P,3.7800000000000002,2.2614385398827297e-19,1.4999999999999998,1.5000000000000002
+P,3.8000000000000003,1.7263387702342957e-19,1.4999999999999998,1.5000000000000002
+P,3.8200000000000003,1.3178445773451953e-19,1.4999999999999998,1.5000000000000002
+P,3.84,1.0060192064729445e-19,1.4999999999999998,1.5000000000000002
+P,3.86,7.67974541216273e-20,1.4999999999999998,1.5000000000000002
+P,3.88,5.862570225425169e-20,1.4999999999999998,1.5000000000000002
+P,3.9,4.4753419862275575e-20,1.4999999999999998,1.5000000000000002
+P,3.92,3.4163967975263975e-20,1.4999999999999998,1.5000000000000002
+P,3.94,2.60800762680433e-20,1.4999999999999998,1.5000000000000002
+P,3.96,1.9909029583676042e-20,1.4999999999999998,1.5000000000000002
+P,3.98,1.5198063745907623e-20,1.4999999999999998,1.5000000000000002
+P,4.0,1.1601932650042798e-20,1.4999999999999998,1.5000000000000002
+P,4.0200000000000005,8.856678726221006e-21,1.4999999999999998,1.5000000000000002
+P,4.04,6.76101852468543e-21,1.4999999999999998,1.5000000000000002
+P,4.0600000000000005,5.1611953306695605e-21,1.4999999999999998,1.5000000000000002
+P,4.08,3.939965091689245e-21,1.4999999999999998,1.5000000000000002
+P,4.1,3.007688982704895e-21,1.4999999999999998,1.5000000000000002
+P,4.12,2.2960120330836947e-21,1.4999999999999998,1.5000000000000002
+P,4.14,1.752719141508962e-21,1.4999999999999998,1.5000000000000002
+P,4.16,1.3379947455282432e-21,1.4999999999999998,1.5000000000000002
+P,4.18,1.0213978960196686e-21,1.4999999999999998,1.5000000000000002
+P,4.2,7.797155468244188e-22,1.4999999999999998,1.5000000000000002
+P,4.22,5.952156801268275e-22,1.4999999999999998,1.5000000000000002
+P,4.24,4.543771067508716e-22,1.4999999999999998,1.5000000000000002
+P,4.26,3.468622148075908e-22,1.4999999999999998,1.5000000000000002
+P,4.28,2.647879563345236e-22,1.4999999999999998,1.5000000000000002
+P,4.3,2.021326163893146e-22,1.4999999999999998,1.5000000000000002
+P,4.32,1.5430445883984578e-22,1.4999999999999998,1.5000000000000002
+P,4.34,1.177928763414155e-22,1.4999999999999998,1.5000000000000002
+P,4.36,8.99208206189601e-23,1.4999999999999998,1.5000000000000002
+P,4.38,6.86433438710557e-23,1.4999999999999998,1.5000000000000002
+P,4.4,5.240111278518316e-23,1.4999999999999998,1.5000000000000002
+P,4.42,4.000194061056995e-23,1.4999999999999998,1.5000000000000002
+P,4.44,3.0536713575340904e-23,1.4999999999999998,1.5000000000000002
+P,4.46,2.331097643699743e-23,1.4999999999999998,1.5000000000000002
+P,4.48,1.7795186488910616e-23,1.4999999999999998,1.5000000000000002
+P,4.5,1.3584482375433427e-23,1.4999999999999998,1.5000000000000002
+P,4.5200000000000005,1.0370133074450551e-23,1.4999999999999998,1.5000000000000002
+P,4.54,7.916304652451316e-24,1.4999999999999998,1.5000000000000002
+P,4.5600000000000005,6.043166744822419e-24,1.4999999999999998,1.5000000000000002
+P,4.58,4.613230223128225e-24,1.4999999999999998,1.5000000000000002
+P,4.6000000000000005,3.521651395671262e-24,1.4999999999999998,1.5000000000000002
+P,4.62,2.6883421001172945e-24,1.4999999999999998,1.5000000000000002
+P,4.64,2.052232738807528e-24,1.4999999999999998,1.5000000000000002
+P,4.66,1.5666326109024473e-24,1.4999999999999998,1.5000000000000002
+P,4.68,1.1959372617106507e-24,1.4999999999999998,1.5000000000000002
+P,4.7,9.129491049873985e-25,1.4999999999999998,1.5000000000000002
+P,4.72,6.969291750623644e-25,1.4999999999999998,1.5000000000000002
+P,4.74,5.3202151612514525e-25,1.4999999999999998,1.5000000000000002
+P,4.76,4.0613501259835267e-25,1.4999999999999998,1.5000000000000002
+P,4.78,3.1003348430280753e-25,1.4999999999999998,1.5000000000000002
+P,4.8,2.366740700839507e-25,1.4999999999999998,1.5000000000000002
+P,4.82,1.8067215737137835e-25,1.4999999999999998,1.5000000000000002
+P,4.84,1.3792165671159834e-25,1.4999999999999998,1.5000000000000002
+P,4.86,1.0528600210442865e-25,1.4999999999999998,1.5000000000000002
+P,4.88,8.037346900435068e-26,1.4999999999999998,1.5000000000000002
+P,4.9,6.135546676189243e-26,1.4999999999999998,1.5000000000000002
+P,4.92,4.6837585531893116e-26,1.4999999999999998,1.5000000000000002
+P,4.94,3.5754661352342846e-26,1.4999999999999998,1.5000000000000002
+P,4.96,2.729447512987761e-26,1.4999999999999998,1.5000000000000002
+P,4.98,2.0836045555329384e-26,1.4999999999999998,1.5000000000000002
+P,5.0,1.5905837203251375e-26,1.4999999999999998,1.5000000000000002
+P,5.0200000000000005,1.2142125096104628e-26,1.4999999999999998,1.5000000000000002
+P,5.04,9.269083216691596e-27,1.4999999999999998,1.5000000000000002
+P,5.0600000000000005,7.075829054786125e-27,1.4999999999999998,1.5000000000000002
+P,5.08,5.401552071125967e-27,1.4999999999999998,1.5000000000000002
+P,5.1000000000000005,4.1234120607828e-27,1.4999999999999998,1.5000000000000002
+P,5.12,3.1477397264146994e-27,1.4999999999999998,1.5000000000000002
+P,5.14,2.402920298844805e-27,1.4999999999999998,1.5000000000000002
+P,5.16,1.8343432291084306e-27,1.4999999999999998,1.5000000000000002
+P,5.18,1.400292526096932e-27,1.4999999999999998,1.5000000000000002
+P,5.2,1.068958510093711e-27,1.4999999999999998,1.5000000000000002
+P,5.22,8.160211217503545e-28,1.4999999999999998,1.5000000000000002
+P,5.24,6.2293485980864155e-28,1.4999999999999998,1.5000000000000002
+P,5.26,4.755331579135536e-28,1.4999999999999998,1.5000000000000002
+P,5.28,3.6301358931072666e-28,1.4999999999999998,1.5000000000000002
+P,5.3,2.7711716924728226e-28,1.4999999999999998,1.5000000000000002
+P,5.32,2.115459273962701e-28,1.4999999999999998,1.5000000000000002
+P,5.34,1.6148896038568595e-28,1.4999999999999998,1.5000000000000002
+P,5.36,1.2327781179524436e-28,1.4999999999999998,1.5000000000000002
+P,5.38,9.410776687606471e-29,1.4999999999999998,1.5000000000000002
+P,5.4,7.18400627181073e-29,1.4999999999999998,1.5000000000000002
+P,5.42,5.484093778207196e-29,1.4999999999999998,1.5000000000000002
+P,5.44,4.186460046820799e-29,1.4999999999999998,1.5000000000000002
+P,5.46,3.195858203393004e-29,1.4999999999999998,1.5000000000000002
+P,5.48,2.439656804015875e-29,1.4999999999999998,1.5000000000000002
+P,5.5,1.8623740283138682e-29,1.4999999999999998,1.5000000000000002
+P,5.5200000000000005,1.42170334372393e-29,1.4999999999999998,1.5000000000000002
+P,5.54,1.0852993323755152e-29,1.4999999999999998,1.5000000000000002
+P,5.5600000000000005,8.284966766712973e-30,1.4999999999999998,1.5000000000000002
+P,5.58,6.324539954296567e-30,1.4999999999999998,1.5000000000000002
+P,5.6000000000000005,4.82804177025583e-30,1.4999999999999998,1.5000000000000002
+P,5.62,3.6856286039355684e-30,1.4999999999999998,1.5000000000000002
+P,5.64,2.8135381260409784e-30,1.4999999999999998,1.5000000000000002
+P,5.66,2.1477858381491556e-30,1.4999999999999998,1.5000000000000002
+P,5.68,1.6395816636597603e-30,1.4999999999999998,1.5000000000000002
+P,5.7,1.2516231974837289e-30,1.4999999999999998,1.5000000000000002
+P,5.72,9.554651225024379e-31,1.4999999999999998,1.5000000000000002
+P,5.74,7.293785856187494e-31,1.4999999999999998,1.5000000000000002
+P,5.76,5.567946922851177e-31,1.4999999999999998,1.5000000000000002
+P,5.78,4.250457104675725e-31,1.4999999999999998,1.5000000000000002
+P,5.8,3.2447173609237445e-31,1.4999999999999998,1.5000000000000002
+P,5.82,2.4769374660634188e-31,1.4999999999999998,1.5000000000000002
+P,5.84,1.8908501859240916e-31,1.4999999999999998,1.5000000000000002
+P,5.86,1.443436461948704e-31,1.4999999999999998,1.5000000000000002
+P,5.88,1.1018916865019466e-31,1.4999999999999998,1.5000000000000002
+P,5.9,8.411570248643937e-32,1.4999999999999998,1.5000000000000002
+P,5.92,6.421243727981448e-32,1.4999999999999998,1.5000000000000002
+P,5.94,4.901846479972762e-32,1.4999999999999998,1.5000000000000002
+P,5.96,3.74197550580011e-32,1.4999999999999998,1.5000000000000002
+P,5.98,2.8565321094004694e-32,1.4999999999999998,1.5000000000000002
+P,6.0,2.1806260126309317e-32,1.4999999999999998,1.5000000000000002
+P,6.0200000000000005,1.6646454171444664e-32,1.4999999999999998,1.5000000000000002
+P,6.04,1.2707583565186638e-32,1.4999999999999998,1.5000000000000002
+P,6.0600000000000005,9.700656893820043e-33,1.4999999999999998,1.5000000000000002
+P,6.08,7.405309638445156e-33,1.4999999999999998,1.5000000000000002
+P,6.1000000000000005,5.653062322823827e-33,1.4999999999999998,1.5000000000000002
+P,6.12,4.315439259714584e-33,1.4999999999999998,1.5000000000000002
+P,6.140000000000001,3.294300241258886e-33,1.4999999999999998,1.5000000000000002
+P,6.16,2.5148104500086238e-33,1.4999999999999998,1.5000000000000002
+P,6.18,1.9197549998695913e-33,1.4999999999999998,1.5000000000000002
+P,6.2,1.4655041148267713e-33,1.4999999999999998,1.5000000000000002
+P,6.22,1.1187298136966716e-33,1.4999999999999998,1.5000000000000002
+P,6.24,8.540185229581324e-34,1.4999999999999998,1.5000000000000002
+P,6.26,6.519403199650675e-34,1.4999999999999998,1.5000000000000002
+P,6.28,4.976787254598578e-34,1.4999999999999998,1.5000000000000002
+P,6.3,3.799157042150743e-34,1.4999999999999998,1.5000000000000002
+P,6.32,2.900209188939421e-34,1.4999999999999998,1.5000000000000002
+P,6.34,2.2139605357195374e-34,1.4999999999999998,1.5000000000000002
+P,6.36,1.6900949732551658e-34,1.4999999999999998,1.5000000000000002
+P,6.38,1.290176953739173e-34,1.4999999999999998,1.5000000000000002
+P,6.4,9.84898232707423e-35,1.4999999999999998,1.5000000000000002
+P,6.42,7.518512206740336e-35,1.4999999999999998,1.5000000000000002
+P,6.44,5.739487891476651e-35,1.4999999999999998,1.5000000000000002
+P,6.46,4.3813839583145275e-35,1.4999999999999998,1.5000000000000002
+P,6.48,3.344670903359664e-35,1.4999999999999998,1.5000000000000002
+P,6.5,2.553253542278321e-35,1.4999999999999998,1.5000000000000002
+P,6.5200000000000005,1.9491047413128692e-35,1.4999999999999998,1.5000000000000002
+P,6.54,1.4878986432474023e-35,1.4999999999999998,1.5000000000000002
+P,6.5600000000000005,1.1358354680999771e-35,1.4999999999999998,1.5000000000000002
+P,6.58,8.67073627321165e-36,1.4999999999999998,1.5000000000000002
+P,6.6000000000000005,6.619073625453559e-36,1.4999999999999998,1.5000000000000002
+P,6.62,5.052838084131542e-36,1.4999999999999998,1.5000000000000002
+P,6.640000000000001,3.8572470890872814e-36,1.4999999999999998,1.5000000000000002
+P,6.66,2.944543746818904e-36,1.4999999999999998,1.5000000000000002
+P,6.68,2.2478081721593197e-36,1.4999999999999998,1.5000000000000002
+P,6.7,1.7159214991101403e-36,1.4999999999999998,1.5000000000000002
+P,6.72,1.3099040771425146e-36,1.4999999999999998,1.5000000000000002
+P,6.74,9.9995405277374e-37,1.4999999999999998,1.5000000000000002
+P,6.76,7.633457285316044e-37,1.4999999999999998,1.5000000000000002
+P,6.78,5.827193632733255e-37,1.4999999999999998,1.5000000000000002
+P,6.8,4.448376398206292e-37,1.4999999999999998,1.5000000000000002
+P,6.82,3.3957998034122324e-37,1.4999999999999998,1.5000000000000002
+P,6.84,2.5922883833440668e-37,1.4999999999999998,1.5000000000000002
+P,6.86,1.978889223718968e-37,1.4999999999999998,1.5000000000000002
+P,6.88,1.5106489799837299e-37,1.4999999999999998,1.5000000000000002
+P,6.9,1.1531986167632164e-37,1.4999999999999998,1.5000000000000002
+P,6.92,8.803296869620635e-38,1.4999999999999998,1.5000000000000002
+P,6.94,6.72022041236721e-38,1.4999999999999998,1.5000000000000002
+P,6.96,5.130097222991473e-38,1.4999999999999998,1.5000000000000002
+P,6.98,3.9162115751591113e-38,1.4999999999999998,1.5000000000000002
+P,7.0,2.989560739947463e-38,1.4999999999999998,1.5000000000000002
+P,7.0200000000000005,2.282157174312396e-38,1.4999999999999998,1.5000000000000002
+P,7.04,1.7421583614764173e-38,1.4999999999999998,1.5000000000000002
+P,7.0600000000000005,1.3299281562145007e-38,1.4999999999999998,1.5000000000000002
+P,7.08,1.0152416248368958e-38,1.4999999999999998,1.5000000000000002
+P,7.1000000000000005,7.750104979712882e-39,1.4999999999999998,1.5000000000000002
+P,7.12,5.916292858661185e-39,1.4999999999999998,1.5000000000000002
+P,7.140000000000001,4.516377286434638e-39,1.4999999999999998,1.5000000000000002
+P,7.16,3.44771572301143e-39,1.4999999999999998,1.5000000000000002
+P,7.18,2.6319014252236342e-39,1.4999999999999998,1.5000000000000002
+P,7.2,2.009146927365541e-39,1.4999999999999998,1.5000000000000002
+P,7.22,1.5337417813216883e-39,1.4999999999999998,1.5000000000000002
+P,7.24,1.1708290337888764e-39,1.4999999999999998,1.5000000000000002
+P,7.26,8.937821010458964e-40,1.4999999999999998,1.5000000000000002
+P,7.28,6.822974237715253e-40,1.4999999999999998,1.5000000000000002
+P,7.3,5.208519356514665e-40,1.4999999999999998,1.5000000000000002
+P,7.32,3.976083692786658e-40,1.4999999999999998,1.5000000000000002
+P,7.34,3.035244544092849e-40,1.4999999999999998,1.5000000000000002
+P,7.36,2.317051919620815e-40,1.4999999999999998,1.5000000000000002
+P,7.38,1.768790171694346e-40,1.4999999999999998,1.5000000000000002
+P,7.4,1.350260462954541e-40,1.4999999999999998,1.5000000000000002
+P,7.42,1.0307556429765944e-40,1.4999999999999998,1.5000000000000002
+P,7.44,7.868605993764182e-41,1.4999999999999998,1.5000000000000002
+P,7.46,6.006733310051586e-41,1.4999999999999998,1.5000000000000002
+P,7.48,4.5854249022117987e-41,1.4999999999999998,1.5000000000000002
+P,7.5,3.500400643486323e-41,1.4999999999999998,1.5000000000000002
+P,7.5200000000000005,2.672143846273174e-41,1.4999999999999998,1.5000000000000002
+P,7.54,2.0398601052560807e-41,1.4999999999999998,1.5000000000000002
+P,7.5600000000000005,1.5571900467126398e-41,1.4999999999999998,1.5000000000000002
+P,7.58,1.1887206001158626e-41,1.4999999999999998,1.5000000000000002
+P,7.6000000000000005,9.074482495163996e-42,1.4999999999999998,1.5000000000000002
+P,7.62,6.927274833481153e-42,1.4999999999999998,1.5000000000000002
+P,7.640000000000001,5.288148630263854e-42,1.4999999999999998,1.5000000000000002
+P,7.66,4.036842661908658e-42,1.4999999999999998,1.5000000000000002
+P,7.68,3.081654180776492e-42,1.4999999999999998,1.5000000000000002
+P,7.7,2.3524719413323334e-42,1.4999999999999998,1.5000000000000002
+P,7.72,1.7958319214020992e-42,1.4999999999999998,1.5000000000000002
+P,7.74,1.3708939405456088e-42,1.4999999999999998,1.5000000000000002
+P,7.76,1.04651615064088e-42,1.4999999999999998,1.5000000000000002
+P,7.78,7.988890823283292e-43,1.4999999999999998,1.5000000000000002
+P,7.8,6.09856589784578e-43,1.4999999999999998,1.5000000000000002
+P,7.82,4.655495280898776e-43,1.4999999999999998,1.5000000000000002
+P,7.84,3.5539226315012627e-43,1.4999999999999998,1.5000000000000002
+P,7.86,2.7129920431779505e-43,1.4999999999999998,1.5000000000000002
+P,7.88,2.071046046521407e-43,1.4999999999999998,1.5000000000000002
+P,7.9,1.580985637871068e-43,1.4999999999999998,1.5000000000000002
+P,7.92,1.2068964308828068e-43,1.4999999999999998,1.5000000000000002
+P,7.94,9.213201167921262e-44,1.4999999999999998,1.5000000000000002
+P,7.96,7.033180912789802e-44,1.4999999999999998,1.5000000000000002
+P,7.98,5.368957406980918e-44,1.4999999999999998,1.5000000000000002
+P,8.0,4.0985669805151486e-44,1.4999999999999998,1.5000000000000002
+P,8.02,3.1287624294377264e-44,1.4999999999999998,1.5000000000000002
+P,8.040000000000001,2.388437178164821e-44,1.4999999999999998,1.5000000000000002
+P,8.06,1.8232742251087959e-44,1.4999999999999998,1.5000000000000002
+P,8.08,1.3918552465584505e-44,1.4999999999999998,1.5000000000000002
+P,8.1,1.0625139038475624e-44,1.4999999999999998,1.5000000000000002
+P,8.120000000000001,8.111027179275566e-45,1.4999999999999998,1.5000000000000002
+P,8.14,6.191758749331212e-45,1.4999999999999998,1.5000000000000002
+P,8.16,4.7266789504286415e-45,1.4999999999999998,1.5000000000000002
+P,8.18,3.608250294901e-45,1.4999999999999998,1.5000000000000002
+P,8.2,2.7544690102964193e-45,1.4999999999999998,1.5000000000000002
+P,8.22,2.1026939273291128e-45,1.4999999999999998,1.5000000000000002
+P,8.24,1.605159297683266e-45,1.4999999999999998,1.5000000000000002
+P,8.26,1.225345865452421e-45,1.4999999999999998,1.5000000000000002
+P,8.28,9.35405511655653e-46,1.4999999999999998,1.5000000000000002
+P,8.3,7.140655718384236e-46,1.4999999999999998,1.5000000000000002
+P,8.32,5.451050088149867e-46,1.4999999999999998,1.5000000000000002
+P,8.34,4.161220445552623e-46,1.4999999999999998,1.5000000000000002
+P,8.36,3.176595808357309e-46,1.4999999999999998,1.5000000000000002
+P,8.38,2.4249351475162383e-46,1.4999999999999998,1.5000000000000002
+P,8.4,1.8511525370974174e-46,1.4999999999999998,1.5000000000000002
+P,8.42,1.4131320865959725e-46,1.4999999999999998,1.5000000000000002
+P,8.44,1.078757908087668e-46,1.4999999999999998,1.5000000000000002
+P,8.46,8.234972671375593e-47,1.4999999999999998,1.5000000000000002
+P,8.48,6.286432265687116e-47,1.4999999999999998,1.5000000000000002
+P,8.5,4.798934159571737e-47,1.4999999999999998,1.5000000000000002
+P,8.52,3.6634142159353456e-47,1.4999999999999998,1.5000000000000002
+P,8.540000000000001,2.7965603520474825e-47,1.4999999999999998,1.5000000000000002
+P,8.56,2.1348446353879494e-47,1.4999999999999998,1.5000000000000002
+P,8.58,1.6296968476159845e-47,1.4999999999999998,1.5000000000000002
+P,8.6,1.2440792894216777e-47,1.4999999999999998,1.5000000000000002
+P,8.620000000000001,9.496995454312172e-48,1.4999999999999998,1.5000000000000002
+P,8.64,7.249838103117725e-48,1.4999999999999998,1.5000000000000002
+P,8.66,5.534378524098142e-48,1.4999999999999998,1.5000000000000002
+P,8.68,4.2248383260498217e-48,1.4999999999999998,1.5000000000000002
+P,8.700000000000001,3.225137715808357e-48,1.4999999999999998,1.5000000000000002
+P,8.72,2.4620130032022716e-48,1.4999999999999998,1.5000000000000002
+P,8.74,1.8794505059517694e-48,1.4999999999999998,1.5000000000000002
+P,8.76,1.4347364378645753e-48,1.4999999999999998,1.5000000000000002
+P,8.78,1.0952425254880877e-48,1.4999999999999998,1.5000000000000002
+P,8.8,8.360887431859175e-49,1.4999999999999998,1.5000000000000002
+P,8.82,6.3825309182262356e-49,1.4999999999999998,1.5000000000000002
+P,8.84,4.872301582392095e-49,1.4999999999999998,1.5000000000000002
+P,8.86,3.719395248636221e-49,1.4999999999999998,1.5000000000000002
+P,8.88,2.839320448644987e-49,1.4999999999999998,1.5000000000000002
+P,8.9,2.1674793134009314e-49,1.4999999999999998,1.5000000000000002
+P,8.92,1.6546121004017577e-49,1.4999999999999998,1.5000000000000002
+P,8.94,1.2630902009043652e-49,1.4999999999999998,1.5000000000000002
+P,8.96,9.642206853992875e-50,1.4999999999999998,1.5000000000000002
+P,8.98,7.360664028442456e-50,1.4999999999999998,1.5000000000000002
+P,9.0,5.618989622255295e-50,1.4999999999999998,1.5000000000000002
+P,9.02,4.289398541888266e-50,1.4999999999999998,1.5000000000000002
+P,9.040000000000001,3.274450865859703e-50,1.4999999999999998,1.5000000000000002
+P,9.06,2.4996489980149083e-50,1.4999999999999998,1.5000000000000002
+P,9.08,1.9081840612277876e-50,1.4999999999999998,1.5000000000000002
+P,9.1,1.4566608020535372e-50,1.4999999999999998,1.5000000000000002
+P,9.120000000000001,1.111989053469573e-50,1.4999999999999998,1.5000000000000002
+P,9.14,8.488697608168225e-51,1.4999999999999998,1.5000000000000002
+P,9.16,6.480108803017006e-51,1.4999999999999998,1.5000000000000002
+P,9.18,4.946755754957616e-51,1.4999999999999998,1.5000000000000002
+P,9.200000000000001,3.776265718103897e-51,1.4999999999999998,1.5000000000000002
+P,9.22,2.8827242200863383e-51,1.4999999999999998,1.5000000000000002
+P,9.24,2.2006163321540278e-51,1.4999999999999998,1.5000000000000002
+P,9.26,1.6798964086017043e-51,1.4999999999999998,1.5000000000000002
+P,9.28,1.2824031611851905e-51,1.4999999999999998,1.5000000000000002
+P,9.3,9.789604145017518e-52,1.4999999999999998,1.5000000000000002
+P,9.32,7.473195880736413e-52,1.4999999999999998,1.5000000000000002
+P,9.34,5.704854016300853e-52,1.4999999999999998,1.5000000000000002
+P,9.36,4.354984502106165e-52,1.4999999999999998,1.5000000000000002
+P,9.38,3.324506334958175e-52,1.4999999999999998,1.5000000000000002
+P,9.4,2.537864318092617e-52,1.4999999999999998,1.5000000000000002
+P,9.42,1.9373432302527414e-52,1.4999999999999998,1.5000000000000002
+P,9.44,1.478933504503894e-52,1.4999999999999998,1.5000000000000002
+P,9.46,1.1289876697212711e-52,1.4999999999999998,1.5000000000000002
+P,9.48,8.618475147493415e-53,1.4999999999999998,1.5000000000000002
+P,9.5,6.579132053303302e-53,1.4999999999999998,1.5000000000000002
+P,9.52,5.022392868875595e-53,1.4999999999999998,1.5000000000000002
+P,9.540000000000001,3.833992268204549e-53,1.4999999999999998,1.5000000000000002
+P,9.56,2.9267960993197217e-53,1.4999999999999998,1.5000000000000002
+P,9.58,2.234244190646396e-53,1.4999999999999998,1.5000000000000002
+P,9.6,1.7055824384608765e-53,1.4999999999999998,1.5000000000000002
+P,9.620000000000001,1.3020068426682928e-53,1.4999999999999998,1.5000000000000002
+P,9.64,9.939270300598945e-54,1.4999999999999998,1.5000000000000002
+P,9.66,7.587394603108501e-54,1.4999999999999998,1.5000000000000002
+P,9.68,5.792082639360317e-54,1.4999999999999998,1.5000000000000002
+P,9.700000000000001,4.4215577386881863e-54,1.4999999999999998,1.5000000000000002
+P,9.72,3.375332300440386e-54,1.4999999999999998,1.5000000000000002
+P,9.74,2.576645699887628e-54,1.4999999999999998,1.5000000000000002
+P,9.76,1.966965685426104e-54,1.4999999999999998,1.5000000000000002
+P,9.78,1.501541481647546e-54,1.4999999999999998,1.5000000000000002
+P,9.8,1.1462479431422347e-54,1.4999999999999998,1.5000000000000002
+P,9.82,8.750175007412267e-55,1.4999999999999998,1.5000000000000002
+P,9.84,6.679728602890018e-55,1.4999999999999998,1.5000000000000002
+P,9.86,5.099168560845634e-55,1.4999999999999998,1.5000000000000002
+P,9.88,3.89260739449676e-55,1.4999999999999998,1.5000000000000002
+P,9.9,2.971520790137392e-55,1.4999999999999998,1.5000000000000002
+P,9.92,2.268406334633198e-55,1.4999999999999998,1.5000000000000002
+P,9.94,1.731655124398342e-55,1.4999999999999998,1.5000000000000002
+P,9.96,1.3219122807019608e-55,1.4999999999999998,1.5000000000000002
+P,9.98,1.0091153375491212e-55,1.4999999999999998,1.5000000000000002
+P,10.0,7.7034077354246575e-56,1.4999999999999998,1.5000000000000002
+P,10.02,5.880624329386282e-56,1.4999999999999998,1.5000000000000002
+P,10.040000000000001,4.4891557271898505e-56,1.4999999999999998,1.5000000000000002
+P,10.06,3.4269111219302674e-56,1.4999999999999998,1.5000000000000002
+P,10.08,2.616043247286909e-56,1.4999999999999998,1.5000000000000002
+P,10.1,1.997034052342555e-56,1.4999999999999998,1.5000000000000002
+P,10.120000000000001,1.5244974600175386e-56,1.4999999999999998,1.5000000000000002
+P,10.14,1.1637638831386378e-56,1.4999999999999998,1.5000000000000002
+P,10.16,8.88396733851213e-57,1.4999999999999998,1.5000000000000002
+P,10.18,6.78183944906397e-57,1.4999999999999998,1.5000000000000002
+P,10.200000000000001,5.177126049611949e-57,1.4999999999999998,1.5000000000000002
+P,10.22,3.9520907531884947e-57,1.4999999999999998,1.5000000000000002
+P,10.24,3.0169560749273977e-57,1.4999999999999998,1.5000000000000002
+P,10.26,2.303082727053622e-57,1.4999999999999998,1.5000000000000002
+P,10.28,1.75812914330884e-57,1.4999999999999998,1.5000000000000002
+P,10.3,1.3421125666242322e-57,1.4999999999999998,1.5000000000000002
+P,10.32,1.0245449596132522e-57,1.4999999999999998,1.5000000000000002
+P,10.34,7.821167232711248e-58,1.4999999999999998,1.5000000000000002
+P,10.36,5.970528928465032e-58,1.4999999999999998,1.5000000000000002
+P,10.38,4.5577550061001516e-58,1.4999999999999998,1.5000000000000002
+P,10.4,3.479309437059596e-58,1.4999999999999998,1.5000000000000002
+P,10.42,2.656033852517872e-58,1.4999999999999998,1.5000000000000002
+P,10.44,2.0275652571544794e-58,1.4999999999999998,1.5000000000000002
+P,10.46,1.5477934721884713e-58,1.4999999999999998,1.5000000000000002
+P,10.48,1.1815581195559866e-58,1.4999999999999998,1.5000000000000002
+P,10.5,9.019773667817937e-59,1.4999999999999998,1.5000000000000002
+P,10.52,6.885522072291221e-59,1.4999999999999998,1.5000000000000002
+P,10.540000000000001,5.2562382781497705e-59,1.4999999999999998,1.5000000000000002
+P,10.56,4.0125191942356226e-59,1.4999999999999998,1.5000000000000002
+P,10.58,3.063075304613962e-59,1.4999999999999998,1.5000000000000002
+P,10.6,2.338292888020098e-59,1.4999999999999998,1.5000000000000002
+P,10.620000000000001,1.7849953067461127e-59,1.4999999999999998,1.5000000000000002
+P,10.64,1.362633798340757e-59,1.4999999999999998,1.5000000000000002
+P,10.66,1.0402068463438226e-59,1.4999999999999998,1.5000000000000002
+P,10.68,7.940739384408033e-60,1.4999999999999998,1.5000000000000002
+P,10.700000000000001,6.061765233038875e-60,1.4999999999999998,1.5000000000000002
+P,10.72,4.6274442027541833e-60,1.4999999999999998,1.5000000000000002
+P,10.74,3.532496512738937e-60,1.4999999999999998,1.5000000000000002
+P,10.76,2.696640027181523e-60,1.4999999999999998,1.5000000000000002
+P,10.78,2.0585487032715445e-60,1.4999999999999998,1.5000000000000002
+P,10.8,1.5714596156118838e-60,1.4999999999999998,1.5000000000000002
+P,10.82,1.1996202155727943e-60,1.4999999999999998,1.5000000000000002
+P,10.84,9.157670443732441e-61,1.4999999999999998,1.5000000000000002
+P,10.86,6.990740487018868e-61,1.4999999999999998,1.5000000000000002
+P,10.88,5.336607456075338e-61,1.4999999999999998,1.5000000000000002
+P,10.9,4.073857274653378e-61,1.4999999999999998,1.5000000000000002
+P,10.92,3.1099044407370358e-61,1.4999999999999998,1.5000000000000002
+P,10.94,2.3740245969977613e-61,1.4999999999999998,1.5000000000000002
+P,10.96,1.8122883246445815e-61,1.4999999999999998,1.5000000000000002
+P,10.98,1.3834639395703912e-61,1.4999999999999998,1.5000000000000002
+P,11.0,1.0561098141651492e-61,1.4999999999999998,1.5000000000000002
+P,11.02,8.062082690118246e-62,1.4999999999999998,1.5000000000000002
+P,11.040000000000001,6.154451116512294e-62,1.4999999999999998,1.5000000000000002
+P,11.06,4.698182442472731e-62,1.4999999999999998,1.5000000000000002
+P,11.08,3.5865022891558945e-62,1.4999999999999998,1.5000000000000002
+P,11.1,2.737847677926392e-62,1.4999999999999998,1.5000000000000002
+P,11.120000000000001,2.09002441998118e-62,1.4999999999999998,1.5000000000000002
+P,11.14,1.5954820094272522e-62,1.4999999999999998,1.5000000000000002
+P,11.16,1.2179603387445718e-62,1.4999999999999998,1.5000000000000002
+P,11.18,9.297609805856505e-63,1.4999999999999998,1.5000000000000002
+P,11.200000000000001,7.097630630939367e-63,1.4999999999999998,1.5000000000000002
+P,11.22,5.41818644459931e-63,1.4999999999999998,1.5000000000000002
+P,11.24,4.1361395230112227e-63,1.4999999999999998,1.5000000000000002
+P,11.26,3.157427230116471e-63,1.4999999999999998,1.5000000000000002
+P,11.28,2.410324017826711e-63,1.4999999999999998,1.5000000000000002
+P,11.3,1.839992188879528e-63,1.4999999999999998,1.5000000000000002
+P,11.32,1.404614716062869e-63,1.4999999999999998,1.5000000000000002
+P,11.34,1.0722483435690338e-63,1.4999999999999998,1.5000000000000002
+P,11.36,8.185353920204312e-64,1.4999999999999998,1.5000000000000002
+P,11.38,6.24853221600066e-64,1.4999999999999998,1.5000000000000002
+P,11.4,4.7700095453840576e-64,1.4999999999999998,1.5000000000000002
+P,11.42,3.641308022304411e-64,1.4999999999999998,1.5000000000000002
+P,11.44,2.7797100432752263e-64,1.4999999999999998,1.5000000000000002
+P,11.46,2.121973945888011e-64,1.4999999999999998,1.5000000000000002
+P,11.48,1.6198741763742583e-64,1.4999999999999998,1.5000000000000002
+P,11.5,1.2365721236896211e-64,1.4999999999999998,1.5000000000000002
+P,11.52,9.439772549862195e-65,1.4999999999999998,1.5000000000000002
+P,11.540000000000001,7.206129809969215e-65,1.4999999999999998,1.5000000000000002
+P,11.56,5.501021166348441e-65,1.4999999999999998,1.5000000000000002
+P,11.58,4.199344322754007e-65,1.4999999999999998,1.5000000000000002
+P,11.6,3.2057050701639887e-65,1.4999999999999998,1.5000000000000002
+P,11.620000000000001,2.4471698598728847e-65,1.4999999999999998,1.5000000000000002
+P,11.64,1.868122494572191e-65,1.4999999999999998,1.5000000000000002
+P,11.66,1.4260787869315058e-65,1.4999999999999998,1.5000000000000002
+P,11.68,1.0886432848453717e-65,1.4999999999999998,1.5000000000000002
+P,11.700000000000001,8.310480772613062e-66,1.4999999999999998,1.5000000000000002
+P,11.72,6.344061491846961e-66,1.4999999999999998,1.5000000000000002
+P,11.74,4.842900582161207e-66,1.4999999999999998,1.5000000000000002
+P,11.76,3.696984518848113e-66,1.4999999999999998,1.5000000000000002
+P,11.78,2.8222025697701404e-66,1.4999999999999998,1.5000000000000002
+P,11.8,2.1544152660905858e-66,1.4999999999999998,1.5000000000000002
+P,11.82,1.6446276505635591e-66,1.4999999999999998,1.5000000000000002
+P,11.84,1.2554796160382282e-66,1.4999999999999998,1.5000000000000002
+P,11.86,9.584075293290903e-67,1.4999999999999998,1.5000000000000002
+P,11.88,7.316299100708864e-67,1.4999999999999998,1.5000000000000002
+P,11.9,5.5850828715364164e-67,1.4999999999999998,1.5000000000000002
+P,11.92,4.2635533317802585e-67,1.4999999999999998,1.5000000000000002
+P,11.94,3.2547096445649574e-67,1.4999999999999998,1.5000000000000002
+P,11.96,2.484582864480252e-67,1.4999999999999998,1.5000000000000002
+P,11.98,1.8966694784220945e-67,1.4999999999999998,1.5000000000000002
+P,12.0,1.4478838521764455e-67,1.4999999999999998,1.5000000000000002
+N +P,0.0,20.0,2.0,1.0
+N +P,0.02,19.827129595143848,1.9827129595143849,1.0172870404856151
+N +P,0.04,19.65134564133358,1.9651345641333582,1.0348654358666418
+N +P,0.06,19.472602965868308,1.9472602965868309,1.0527397034131691
+N +P,0.08,19.290855940372413,1.9290855940372413,1.0709144059627587
+N +P,0.1,19.106058495378974,1.9106058495378972,1.0893941504621028
+N +P,0.12,18.918164136986036,1.8918164136986033,1.1081835863013967
+N +P,0.14,18.727125965794727,1.8727125965794722,1.1272874034205278
+N +P,0.16,18.532896698365942,1.853289669836594,1.146710330163406
+N +P,0.18,18.33542869145343,1.8335428691453426,1.1664571308546574
+N +P,0.2,18.134673969305727,1.8134673969305724,1.1865326030694276
+N +P,0.22,17.930584254357733,1.7930584254357729,1.2069415745642271
+N +P,0.24,17.723111001677804,1.77231110016778,1.22768889983222
+N +P,0.26,17.512205437571545,1.7512205437571542,1.2487794562428458
+N +P,0.28,17.297818602800266,1.7297818602800266,1.2702181397199734
+N +P,0.3,17.079901400920022,1.7079901400920021,1.2920098599079979
+N +P,0.32,16.858404652322132,1.685840465232213,1.314159534767787
+N +P,0.34,16.633279154617245,1.6633279154617244,1.3366720845382756
+N +P,0.36,16.40447575010102,1.640447575010102,1.359552424989898
+N +P,0.38,16.171945401123853,1.6171945401123853,1.3828054598876147
+N +P,0.4,15.935639274316005,1.5935639274316005,1.4064360725683995
+N +P,0.42,15.695508834729537,1.5695508834729535,1.4304491165270465
+N +P,0.44,15.451505951126904,1.54515059511269,1.45484940488731
+N +P,0.46,15.203583013800845,1.5203583013800843,1.4796416986199157
+N +P,0.48,14.95169306654021,1.4951693066540208,1.5048306933459792
+N +P,0.5,14.695789954563653,1.4695789954563647,1.5304210045436353
+N +P,0.52,14.435828490551296,1.4435828490551292,1.5564171509448708
+N +P,0.54,14.171764641201161,1.4171764641201157,1.5828235358798843
+N +P,0.56,13.903555737167745,1.3903555737167739,1.6096444262832261
+N +P,0.58,13.63116070964865,1.3631160709648644,1.6368839290351356
+N +P,0.6,13.354540357478255,1.335454035747825,1.664545964252175
+N +P,0.62,13.073657649185702,1.30736576491857,1.69263423508143
+N +P,0.64,12.788478065325242,1.278847806532524,1.721152193467476
+N +P,0.66,12.498969987236638,1.2498969987236634,1.7501030012763366
+N +P,0.68,12.205105139603006,1.2205105139603,1.7794894860397
+N +P,0.7000000000000001,11.906859095452678,1.1906859095452673,1.8093140904547327
+N +P,0.72,11.604211854040601,1.1604211854040596,1.8395788145959404
+N +P,0.74,11.297148503926383,1.129714850392638,1.870285149607362
+N +P,0.76,10.985659986204276,1.0985659986204275,1.9014340013795725
+N +P,0.78,10.669743975767433,1.066974397576743,1.933025602423257
+N +P,0.8,10.349405902531755,1.0349405902531752,1.9650594097468248
+N +P,0.8200000000000001,10.024660139024759,1.0024660139024755,1.9975339860975243
+N +P,0.84,9.69553138696048,0.9695531386960476,2.030446861303952
+N +P,0.86,9.362056302663325,0.9362056302663321,2.063794369733668
+N +P,0.88,9.0242854111298,0.9024285411129794,2.0975714588870207
+N +P,0.9,8.682285370102726,0.868228537010272,2.131771462989728
+N +P,0.92,8.33614166151796,0.8336141661517957,2.1663858338482043
+N +P,0.9400000000000001,7.985961807240723,0.798596180724072,2.201403819275928
+N +P,0.96,7.631879232720356,0.7631879232720354,2.2368120767279644
+N +P,0.98,7.274057934963603,0.72740579349636,2.2725942065036397
+N +P,1.0,6.912698156337254,0.6912698156337251,2.308730184366275
+N +P,1.02,6.548043323442971,0.6548043323442969,2.345195667655703
+N +P,1.04,6.180388588874976,0.6180388588874974,2.3819611411125026
+N +P,1.06,5.810091413922516,0.5810091413922513,2.418990858607749
+N +P,1.08,5.437584767112118,0.5437584767112116,2.4562415232887886
+N +P,1.1,5.063393692593323,0.506339369259332,2.4936606307406683
+N +P,1.12,4.688156239842641,0.4688156239842637,2.5311843760157364
+N +P,1.1400000000000001,4.312650043781767,0.4312650043781764,2.5687349956218237
+N +P,1.16,3.937826221861354,0.393782622186135,2.606217377813865
+N +P,1.18,3.564852681639212,0.3564852681639209,2.643514731836079
+N +P,1.2,3.1951693508426047,0.3195169350842604,2.6804830649157396
+N +P,1.22,2.8305579915644303,0.2830557991564427,2.7169442008435576
+N +P,1.24,2.4732286672579664,0.2473228667257963,2.752677133274204
+N +P,1.26,2.1259223437039756,0.21259223437039715,2.7874077656296032
+N +P,1.28,1.7920220102728524,0.1792022010272849,2.8207977989727153
+N +P,1.3,1.4756484029662036,0.14756484029662006,2.85243515970338
+N +P,1.32,1.1816838566899899,0.1181683856689987,2.881831614331001
+N +P,1.34,0.9156141184341657,0.09156141184341632,2.9084385881565837
+N +P,1.36,0.6830194084080853,0.06830194084080822,2.931698059159192
+N +P,1.3800000000000001,0.4885615848405955,0.04885615848405926,2.951143841515941
+N +P,1.4000000000000001,0.33455953449065606,0.03345595344906532,2.966544046550935
+N +P,1.42,0.2197620215477769,0.021976202154777406,2.9780237978452226
+N +P,1.44,0.13924646819146094,0.01392464681914581,2.9860753531808544
+N +P,1.46,0.08577340830362329,0.00857734083036204,2.991422659169638
+N +P,1.48,0.05177568997727403,0.0051775689977271175,2.994822431002273
+N +P,1.5,0.030833173484605833,0.003083317348460301,2.99691668265154
+N +P,1.52,0.01820419013767689,0.0018204190137674076,2.998179580986233
+N +P,1.54,0.010691178698465057,0.001069117869846224,2.998930882130154
+N +P,1.56,0.006258874168565942,0.0006258874168563124,2.999374112583144
+N +P,1.58,0.0036571684325517042,0.0003657168432548883,2.9996342831567455
+N +P,1.6,0.002134564630763039,0.00021345646307602186,2.9997865435369246
+N +P,1.62,0.0012450577505176935,0.0001245057750514873,2.999875494224949
+N +P,1.6400000000000001,0.0007259445466911573,7.25944546688337e-05,2.9999274055453315
+N +P,1.6600000000000001,0.00042317529370990115,4.231752937070812e-05,2.99995768247063
+N +P,1.68,0.0002466496506730692,2.4664965067024876e-05,2.9999753350349336
+N +P,1.7,0.00014374993735782833,1.4374993735500773e-05,2.999985625006265
+N +P,1.72,8.37752171280454e-05,8.37752171252248e-06,2.9999916224782877
+N +P,1.74,4.88216249765589e-05,4.882162497373814e-06,2.999995117837503
+N +P,1.76,2.845131513267768e-05,2.8451315129857003e-06,2.9999971548684874
+N +P,1.78,1.6580157586875214e-05,1.6580157584054535e-06,2.999998341984242
+N +P,1.8,9.66212560219401e-06,9.662125599373344e-07,2.9999990337874403
+N +P,1.82,5.630611832250289e-06,5.630611829429625e-07,2.999999436938817
+N +P,1.84,3.2812367322932215e-06,3.2812367294725445e-07,2.9999996718763273
+N +P,1.86,1.912136622989817e-06,1.9121366201691414e-07,2.999999808786338
+N +P,1.8800000000000001,1.1142962865699396e-06,1.1142962837492631e-07,2.999999888570372
+N +P,1.9000000000000001,6.493542647299351e-07,6.493542619092586e-08,2.9999999350645736
+N +P,1.92,3.784107277204775e-07,3.784107248998002e-08,2.9999999621589275
+N +P,1.94,2.2051794402428578e-07,2.2051794120360905e-08,2.999999977948206
+N +P,1.96,1.285068982391544e-07,1.2850689541847728e-08,2.9999999871493106
+N +P,1.98,7.488671539765934e-08,7.48867125769827e-09,2.999999992511329
+N +P,2.0,4.364039424465077e-08,4.36403914239741e-09,2.999999995635961
+N +P,2.02,2.5430847800496863e-08,2.543084497982018e-09,2.9999999974569156
+N +P,2.04,1.4820046831535088e-08,1.482004401085845e-09,2.9999999985179957
+N +P,2.06,8.636633433659788e-09,8.636630612983165e-10,2.9999999991363375
+N +P,2.08,5.032456969806932e-09,5.032454149130297e-10,2.999999999496755
+N +P,2.1,2.932876281021723e-09,2.932873460345081e-10,2.9999999997067133
+N +P,2.12,1.7093236807153792e-09,1.7093208600387376e-10,2.9999999998290683
+N +P,2.14,9.957439019663123e-10,9.957410812896668e-11,2.9999999999004263
+N +P,2.16,5.80428161579574e-10,5.804253409029296e-11,2.999999999941958
+N +P,2.18,3.382783999997557e-10,3.3827557932311164e-11,2.999999999966173
+N +P,2.2,1.972055064001458e-10,1.9720268572350225e-11,2.99999999998028
+N +P,2.22,1.147007711213629e-10,1.1469795044471903e-11,2.9999999999885305
+N +P,2.24,6.694448532729994e-11,6.694166465065557e-12,2.9999999999933062
+N +P,2.2600000000000002,3.90179586493747e-11,3.901513797273028e-12,2.999999999996099
+N +P,2.2800000000000002,2.2747418619271397e-11,2.2744597942626937e-12,2.9999999999977263
+N +P,2.3000000000000003,1.3228941091837254e-11,1.3226120415192812e-12,2.999999999998678
+N +P,2.32,7.723376685186135e-12,7.720556008541736e-13,2.9999999999992286
+N +P,2.34,4.502537847762954e-12,4.4997171711185617e-13,2.9999999999995506
+N +P,2.36,2.6260142171284916e-12,2.623193540484104e-13,2.999999999999738
+N +P,2.38,1.5282234877162004e-12,1.5254028110718032e-13,2.999999999999848
+N +P,2.4,8.932524486787557e-13,8.904317720343561e-14,2.9999999999999116
+N +P,2.42,5.217847421712835e-13,5.189640655268834e-14,2.9999999999999485
+N +P,2.44,3.0536039917830446e-13,3.0253972253390354e-14,2.9999999999999702
+N +P,2.46,1.7874934377898883e-13,1.759286671345887e-14,2.9999999999999827
+N +P,2.48,1.0551648505070107e-13,1.026958084063016e-14,2.9999999999999902
+N +P,2.5,6.267414988842187e-14,5.985347324402245e-15,2.9999999999999947
+N +P,2.52,3.771336843327886e-14,3.4892691788879413e-15,2.999999999999997
+N +P,2.54,2.3110986649782444e-14,2.0290310005382867e-15,2.9999999999999987
+N +P,2.56,1.4664850892720144e-14,1.1844174248320583e-15,2.9999999999999996
+N +P,2.58,9.723733132008565e-15,6.903056487608995e-16,3.0
+N +P,2.6,6.844941392434304e-15,4.024264748034732e-16,3.0
+N +P,2.62,5.160810784104208e-15,2.3401341397046454e-16,3.0000000000000004
+N +P,2.64,4.186696015604666e-15,1.3660193712051076e-16,3.0000000000000004
+N +P,2.66,3.616824073920363e-15,7.961474295208059e-17,3.0000000000000004
+N +P,2.68,3.2848055473876885e-15,4.641289029881326e-17,3.0000000000000004
+N +P,2.7,3.0905703912353258e-15,2.6989374683576635e-17,3.0000000000000004
+N +P,2.72,2.978223205551521e-15,1.5754656115195997e-17,3.0000000000000004
+N +P,2.74,2.91249839476048e-15,9.182175036091906e-18,3.0000000000000004
+N +P,2.7600000000000002,2.874205835960368e-15,5.352919156080702e-18,3.0000000000000004
+N +P,2.7800000000000002,2.85180419104107e-15,3.1127546641508972e-18,3.0000000000000004
+N +P,2.8000000000000003,2.838846898390111e-15,1.8170253990550058e-18,3.0000000000000004
+N +P,2.82,2.83126668529741e-15,1.0590040897849526e-18,3.0000000000000004
+N +P,2.84,2.826850305058714e-15,6.173660659153024e-19,3.0000000000000004
+N +P,2.86,2.8242666651809945e-15,3.5900207814335406e-19,3.0000000000000004
+N +P,2.88,2.8227722669740368e-15,2.0956225744759217e-19,3.0000000000000004
+N +P,2.9,2.821898021314914e-15,1.221376915352878e-19,3.0000000000000004
+N +P,2.92,2.821388668714202e-15,7.120243146410127e-20,3.0000000000000004
+N +P,2.94,2.821090690818302e-15,4.14046418741455e-20,3.0000000000000004
+N +P,2.96,2.8209183379926685e-15,2.4169359310756676e-20,3.0000000000000004
+N +P,2.98,2.820817508970694e-15,1.4086457113304298e-20,3.0000000000000004
+N +P,3.0,2.8207587640126447e-15,8.211961308375237e-21,3.0000000000000004
+N +P,3.02,2.820724397448167e-15,4.775304860607646e-21,3.0000000000000004
+N +P,3.04,2.820704519549247e-15,2.7875149686176428e-21,3.0000000000000004
+N +P,3.06,2.820692890676325e-15,1.6246276764419918e-21,3.0000000000000004
+N +P,3.08,2.8206861154677736e-15,9.471068212642759e-22,3.0000000000000004
+N +P,3.1,2.8206821518826547e-15,5.507483093576376e-22,3.0000000000000004
+N +P,3.12,2.820679859312956e-15,3.214913395246444e-22,3.0000000000000004
+N +P,3.14,2.8206785181248463e-15,1.8737252850956408e-22,3.0000000000000004
+N +P,3.16,2.8206777367224513e-15,1.0923228899903565e-22,3.0000000000000004
+N +P,3.18,2.820677279591887e-15,6.351923261747616e-23,3.0000000000000004
+N +P,3.2,2.820677015183871e-15,3.7078430987082166e-23,3.0000000000000004
+N +P,3.22,2.820676860501164e-15,2.1610160253428455e-23,3.0000000000000004
+N +P,3.24,2.8206767703799964e-15,1.2598043528016233e-23,3.0000000000000004
+N +P,3.2600000000000002,2.8206767176579415e-15,7.325838034834782e-24,3.0000000000000004
+N +P,3.2800000000000002,2.8206766871630784e-15,4.276351725357889e-24,3.0000000000000004
+N +P,3.3000000000000003,2.82067666932312e-15,2.4923558959980073e-24,3.0000000000000004
+N +P,3.3200000000000003,2.8206766589292118e-15,1.4529650727652365e-24,3.0000000000000004
+N +P,3.34,2.82067665284864e-15,8.44907923176997e-25,3.0000000000000004
+N +P,3.36,2.8206766493315884e-15,4.932027486638318e-25,3.0000000000000004
+N +P,3.38,2.8206766472740597e-15,2.8744987725532645e-25,3.0000000000000004
+N +P,3.4,2.820676646075303e-15,1.6757423468023898e-25,3.0000000000000004
+N +P,3.42,2.8206766453740153e-15,9.744542470810397e-26,3.0000000000000004
+N +P,3.44,2.8206766449683846e-15,5.688235367711762e-26,3.0000000000000004
+N +P,3.46,2.820676644731084e-15,3.315234074988135e-26,3.0000000000000004
+N +P,3.48,2.8206766445928288e-15,1.9326771616900492e-26,3.0000000000000004
+N +P,3.5,2.8206766445119473e-15,1.1238633863011006e-26,3.0000000000000004
+N +P,3.52,2.8206766444651647e-15,6.560389553007303e-27,3.0000000000000004
+N +P,3.54,2.8206766444377963e-15,3.823545543628795e-27,3.0000000000000004
+N +P,3.56,2.8206766444218507e-15,2.229006755391652e-27,3.0000000000000004
+N +P,3.58,2.8206766444125224e-15,1.296180826192333e-27,3.0000000000000004
+N +P,3.6,2.820676644407127e-15,7.566267621679152e-28,3.0000000000000004
+N +P,3.62,2.8206766444039707e-15,4.409794359469492e-28,3.0000000000000004
+N +P,3.64,2.8206766444021315e-15,2.5707713704429264e-28,3.0000000000000004
+N +P,3.66,2.8206766444010555e-15,1.4949190040955349e-28,3.0000000000000004
+N +P,3.68,2.8206766444004335e-15,8.726372917386863e-29,3.0000000000000004
+N +P,3.7,2.8206766444000694e-15,5.085930341594219e-29,3.0000000000000004
+N +P,3.72,2.8206766443998572e-15,2.964937375404154e-29,3.0000000000000004
+N +P,3.74,2.8206766443997334e-15,1.724128905201412e-29,3.0000000000000004
+N +P,3.7600000000000002,2.8206766443996616e-15,1.0064352478772137e-29,3.0000000000000004
+N +P,3.7800000000000002,2.8206766443996194e-15,5.865735526646995e-30,3.0000000000000004
+N +P,3.8000000000000003,2.820676644399595e-15,3.4195392640277736e-30,3.0000000000000004
+N +P,3.8200000000000003,2.8206766443995807e-15,1.9884826359199276e-30,3.0000000000000004
+N +P,3.84,2.8206766443995725e-15,1.1607479049532035e-30,3.0000000000000004
+N +P,3.86,2.8206766443995673e-15,6.765105095361012e-31,3.0000000000000004
+N +P,3.88,2.8206766443995646e-15,3.9438434265864028e-31,3.0000000000000004
+N +P,3.9,2.820676644399563e-15,2.293368657892483e-31,3.0000000000000004
+N +P,3.92,2.8206766443995618e-15,1.3387206993148307e-31,3.0000000000000004
+N +P,3.94,2.8206766443995614e-15,7.802371372417127e-32,3.0000000000000004
+N +P,3.96,2.820676644399561e-15,4.548537031596768e-32,3.0000000000000004
+N +P,3.98,2.8206766443995606e-15,2.645001623849073e-32,3.0000000000000004
+N +P,4.0,2.8206766443995606e-15,1.5439813443782827e-32,3.0000000000000004
+N +P,4.0200000000000005,2.8206766443995606e-15,8.998677503895109e-33,3.0000000000000004
+N +P,4.04,2.8206766443995606e-15,5.245945868016788e-33,3.0000000000000004
+N +P,4.0600000000000005,2.8206766443995606e-15,3.050549054155371e-33,3.0000000000000004
+N +P,4.08,2.8206766443995606e-15,1.780713776225532e-33,3.0000000000000004
+N +P,4.1,2.8206766443995606e-15,1.0378408429183165e-33,3.0000000000000004
+N +P,4.12,2.8206766443995606e-15,6.0502855883096e-34,3.0000000000000004
+N +P,4.14,2.8206766443995606e-15,3.5182774361654627e-34,3.0000000000000004
+N +P,4.16,2.8206766443995606e-15,2.0537434369818707e-34,3.0000000000000004
+N +P,4.18,2.8206766443995606e-15,1.1969687932067033e-34,3.0000000000000004
+N +P,4.2,2.8206766443995606e-15,6.977951473591114e-35,3.0000000000000004
+N +P,4.22,2.8206766443995606e-15,4.0577207243950265e-35,3.0000000000000004
+N +P,4.24,2.8206766443995606e-15,2.368635634350139e-35,3.0000000000000004
+N +P,4.26,2.8206766443995606e-15,1.3804951902663183e-35,3.0000000000000004
+N +P,4.28,2.8206766443995606e-15,8.047852627299727e-36,3.0000000000000004
+N +P,4.3,2.8206766443995606e-15,4.679874676151001e-36,3.0000000000000004
+N +P,4.32,2.8206766443995606e-15,2.7318089822155074e-36,3.0000000000000004
+N +P,4.34,2.8206766443995606e-15,1.59216094952886e-36,3.0000000000000004
+N +P,4.36,2.8206766443995606e-15,9.281797409433769e-37,3.0000000000000004
+N +P,4.38,2.8206766443995606e-15,5.397420983857089e-37,3.0000000000000004
+N +P,4.4,2.8206766443995606e-15,3.1506662346406173e-37,3.0000000000000004
+N +P,4.42,2.8206766443995606e-15,1.836280565900195e-37,3.0000000000000004
+N +P,4.44,2.8206766443995606e-15,1.0704937967866602e-37,3.0000000000000004
+N +P,4.46,2.8206766443995606e-15,6.224985772683117e-38,3.0000000000000004
+N +P,4.48,2.8206766443995606e-15,3.6337451801090953e-38,3.0000000000000004
+N +P,4.5,2.8206766443995606e-15,2.1178300583873097e-38,3.0000000000000004
+N +P,4.5200000000000005,2.8206766443995606e-15,1.234628292785167e-38,3.0000000000000004
+N +P,4.54,2.8206766443995606e-15,7.179437732576426e-39,3.0000000000000004
+N +P,4.5600000000000005,2.8206766443995606e-15,4.190892671775908e-39,3.0000000000000004
+N +P,4.58,2.8206766443995606e-15,2.442548398920927e-39,3.0000000000000004
+N +P,4.6000000000000005,2.8206766443995606e-15,1.4239288690147632e-39,3.0000000000000004
+N +P,4.62,2.8206766443995606e-15,8.280231961676619e-40,3.0000000000000004
+N +P,4.64,2.8206766443995606e-15,4.833465341071871e-40,3.0000000000000004
+N +P,4.66,2.8206766443995606e-15,2.8170544928490764e-40,3.0000000000000004
+N +P,4.68,2.8206766443995606e-15,1.6422541390491007e-40,3.0000000000000004
+N +P,4.7,2.8206766443995606e-15,9.549806529843313e-41,3.0000000000000004
+N +P,4.72,2.8206766443995606e-15,5.574561085918266e-41,3.0000000000000004
+N +P,4.74,2.8206766443995606e-15,3.2489820955797256e-41,3.0000000000000004
+N +P,4.76,2.8206766443995606e-15,1.8940543421174064e-41,3.0000000000000004
+N +P,4.78,2.8206766443995606e-15,1.1014039845686855e-41,3.0000000000000004
+N +P,4.8,2.8206766443995606e-15,6.429286052094528e-42,3.0000000000000004
+N +P,4.82,2.8206766443995606e-15,3.7471354154467523e-42,3.0000000000000004
+N +P,4.84,2.8206766443995606e-15,2.184462054680094e-42,3.0000000000000004
+N +P,4.86,2.8206766443995606e-15,1.2702778149828626e-42,3.0000000000000004
+N +P,4.88,2.8206766443995606e-15,7.415062549780586e-43,3.0000000000000004
+N +P,4.9,2.8206766443995606e-15,4.32166857453541e-43,3.0000000000000004
+N +P,4.92,2.8206766443995606e-15,2.5193968104433794e-43,3.0000000000000004
+N +P,4.94,2.8206766443995606e-15,1.4650443886576638e-43,3.0000000000000004
+N +P,4.96,2.8206766443995606e-15,8.551984181703622e-44,3.0000000000000004
+N +P,4.98,2.8206766443995606e-15,4.984292585513803e-44,3.0000000000000004
+N +P,5.0,2.8206766443995606e-15,2.9056857613404946e-44,3.0000000000000004
+N +P,5.0200000000000005,2.8206766443995606e-15,1.6896737354785497e-44,3.0000000000000004
+N +P,5.04,2.8206766443995606e-15,9.863225421647915e-45,3.0000000000000004
+N +P,5.0600000000000005,2.8206766443995606e-15,5.748514063385175e-45,3.0000000000000004
+N +P,5.08,2.8206766443995606e-15,3.3512028389725417e-45,3.0000000000000004
+N +P,5.1000000000000005,2.8206766443995606e-15,1.9487445939992968e-45,3.0000000000000004
+N +P,5.12,2.8206766443995606e-15,1.1375513991989552e-45,3.0000000000000004
+N +P,5.14,2.8206766443995606e-15,6.629910537952876e-46,3.0000000000000004
+N +P,5.16,2.8206766443995606e-15,3.865029253114019e-46,3.0000000000000004
+N +P,5.18,2.8206766443995606e-15,2.2475377422885724e-46,3.0000000000000004
+N +P,5.2,2.8206766443995606e-15,1.311967566896887e-46,3.0000000000000004
+N +P,5.22,2.8206766443995606e-15,7.646447978831732e-47,3.0000000000000004
+N +P,5.24,2.8206766443995606e-15,4.457638598804495e-47,3.0000000000000004
+N +P,5.26,2.8206766443995606e-15,2.592143638815658e-47,3.0000000000000004
+N +P,5.28,2.8206766443995606e-15,1.5131262620760416e-47,3.0000000000000004
+N +P,5.3,2.8206766443995606e-15,8.818847005291829e-48,3.0000000000000004
+N +P,5.32,2.8206766443995606e-15,5.141110345165293e-48,3.0000000000000004
+N +P,5.34,2.8206766443995606e-15,2.9895865674805656e-48,3.0000000000000004
+N +P,5.36,2.8206766443995606e-15,1.74512780860867e-48,3.0000000000000004
+N +P,5.38,2.8206766443995606e-15,1.0171005245579781e-48,3.0000000000000004
+N +P,5.4,2.8206766443995606e-15,5.929376057596089e-49,3.0000000000000004
+N +P,5.42,2.8206766443995606e-15,3.447967817302655e-49,3.0000000000000004
+N +P,5.44,2.8206766443995606e-15,2.0127012164871477e-49,3.0000000000000004
+N +P,5.46,2.8206766443995606e-15,1.1730484454887395e-49,3.0000000000000004
+N +P,5.48,2.8206766443995606e-15,6.8385033722247655e-50,3.0000000000000004
+N +P,5.5,2.8206766443995606e-15,3.976630815267313e-50,3.0000000000000004
+N +P,5.5200000000000005,2.8206766443995606e-15,2.3213005757318276e-50,3.0000000000000004
+N +P,5.54,2.8206766443995606e-15,1.3529072321161055e-50,3.0000000000000004
+N +P,5.5600000000000005,2.8206766443995606e-15,7.887023511018434e-51,3.0000000000000004
+N +P,5.58,2.8206766443995606e-15,4.586351578334975e-51,3.0000000000000004
+N +P,5.6000000000000005,2.8206766443995606e-15,2.6772162299864746e-51,3.0000000000000004
+N +P,5.62,2.8206766443995606e-15,1.56034304103225e-51,3.0000000000000004
+N +P,5.64,2.8206766443995606e-15,9.096309013461983e-52,3.0000000000000004
+N +P,5.66,2.8206766443995606e-15,5.289558366680565e-52,3.0000000000000004
+N +P,5.68,2.8206766443995606e-15,3.0877029959136584e-52,3.0000000000000004
+N +P,5.7,2.8206766443995606e-15,1.799584145832153e-52,3.0000000000000004
+N +P,5.72,2.8206766443995606e-15,1.0491009384312627e-52,3.0000000000000004
+N +P,5.74,2.8206766443995606e-15,6.100585015481615e-53,3.0000000000000004
+N +P,5.76,2.8206766443995606e-15,3.561128041952072e-53,3.0000000000000004
+N +P,5.78,2.8206766443995606e-15,2.0755071242462404e-53,3.0000000000000004
+N +P,5.8,2.8206766443995606e-15,1.2099553537468254e-53,3.0000000000000004
+N +P,5.82,2.8206766443995606e-15,7.035963109047282e-54,3.0000000000000004
+N +P,5.84,2.8206766443995606e-15,4.107141440728016e-54,3.0000000000000004
+N +P,5.86,2.8206766443995606e-15,2.3937362599984425e-54,3.0000000000000004
+N +P,5.88,2.8206766443995606e-15,1.3954729277524645e-54,3.0000000000000004
+N +P,5.9,2.8206766443995606e-15,8.114758952829717e-55,3.0000000000000004
+N +P,5.92,2.8206766443995606e-15,4.736872871579879e-55,3.0000000000000004
+N +P,5.94,2.8206766443995606e-15,2.7607581855505415e-55,3.0000000000000004
+N +P,5.96,2.8206766443995606e-15,1.6094351630907248e-55,3.0000000000000004
+N +P,5.98,2.8206766443995606e-15,9.35896221198889e-56,3.0000000000000004
+N +P,6.0,2.8206766443995606e-15,5.463158482687446e-56,3.0000000000000004
+N +P,6.0200000000000005,2.8206766443995606e-15,3.1840541025558073e-56,3.0000000000000004
+N +P,6.04,2.8206766443995606e-15,1.8562033649515936e-56,3.0000000000000004
+N +P,6.0600000000000005,2.8206766443995606e-15,1.079393413835201e-56,3.0000000000000004
+N +P,6.08,2.8206766443995606e-15,6.300802537055471e-57,3.0000000000000004
+N +P,6.1000000000000005,2.8206766443995606e-15,3.6722522751411536e-57,3.0000000000000004
+N +P,6.12,2.8206766443995606e-15,2.140807539858331e-57,3.0000000000000004
+N +P,6.140000000000001,2.8206766443995606e-15,1.2448924522189133e-57,3.0000000000000004
+N +P,6.16,2.8206766443995606e-15,7.266879175621818e-58,3.0000000000000004
+N +P,6.18,2.8206766443995606e-15,4.235303904369702e-58,3.0000000000000004
+N +P,6.2,2.8206766443995606e-15,2.4690489249454585e-58,3.0000000000000004
+N +P,6.22,2.8206766443995606e-15,1.4357667906138177e-58,3.0000000000000004
+N +P,6.24,2.8206766443995606e-15,8.381080448485979e-59,3.0000000000000004
+N +P,6.26,2.8206766443995606e-15,4.8846859688253845e-59,3.0000000000000004
+N +P,6.28,2.8206766443995606e-15,2.8476182376384374e-59,3.0000000000000004
+N +P,6.3,2.8206766443995606e-15,1.6559071214183264e-59,3.0000000000000004
+N +P,6.32,2.8206766443995606e-15,9.666117708360355e-60,3.0000000000000004
+N +P,6.34,2.8206766443995606e-15,5.633635165925634e-60,3.0000000000000004
+N +P,6.36,2.8206766443995606e-15,3.284232056078087e-60,3.0000000000000004
+N +P,6.38,2.8206766443995606e-15,1.9098006812037162e-60,3.0000000000000004
+N +P,6.4,2.8206766443995606e-15,1.1148184548062076e-60,3.0000000000000004
+N +P,6.42,2.8206766443995606e-15,6.497417722512379e-61,3.0000000000000004
+N +P,6.44,2.8206766443995606e-15,3.7877901102065436e-61,3.0000000000000004
+N +P,6.46,2.8206766443995606e-15,2.2026227164251115e-61,3.0000000000000004
+N +P,6.48,2.8206766443995606e-15,1.2857490718343057e-61,3.0000000000000004
+N +P,6.5,2.8206766443995606e-15,7.493640574412861e-62,3.0000000000000004
+N +P,6.5200000000000005,2.8206766443995606e-15,4.3685566896610385e-62,3.0000000000000004
+N +P,6.54,2.8206766443995606e-15,2.5403419732024293e-62,3.0000000000000004
+N +P,6.5600000000000005,2.8206766443995606e-15,1.482887790918436e-62,3.0000000000000004
+N +P,6.58,2.8206766443995606e-15,8.642610257905661e-63,3.0000000000000004
+N +P,6.6000000000000005,2.8206766443995606e-15,5.038369866206838e-63,3.0000000000000004
+N +P,6.62,2.8206766443995606e-15,2.929842361422141e-63,3.0000000000000004
+N +P,6.640000000000001,2.8206766443995606e-15,1.7102529946359665e-63,3.0000000000000004
+N +P,6.66,2.8206766443995606e-15,9.967746828571533e-64,3.0000000000000004
+N +P,6.68,2.8206766443995606e-15,5.8108827954049496e-64,3.0000000000000004
+N +P,6.7,2.8206766443995606e-15,3.379063273108468e-64,3.0000000000000004
+N +P,6.72,2.8206766443995606e-15,1.9724791879565983e-64,3.0000000000000004
+N +P,6.74,2.8206766443995606e-15,1.1496061244647722e-64,3.0000000000000004
+N +P,6.76,2.8206766443995606e-15,6.701842016087692e-65,3.0000000000000004
+N +P,6.78,2.8206766443995606e-15,3.897161415240453e-65,3.0000000000000004
+N +P,6.8,2.8206766443995606e-15,2.2749114658032068e-65,3.0000000000000004
+N +P,6.82,2.8206766443995606e-15,1.3258705945646972e-65,3.0000000000000004
+N +P,6.84,2.8206766443995606e-15,7.729408420371651e-66,3.0000000000000004
+N +P,6.86,2.8206766443995606e-15,4.494697455743922e-66,3.0000000000000004
+N +P,6.88,2.8206766443995606e-15,2.623714464944209e-66,3.0000000000000004
+N +P,6.9,2.8206766443995606e-15,1.529160984898078e-66,3.0000000000000004
+N +P,6.92,2.8206766443995606e-15,8.914527436710758e-67,3.0000000000000004
+N +P,6.94,2.8206766443995606e-15,5.183851287162122e-67,3.0000000000000004
+N +P,6.96,2.8206766443995606e-15,3.025998021037991e-67,3.0000000000000004
+N +P,6.98,2.8206766443995606e-15,1.7636210708044705e-67,3.0000000000000004
+N +P,7.0,2.8206766443995606e-15,1.0281355971618378e-67,3.0000000000000004
+N +P,7.0200000000000005,2.8206766443995606e-15,5.978670295832471e-68,3.0000000000000004
+N +P,7.04,2.8206766443995606e-15,3.4899620921670247e-68,3.0000000000000004
+N +P,7.0600000000000005,2.8206766443995606e-15,2.034029975982381e-68,3.0000000000000004
+N +P,7.08,2.8206766443995606e-15,1.1857754812647083e-68,3.0000000000000004
+N +P,7.1000000000000005,2.8206766443995606e-15,6.895355697180156e-69,3.0000000000000004
+N +P,7.12,2.8206766443995606e-15,4.0250639029119544e-69,3.0000000000000004
+N +P,7.140000000000001,2.8206766443995606e-15,2.345899587890341e-69,3.0000000000000004
+N +P,7.16,2.8206766443995606e-15,1.367585652952737e-69,3.0000000000000004
+N +P,7.18,2.8206766443995606e-15,7.952592773643697e-70,3.0000000000000004
+N +P,7.2,2.8206766443995606e-15,4.642210715952357e-70,3.0000000000000004
+N +P,7.22,2.8206766443995606e-15,2.7055869094586303e-70,3.0000000000000004
+N +P,7.24,2.8206766443995606e-15,1.5772720449300233e-70,3.0000000000000004
+N +P,7.26,2.8206766443995606e-15,9.171931746650514e-71,3.0000000000000004
+N +P,7.28,2.8206766443995606e-15,5.353982160559513e-71,3.0000000000000004
+N +P,7.3,2.8206766443995606e-15,3.120423637235331e-71,3.0000000000000004
+N +P,7.32,2.8206766443995606e-15,1.8191088056139937e-71,3.0000000000000004
+N +P,7.34,2.8206766443995606e-15,1.0578227046153942e-71,3.0000000000000004
+N +P,7.36,2.8206766443995606e-15,6.174886649821083e-72,3.0000000000000004
+N +P,7.38,2.8206766443995606e-15,3.5988656072281227e-72,3.0000000000000004
+N +P,7.4,2.8206766443995606e-15,2.098025421359274e-72,3.0000000000000004
+N +P,7.42,2.8206766443995606e-15,1.220014393160567e-72,3.0000000000000004
+N +P,7.44,2.8206766443995606e-15,7.121657113282625e-73,3.0000000000000004
+N +P,7.46,2.8206766443995606e-15,4.1506651546724276e-73,3.0000000000000004
+N +P,7.48,2.8206766443995606e-15,2.4197071967797093e-73,3.0000000000000004
+N +P,7.5,2.8206766443995606e-15,1.4070742791061554e-73,3.0000000000000004
+N +P,7.5200000000000005,2.8206766443995606e-15,8.2135920730849e-74,3.0000000000000004
+N +P,7.54,2.8206766443995606e-15,4.787069901029393e-74,3.0000000000000004
+N +P,7.5600000000000005,2.8206766443995606e-15,2.7907111413140114e-74,3.0000000000000004
+N +P,7.58,2.8206766443995606e-15,1.6228153028531037e-74,3.0000000000000004
+N +P,7.6000000000000005,2.8206766443995606e-15,9.472949015927924e-75,3.0000000000000004
+N +P,7.62,2.8206766443995606e-15,5.521052020191541e-75,3.0000000000000004
+N +P,7.640000000000001,2.8206766443995606e-15,3.218599624210563e-75,3.0000000000000004
+N +P,7.66,2.8206766443995606e-15,1.8716350275747158e-75,3.0000000000000004
+N +P,7.68,2.8206766443995606e-15,1.0925398079170158e-75,3.0000000000000004
+N +P,7.7,2.8206766443995606e-15,6.367572657149911e-76,3.0000000000000004
+N +P,7.72,2.8206766443995606e-15,3.7120945222909583e-76,3.0000000000000004
+N +P,7.74,2.8206766443995606e-15,2.158605277067238e-76,3.0000000000000004
+N +P,7.76,2.8206766443995606e-15,1.2600545298791034e-76,3.0000000000000004
+N +P,7.78,2.8206766443995606e-15,7.343886888911857e-77,3.0000000000000004
+N +P,7.8,2.8206766443995606e-15,4.281255002570518e-77,3.0000000000000004
+N +P,7.82,2.8206766443995606e-15,2.4895755174132154e-77,3.0000000000000004
+N +P,7.84,2.8206766443995606e-15,1.4532536084848386e-77,3.0000000000000004
+N +P,7.86,2.8206766443995606e-15,8.469895443842124e-78,3.0000000000000004
+N +P,7.88,2.8206766443995606e-15,4.937682563568329e-78,3.0000000000000004
+N +P,7.9,2.8206766443995606e-15,2.8712920897348225e-78,3.0000000000000004
+N +P,7.92,2.8206766443995606e-15,1.676075122540061e-78,3.0000000000000004
+N +P,7.94,2.8206766443995606e-15,9.768550348717276e-79,3.0000000000000004
+N +P,7.96,2.8206766443995606e-15,5.694757514777607e-79,3.0000000000000004
+N +P,7.98,2.8206766443995606e-15,3.311535724427311e-79,3.0000000000000004
+N +P,8.0,2.8206766443995606e-15,1.9330609605894318e-79,3.0000000000000004
+N +P,8.02,2.8206766443995606e-15,1.1266322772001402e-79,3.0000000000000004
+N +P,8.040000000000001,2.8206766443995606e-15,6.5679117145757686e-80,3.0000000000000004
+N +P,8.06,2.8206766443995606e-15,3.819280139894071e-80,3.0000000000000004
+N +P,8.08,2.8206766443995606e-15,2.2294494006281325e-80,3.0000000000000004
+N +P,8.1,2.8206766443995606e-15,1.2993742599645002e-80,3.0000000000000004
+N +P,8.120000000000001,2.8206766443995606e-15,7.5749431259396865e-81,3.0000000000000004
+N +P,8.14,2.8206766443995606e-15,4.404874958584352e-81,3.0000000000000004
+N +P,8.16,2.8206766443995606e-15,2.5712818846879867e-81,3.0000000000000004
+N +P,8.18,2.8206766443995606e-15,1.4986020741871302e-81,3.0000000000000004
+N +P,8.2,2.8206766443995606e-15,8.736378601722754e-82,3.0000000000000004
+N +P,8.22,2.8206766443995606e-15,5.080256668813774e-82,3.0000000000000004
+N +P,8.24,2.8206766443995606e-15,2.965526164739263e-82,3.0000000000000004
+N +P,8.26,2.8206766443995606e-15,1.7283766855743722e-82,3.0000000000000004
+N +P,8.28,2.8206766443995606e-15,1.0075892294329468e-82,3.0000000000000004
+N +P,8.3,2.8206766443995606e-15,5.859191932504432e-83,3.0000000000000004
+N +P,8.32,2.8206766443995606e-15,3.420218330056871e-83,3.0000000000000004
+N +P,8.34,2.8206766443995606e-15,1.9933817113241267e-83,3.0000000000000004
+N +P,8.36,2.8206766443995606e-15,1.1620788218462692e-83,3.0000000000000004
+N +P,8.38,2.8206766443995606e-15,6.757558198322449e-84,3.0000000000000004
+N +P,8.4,2.8206766443995606e-15,3.944626611070664e-84,3.0000000000000004
+N +P,8.42,2.8206766443995606e-15,2.2990188887678497e-84,3.0000000000000004
+N +P,8.44,2.8206766443995606e-15,1.3402556803267931e-84,3.0000000000000004
+N +P,8.46,2.8206766443995606e-15,7.793667340095248e-85,3.0000000000000004
+N +P,8.48,2.8206766443995606e-15,4.5494402985987926e-85,3.0000000000000004
+N +P,8.5,2.8206766443995606e-15,2.6515181818340363e-85,3.0000000000000004
+N +P,8.52,2.8206766443995606e-15,1.545751677837423e-85,3.0000000000000004
+N +P,8.540000000000001,2.8206766443995606e-15,8.988638917405806e-86,3.0000000000000004
+N +P,8.56,2.8206766443995606e-15,5.2469876293048374e-86,3.0000000000000004
+N +P,8.58,2.8206766443995606e-15,3.0580647696915523e-86,3.0000000000000004
+N +P,8.6,2.8206766443995606e-15,1.7827555477732286e-86,3.0000000000000004
+N +P,8.620000000000001,2.8206766443995606e-15,1.0366830666718208e-86,3.0000000000000004
+N +P,8.64,2.8206766443995606e-15,6.051487078653653e-87,3.0000000000000004
+N +P,8.66,2.8206766443995606e-15,3.526945506049576e-87,3.0000000000000004
+N +P,8.68,2.8206766443995606e-15,2.0560982651253493e-87,3.0000000000000004
+N +P,8.700000000000001,2.8206766443995606e-15,1.1956334997981736e-87,3.0000000000000004
+N +P,8.72,2.8206766443995606e-15,6.979337183602992e-88,3.0000000000000004
+N +P,8.74,2.8206766443995606e-15,4.0677178344714907e-88,3.0000000000000004
+N +P,8.76,2.8206766443995606e-15,2.3713515187945416e-88,3.0000000000000004
+N +P,8.78,2.8206766443995606e-15,1.3789551617054744e-88,3.0000000000000004
+N +P,8.8,2.8206766443995606e-15,8.04945080263822e-89,3.0000000000000004
+N +P,8.82,2.8206766443995606e-15,4.691404602792005e-89,3.0000000000000004
+N +P,8.84,2.8206766443995606e-15,2.7349412822672173e-89,3.0000000000000004
+N +P,8.86,2.8206766443995606e-15,1.5903847946004944e-89,3.0000000000000004
+N +P,8.88,2.8206766443995606e-15,9.283640626550735e-90,3.0000000000000004
+N +P,8.9,2.8206766443995606e-15,5.410718747643271e-90,3.0000000000000004
+N +P,8.92,2.8206766443995606e-15,3.154278797624836e-90,3.0000000000000004
+N +P,8.94,2.8206766443995606e-15,1.8342320803006768e-90,3.0000000000000004
+N +P,8.96,2.8206766443995606e-15,1.0707063798029639e-90,3.0000000000000004
+N +P,8.98,2.8206766443995606e-15,6.240322428953837e-91,3.0000000000000004
+N +P,9.0,2.8206766443995606e-15,3.6379116428044605e-91,3.0000000000000004
+N +P,9.02,2.8206766443995606e-15,2.1154674867535317e-91,3.0000000000000004
+N +P,9.040000000000001,2.8206766443995606e-15,1.2348734702979522e-91,3.0000000000000004
+N +P,9.06,2.8206766443995606e-15,7.197125896493168e-92,3.0000000000000004
+N +P,9.08,2.8206766443995606e-15,4.195697961390716e-92,3.0000000000000004
+N +P,9.1,2.8206766443995606e-15,2.439823583708083e-92,3.0000000000000004
+N +P,9.120000000000001,2.8206766443995606e-15,1.4242116386064893e-92,3.0000000000000004
+N +P,9.14,2.8206766443995606e-15,8.300632180419705e-93,3.0000000000000004
+N +P,9.16,2.8206766443995606e-15,4.839007406360648e-93,3.0000000000000004
+N +P,9.18,2.8206766443995606e-15,2.8139118927099366e-93,3.0000000000000004
+N +P,9.200000000000001,2.8206766443995606e-15,1.6425802645617678e-93,3.0000000000000004
+N +P,9.22,2.8206766443995606e-15,9.573334631841836e-94,3.0000000000000004
+N +P,9.24,2.8206766443995606e-15,5.580952893723995e-94,3.0000000000000004
+N +P,9.26,2.8206766443995606e-15,3.2453576532373725e-94,3.0000000000000004
+N +P,9.28,2.8206766443995606e-15,1.8944304711396073e-94,3.0000000000000004
+N +P,9.3,2.8206766443995606e-15,1.1041175416663757e-94,3.0000000000000004
+N +P,9.32,2.8206766443995606e-15,6.436657890009324e-95,3.0000000000000004
+N +P,9.34,2.8206766443995606e-15,3.7429552519789305e-95,3.0000000000000004
+N +P,9.36,2.8206766443995606e-15,2.1848958540480384e-95,3.0000000000000004
+N +P,9.38,2.8206766443995606e-15,1.2734074308451088e-95,3.0000000000000004
+N +P,9.4,2.8206766443995606e-15,7.423564681868137e-96,3.0000000000000004
+N +P,9.42,2.8206766443995606e-15,4.316847483463608e-96,3.0000000000000004
+N +P,9.44,2.8206766443995606e-15,2.519897122518796e-96,3.0000000000000004
+N +P,9.46,2.8206766443995606e-15,1.468653855896827e-96,3.0000000000000004
+N +P,9.48,2.8206766443995606e-15,8.561789911410767e-97,3.0000000000000004
+N +P,9.5,2.8206766443995606e-15,4.978732295994053e-97,3.0000000000000004
+N +P,9.52,2.8206766443995606e-15,2.906262784248355e-97,3.0000000000000004
+N +P,9.540000000000001,2.8206766443995606e-15,1.6938366277704885e-97,3.0000000000000004
+N +P,9.56,2.8206766443995606e-15,9.874534624339871e-98,3.0000000000000004
+N +P,9.58,2.8206766443995606e-15,5.742101237101348e-98,3.0000000000000004
+N +P,9.6,2.8206766443995606e-15,3.351868334475645e-98,3.0000000000000004
+N +P,9.620000000000001,2.8206766443995606e-15,1.9535457657753706e-98,3.0000000000000004
+N +P,9.64,2.8206766443995606e-15,1.1388557189114697e-98,3.0000000000000004
+N +P,9.66,2.8206766443995606e-15,6.622514458881273e-99,3.0000000000000004
+N +P,9.68,2.8206766443995606e-15,3.865796786358477e-99,3.0000000000000004
+N +P,9.700000000000001,2.8206766443995606e-15,2.2530750583674202e-99,3.0000000000000004
+N +P,9.72,2.8206766443995606e-15,1.3134718726899665e-99,3.0000000000000004
+N +P,9.74,2.8206766443995606e-15,7.637917888788884e-100,3.0000000000000004
+N +P,9.76,2.8206766443995606e-15,4.458523814825556e-100,3.0000000000000004
+N +P,9.78,2.8206766443995606e-15,2.598529969234032e-100,3.0000000000000004
+N +P,9.8,2.8206766443995606e-15,1.5148612170088376e-100,3.0000000000000004
+N +P,9.82,2.8206766443995606e-15,8.80900903094934e-101,3.0000000000000004
+N +P,9.84,2.8206766443995606e-15,5.1421312877882373e-101,3.0000000000000004
+N +P,9.86,2.8206766443995606e-15,2.996952088182691e-101,3.0000000000000004
+N +P,9.88,2.8206766443995606e-15,1.7471287771831256e-101,3.0000000000000004
+N +P,9.9,2.8206766443995606e-15,1.0159658854312185e-101,3.0000000000000004
+N +P,9.92,2.8206766443995606e-15,5.9305535372329226e-102,3.0000000000000004
+N +P,9.94,2.8206766443995606e-15,3.456462663584445e-102,3.0000000000000004
+N +P,9.96,2.8206766443995606e-15,2.015008985502082e-102,3.0000000000000004
+N +P,9.98,2.8206766443995606e-15,1.1717398367212363e-102,3.0000000000000004
+N +P,10.0,2.8206766443995606e-15,6.839861390065048e-103,3.0000000000000004
+N +P,10.02,2.8206766443995606e-15,3.9864281420657144e-103,3.0000000000000004
+N +P,10.040000000000001,2.8206766443995606e-15,2.323962185661439e-103,3.0000000000000004
+N +P,10.06,2.8206766443995606e-15,1.3513979796445944e-103,3.0000000000000004
+N +P,10.08,2.8206766443995606e-15,7.888589748256488e-104,3.0000000000000004
+N +P,10.1,2.8206766443995606e-15,4.597651089733819e-104,3.0000000000000004
+N +P,10.120000000000001,2.8206766443995606e-15,2.6802859338309205e-104,3.0000000000000004
+N +P,10.14,2.8206766443995606e-15,1.5586023809667678e-104,3.0000000000000004
+N +P,10.16,2.8206766443995606e-15,9.098115395538478e-105,3.0000000000000004
+N +P,10.18,2.8206766443995606e-15,5.302590386585447e-105,3.0000000000000004
+N +P,10.200000000000001,2.8206766443995606e-15,3.0912433650668816e-105,3.0000000000000004
+N +P,10.22,2.8206766443995606e-15,1.7975765973799857e-105,3.0000000000000004
+N +P,10.24,2.8206766443995606e-15,1.0493092731666323e-105,3.0000000000000004
+N +P,10.26,2.8206766443995606e-15,6.115615182433084e-106,3.0000000000000004
+N +P,10.28,2.8206766443995606e-15,3.5652112416272607e-106,3.0000000000000004
+N +P,10.3,2.8206766443995606e-15,2.0731917664873085e-106,3.0000000000000004
+N +P,10.32,2.8206766443995606e-15,1.210195631606819e-106,3.0000000000000004
+N +P,10.34,2.8206766443995606e-15,7.053297790873085e-107,3.0000000000000004
+N +P,10.36,2.8206766443995606e-15,4.111850700939793e-107,3.0000000000000004
+N +P,10.38,2.8206766443995606e-15,2.3910658977734792e-107,3.0000000000000004
+N +P,10.4,2.8206766443995606e-15,1.395750046447593e-107,3.0000000000000004
+N +P,10.42,2.8206766443995606e-15,8.134751491499578e-108,3.0000000000000004
+N +P,10.44,2.8206766443995606e-15,4.7423041836651564e-108,3.0000000000000004
+N +P,10.46,2.8206766443995606e-15,2.7576783874565436e-108,3.0000000000000004
+N +P,10.48,2.8206766443995606e-15,1.6097547712776533e-108,3.0000000000000004
+N +P,10.5,2.8206766443995606e-15,9.382020125973289e-109,3.0000000000000004
+N +P,10.52,2.8206766443995606e-15,5.469422555947334e-109,3.0000000000000004
+N +P,10.540000000000001,2.8206766443995606e-15,3.1805020914424736e-109,3.0000000000000004
+N +P,10.56,2.8206766443995606e-15,1.8565719773726635e-109,3.0000000000000004
+N +P,10.58,2.8206766443995606e-15,1.0820527429282579e-109,3.0000000000000004
+N +P,10.6,2.8206766443995606e-15,6.308027055401899e-110,3.0000000000000004
+N +P,10.620000000000001,2.8206766443995606e-15,3.6681556484907235e-110,3.0000000000000004
+N +P,10.64,2.8206766443995606e-15,2.141232670135066e-110,3.0000000000000004
+N +P,10.66,2.8206766443995606e-15,1.2479595255154382e-110,3.0000000000000004
+N +P,10.68,2.8206766443995606e-15,7.27521140022642e-111,3.0000000000000004
+N +P,10.700000000000001,2.8206766443995606e-15,4.230579158479006e-111,3.0000000000000004
+N +P,10.72,2.8206766443995606e-15,2.469539238732893e-111,3.0000000000000004
+N +P,10.74,2.8206766443995606e-15,1.4393041258876616e-111,3.0000000000000004
+N +P,10.76,2.8206766443995606e-15,8.390690219481258e-112,3.0000000000000004
+N +P,10.78,2.8206766443995606e-15,4.879236796705035e-112,3.0000000000000004
+N +P,10.8,2.8206766443995606e-15,2.848183729261282e-112,3.0000000000000004
+N +P,10.82,2.8206766443995606e-15,1.6599868220418614e-112,3.0000000000000004
+N +P,10.84,2.8206766443995606e-15,9.67720090678165e-113,3.0000000000000004
+N +P,10.86,2.8206766443995606e-15,5.627350494223557e-113,3.0000000000000004
+N +P,10.88,2.8206766443995606e-15,3.284884252250518e-113,3.0000000000000004
+N +P,10.9,2.8206766443995606e-15,1.914505905868282e-113,3.0000000000000004
+N +P,10.92,2.8206766443995606e-15,1.116096708859289e-113,3.0000000000000004
+N +P,10.94,2.8206766443995606e-15,6.49016944744785e-114,3.0000000000000004
+N +P,10.96,2.8206766443995606e-15,3.7885423049876354e-114,3.0000000000000004
+N +P,10.98,2.8206766443995606e-15,2.2080493742089676e-114,3.0000000000000004
+N +P,11.0,2.8206766443995606e-15,1.287223315425487e-114,3.0000000000000004
+N +P,11.02,2.8206766443995606e-15,7.4852809505686135e-115,3.0000000000000004
+N +P,11.040000000000001,2.8206766443995606e-15,4.369424215433827e-115,3.0000000000000004
+N +P,11.06,2.8206766443995606e-15,2.5466006785355507e-115,3.0000000000000004
+N +P,11.08,2.8206766443995606e-15,1.4845880743331046e-115,3.0000000000000004
+N +P,11.1,2.8206766443995606e-15,8.632968886657009e-116,3.0000000000000004
+N +P,11.120000000000001,2.8206766443995606e-15,5.0393704062073564e-116,3.0000000000000004
+N +P,11.14,2.8206766443995606e-15,2.9370606887995936e-116,3.0000000000000004
+N +P,11.16,2.8206766443995606e-15,1.7122139756485012e-116,3.0000000000000004
+N +P,11.18,2.8206766443995606e-15,9.956627184757352e-117,3.0000000000000004
+N +P,11.200000000000001,2.8206766443995606e-15,5.812036744167939e-117,3.0000000000000004
+N +P,11.22,2.8206766443995606e-15,3.387388357507444e-117,3.0000000000000004
+N +P,11.24,2.8206766443995606e-15,1.9747408382778854e-117,3.0000000000000004
+N +P,11.26,2.8206766443995606e-15,1.1483236670698516e-117,3.0000000000000004
+N +P,11.28,2.8206766443995606e-15,6.7031728951601e-118,3.0000000000000004
+N +P,11.3,2.8206766443995606e-15,3.9067629512508316e-118,3.0000000000000004
+N +P,11.32,2.8206766443995606e-15,2.27751988584592e-118,3.0000000000000004
+N +P,11.34,2.8206766443995606e-15,1.3243915031501763e-118,3.0000000000000004
+N +P,11.36,2.8206766443995606e-15,7.730943357764343e-119,3.0000000000000004
+N +P,11.38,2.8206766443995606e-15,4.5057711565428754e-119,3.0000000000000004
+N +P,11.4,2.8206766443995606e-15,2.626722823510916e-119,3.0000000000000004
+N +P,11.42,2.8206766443995606e-15,1.5274551103629434e-119,3.0000000000000004
+N +P,11.44,2.8206766443995606e-15,8.91629771986224e-120,3.0000000000000004
+N +P,11.46,2.8206766443995606e-15,5.1966228738379925e-120,3.0000000000000004
+N +P,11.48,2.8206766443995606e-15,3.029467639089358e-120,3.0000000000000004
+N +P,11.5,2.8206766443995606e-15,1.761653641407624e-120,3.0000000000000004
+N +P,11.52,2.8206766443995606e-15,1.0283397685144933e-120,3.0000000000000004
+N +P,11.540000000000001,2.8206766443995606e-15,5.993400098378783e-121,3.0000000000000004
+N +P,11.56,2.8206766443995606e-15,3.4939636927595426e-121,3.0000000000000004
+N +P,11.58,2.8206766443995606e-15,2.0317608885718195e-121,3.0000000000000004
+N +P,11.6,2.8206766443995606e-15,1.1860109573873366e-121,3.0000000000000004
+N +P,11.620000000000001,2.8206766443995606e-15,6.912343960938038e-122,3.0000000000000004
+N +P,11.64,2.8206766443995606e-15,4.029679052782776e-122,3.0000000000000004
+N +P,11.66,2.8206766443995606e-15,2.3432825904595745e-122,3.0000000000000004
+N +P,11.68,2.8206766443995606e-15,1.3678572336794532e-122,3.0000000000000004
+N +P,11.700000000000001,2.8206766443995606e-15,7.972185779360921e-123,3.0000000000000004
+N +P,11.72,2.8206766443995606e-15,4.647533488137324e-123,3.0000000000000004
+N +P,11.74,2.8206766443995606e-15,2.7025686583674026e-123,3.0000000000000004
+N +P,11.76,2.8206766443995606e-15,1.5775852660340347e-123,3.0000000000000004
+N +P,11.78,2.8206766443995606e-15,9.194528868905208e-124,3.0000000000000004
+N +P,11.8,2.8206766443995606e-15,5.360121051933883e-124,3.0000000000000004
+N +P,11.82,2.8206766443995606e-15,3.1169426098780876e-124,3.0000000000000004
+N +P,11.84,2.8206766443995606e-15,1.8194700516465385e-124,3.0000000000000004
+N +P,11.86,2.8206766443995606e-15,1.0604288894018865e-124,3.0000000000000004
+N +P,11.88,2.8206766443995606e-15,6.181966792648442e-125,3.0000000000000004
+N +P,11.9,2.8206766443995606e-15,3.594850847986983e-125,3.0000000000000004
+N +P,11.92,2.8206766443995606e-15,2.098442055788804e-125,3.0000000000000004
+N +P,11.94,2.8206766443995606e-15,1.2230201737481615e-125,3.0000000000000004
+N +P,11.96,2.8206766443995606e-15,7.129822825851774e-126,3.0000000000000004
+N +P,11.98,2.8206766443995606e-15,4.1460348285907255e-126,3.0000000000000004
+N +P,12.0,2.8206766443995606e-15,2.4201713352310776e-126,3.0000000000000004
