t_h,R_umol,assimilated_umol,supplied_umol,U_umol_h,A_umol_h,light
0.0,2.0,0.0,0.0,1.44,1.0,True
0.02,2.0087601313858783,0.02001459390431241,0.028774725290190928,1.4374759887066593,1.001455770982621,True
0.04,2.0174410900082194,0.04005808753873822,0.05749917754695769,1.4349726771425102,1.0028900464811017,True
0.06,2.0260437142244148,0.060130055362269196,0.08617376958668416,1.4324899471279617,1.004303261400685,True
0.08,2.0345688314255135,0.0802300804155884,0.11479891184110194,1.430027678402916,1.0056958390706983,True
0.1,2.0430172582237627,0.10035775409342432,0.14337501231718744,1.4275857487762758,1.007068191629132,True
0.12,2.051389800635541,0.12051267592444131,0.1719024765599824,1.4251640342690273,1.008420720391875,True
0.14,2.0596872542598477,0.14069445335836744,0.20038170761821522,1.4227624092511537,1.009753816207318,True
0.16,2.067910404452527,0.16090270156007308,0.22881310601260033,1.4203807465726075,1.0110678597970082,True
0.18,2.0760600264963687,0.1811370432103303,0.2571970697066992,1.4180189176885774,1.0123632220829906,True
0.2,2.084136885767243,0.20139710831298943,0.2855339940802326,1.4156767927792657,1.013640264502448,True
0.22,2.092141737896407,0.22168253400832608,0.31382427190473317,1.4133542408643933,1.0148993393102173,True
0.24,2.1000753289291163,0.24199296439232312,0.34206829332143934,1.41105112991263,1.0161407898697232,True
0.26,2.107938395479669,0.2623280503416593,0.37026644582132817,1.4087673269461558,1.017364950932853,True
0.28,2.1157316648830027,0.2826874493441884,0.39841911422719145,1.4065026981405369,1.0185721489092594,True
0.3,2.123455855342961,0.30307082533470286,0.4265266806776643,1.404257108920102,1.0197627021255606,True
0.32,2.1311116760773334,0.3234778485357847,0.4545895246131184,1.402030424048994,1.0209369210748802,True
0.34,2.13869982745978,0.3439081953035533,0.48260802276333414,1.3998225077180713,1.0220951086571464,True
0.36,2.146221001158739,0.36436154797813086,0.5105825491368702,1.3976332236278126,1.0232375604105506,True
0.38,2.153675880273402,0.3848375947386512,0.5385134750120535,1.3954624350673954,1.024364564734547,True
0.4,2.161065139466865,0.4053360294626467,0.5664011689295121,1.3933100049900884,1.0254764031047505,True
0.42,2.1683894450965258,0.42585655158965674,0.5942459966861824,1.3911757960851114,1.0265733502800813,True
0.44,2.175649455341816,0.44639886598890227,0.6220483213307184,1.3890596708460992,1.0276556745024792,True
0.46,2.1828458203293524,0.46696268283088405,0.6498085031602366,1.3869614916363058,1.0287236376894988,True
0.48,2.1899791822555703,0.48754771746276354,0.677526899718334,1.384881120750681,1.0297774956200874,True
0.5,2.197050175506925,0.5081536902873942,0.7052038657943194,1.3828184204749423,1.0308174981138167,True
0.52,2.2040594267777194,0.5287803266458737,0.7328397534235933,1.3807732531417607,1.0318438892038495,True
0.54,2.211007555185632,0.5494273567034945,0.7604349118891268,1.3787454811841857,1.0328569073038874,True
0.56,2.2178951723850044,0.5700945153389768,0.7879896877239815,1.3767349671864069,1.0338567853693486,True
0.58,2.2247228826779493,0.5907815420368678,0.8155044247148173,1.3747415739319742,1.0348437510530097,True
0.6,2.2314912831233418,0.611488180783001,0.842979463906343,1.3727651644495698,1.0358180268553283,True
0.62,2.238200963643746,0.6322141799629093,0.8704151436066554,1.3708056020564339,1.036779830269662,True
0.64,2.2448525071303305,0.652959292263096,0.8978117993934268,1.368862750399545,1.0377293739225872,True
0.66,2.251446489545832,0.6737232745750615,0.9251697641208936,1.3669364734946374,1.0386668657095068,True
0.68,2.257983480025605,0.6945058879019989,0.952489367927604,1.365026635763153,1.0395925089257325,True
0.7000000000000001,2.2644640409768186,0.7153068972680661,0.9797709382448849,1.3631331020672088,1.0405065023932203,True
0.72,2.270888728175838,0.7361260716301509,1.0070147998059893,1.3612557377426602,1.041409040583125,True
0.74,2.2772580908638393,0.7569631837920479,1.034221274655887,1.359394408630342,1.0423003137343325,True
0.76,2.2835726718406963,0.7778180103209651,1.0613906821616612,1.3575489811055625,1.0431805079681291,True
0.78,2.289833007557192,0.7986903314662878,1.0885233390234799,1.3557193221059212,1.0440498053991505,True
0.8,2.2960396282055786,0.8195799310805251,1.1156195592861038,1.3539052991575207,1.0449083842427507,True
0.8200000000000001,2.30219305780854,0.8404865965423693,1.1426796543509092,1.3521067803996434,1.0457564189189301,True
0.84,2.308293814306584,0.8614101186818004,1.1697039329883843,1.3503236346079526,1.0465940801529448,True
0.86,2.3143424096439063,0.8823502917071706,1.1966927013510764,1.3485557312162826,1.0474215350727265,True
0.88,2.320339349852758,0.9033069131342057,1.2236462629869636,1.3468029403370791,1.0482389473032272,True
0.9,2.326285135136353,0.9242797837168653,1.2505649188532184,1.3450651327805447,1.0490464770578032,True
0.92,2.3321802599503463,0.9452687073799998,1.2774489673303462,1.343342180072544,1.0498442812267448,True
0.9400000000000001,2.338025213082914,0.9662734911537518,1.3042987042366658,1.3416339544713256,1.0506325134630607,True
0.96,2.3438204777334697,0.9872939451096466,1.3311144228431162,1.3399403289831093,1.0514113242656078,True
0.98,2.349566531590044,1.0083298822983184,1.357896413888362,1.3382611773765836,1.0521808610596703,True
1.0,2.3552638469053555,1.0293811186888244,1.3846449655941797,1.3365963741963691,1.0529412682750754,True
1.02,2.360912890571605,1.0504474731094968,1.4113603636811014,1.3349457947754864,1.053692687421932,True
1.04,2.366514124194014,1.071528767190287,1.4380428913843009,1.3333093152468714,1.0544352571640796,True
1.06,2.3720680041631437,1.0926248253065551,1.4646928294696988,1.3316868125539867,1.0551691133903276,True
1.08,2.377574981726007,1.113735474524266,1.4913104562502726,1.3300781644605608,1.055894389283559,True
1.1,2.3830355030560084,1.1348605445465427,1.5178960476025511,1.3284832495594994,1.056611215387778,True
1.12,2.388450009321739,1.155999867661543,1.544449876983282,1.3269019472810017,1.0573197196731692,True
1.1400000000000001,2.3938189367546334,1.1771532786916181,1.5709722154462515,1.3253341378999222,1.0580200275992369,True
1.16,2.39914271671553,1.1983206149437153,1.5974633316592453,1.3237797025424056,1.0587122621760947,True
1.18,2.4044217757601487,1.2195017161609871,1.6239234919211356,1.3222385231918332,1.0593965440239625,True
1.2,2.4096565357035047,1.2406964244755738,1.6503529601790783,1.3207104826941103,1.0600729914309361,True
1.22,2.4148474136832867,1.2619045843625258,1.6767519980458125,1.3191954647623225,1.0607417204090868,True
1.24,2.4199948222222147,1.2831260425948305,1.7031208648170453,1.3176933539807933,1.0614028447489452,True
1.26,2.4250991692893997,1.3043606481995118,1.7294598174889115,1.3162040358085698,1.0620564760724278,True
1.28,2.4301608583607237,1.3256082524147759,1.7557691107754994,1.314727396582361,1.0627027238842521,True
1.3,2.4351802884782594,1.3468687086481692,1.7820489971264286,1.3132633235189577,1.0633416956218968,True
1.32,2.4401578543087514,1.3681418724357206,1.808299726744472,1.3118117047171571,1.0639734967041499,True
1.34,2.4450939462011685,1.3894276014020424,1.8345215476032108,1.3103724291592134,1.0645982305782928,True
1.36,2.449988950243354,1.4107257552213606,1.8607147054647144,1.3089453867118426,1.065215998765969,True
1.3800000000000001,2.454843248317786,1.4320361955794503,1.8868794438972367,1.3075304681267959,1.06582690090777,True
1.4000000000000001,2.459657218156468,1.4533587861364505,1.9130160042929183,1.306127565041031,1.0664310348065933,True
1.42,2.4644312333949565,1.474693392490533,1.9391246258854895,1.304736569976493,1.0670284964698,True
1.44,2.4691656636255606,1.4960398821424048,1.9652055457679654,1.30335737633953,1.067619380150218,True
1.46,2.473860874449707,1.5173981244606167,1.991258998910324,1.3019898784199595,1.0682037783860256,True
1.48,2.478517227529503,1.5387679906476612,2.017285218177164,1.3006339713898014,1.0687817820395493,True
1.5,2.4831350806385,1.5601493537068343,2.0432844343453347,1.2992895513017013,1.0693534803350113,True
1.52,2.487714787711685,1.5815420884098417,2.069256876121527,1.2979565150870507,1.0699189608952626,True
1.54,2.4922566988946997,1.6029460712651316,2.095202770159832,1.2966347605538269,1.0704783097775286,True
1.56,2.4967611605923117,1.6243611804869316,2.1211223410792437,1.2953241863841665,1.0710316115082,True
1.58,2.501228515516149,1.6457872959649706,2.14701581148112,1.2940246921316823,1.0715789491167014,True
1.6,2.5056591027317077,1.667224299234873,2.172883401966581,1.292736178218544,1.0721204041684607,True
1.62,2.5100532577046506,1.688672073449199,2.1987253311538497,1.2914585459323293,1.0726560567970118,True
1.6400000000000001,2.5144113123464042,1.7101305033491225,2.2245418156955274,1.2901916974226648,1.0731859857352548,True
1.6600000000000001,2.518733595059074,1.7315994752367232,2.2503330702957975,1.2889355356976617,1.0737102683458999,True
1.68,2.52302043077968,1.7530788769478802,2.276099307727561,1.2876899646201625,1.0742289806511185,True
1.7,2.5272721410237358,1.7745685978257535,2.30184073884949,1.28645488890381,1.0747421973614295,True
1.72,2.5314890439281714,1.7960685286948306,2.327557572623003,1.2852302141089451,1.0752499919038374,True
1.74,2.5356714542936225,1.8175785618355338,2.3532500161291567,1.284015846638348,1.075752436449252,True
1.76,2.5398196836260865,1.8390985909593651,2.3789182745854522,1.282811693732832,1.0762496019392025,True
1.78,2.5439340401779664,1.8606285111845817,2.4045625513625484,1.2816176634666938,1.0767415581118789,True
1.8,2.5480148289885034,1.882168219012383,2.430183048000887,1.2804336647430383,1.0772283735275052,True
1.82,2.552062351923619,1.9037176123035993,2.4557799642272187,1.2792596072889784,1.0777101155930793,True
1.84,2.556076907715166,1.9252765902558708,2.481353497971037,1.278095401650721,1.0781868505864871,True
1.86,2.560058791999608,1.9468450533813002,2.5069038453809083,1.2769409591885512,1.0786586436800156,True
1.8800000000000001,2.5640082973561307,1.968422903484572,2.5324312008407026,1.275796192071712,1.0791255589632782,True
1.9000000000000001,2.567925713344199,1.9900100436415225,2.5579357569857217,1.2746610132731968,1.0795876594655731,True
1.92,2.5718113265405664,2.011606378178153,2.5834177047187192,1.2735353365644584,1.080045007177687,True
1.94,2.5756654205757465,2.0332118126500736,2.60887723322582,1.2724190765100354,1.080497663073165,True
1.96,2.5794882761699576,2.0548262538223656,2.634314529992324,1.2713121484621128,1.0809456871290564,True
1.98,2.5832801711685476,2.076449609649856,2.659729780818404,1.270214468555013,1.0813891383461558,True
2.0,2.587041380576907,2.0980817892577903,2.685123169834698,1.269125953699627,1.0818280747687516,True
2.02,2.5907721765948817,2.1197227029228944,2.7104948795177766,1.2680465215777947,1.0822625535038968,True
2.04,2.594472828650691,2.141372262054821,2.735845090705512,1.266976090636632,1.0826926307402143,True
2.06,2.5981436034343592,2.1630303791779637,2.7611739826123234,1.2659145800828144,1.0831183617662512,True
2.08,2.6017847649306733,2.184696967913637,2.7864817328443108,1.2648619098768243,1.0835398009883936,True
2.1,2.6053965744516665,2.2063719429626065,2.811768517414274,1.2638180007271582,1.0839570019483555,True
2.12,2.6089792906686444,2.228055220087969,2.837034510756614,1.262782774084508,1.0843700173402515,True
2.14,2.6125331696437533,2.2497467160983655,2.862279885742119,1.2617561521359124,1.084778899027266,True
2.16,2.6160584648611045,2.271446348831528,2.887504813692633,1.2607380577988867,1.0851836980579306,True
2.18,2.6195554272574593,2.2931540371381463,2.9127094643956055,1.2597284147155356,1.0855844646820199,True
2.2,2.6230243052524793,2.314869700866046,2.9378940061185257,1.258727147246647,1.085981248366075,True
2.22,2.6264653447785546,2.3365932608446793,2.9630586056232344,1.2577341804657771,1.0863740978085659,True
2.24,2.629878789310213,2.3583246388699104,2.9882034281801237,1.2567494401533257,1.0867630609547032,True
2.2600000000000002,2.6332648798931153,2.3800637576890957,3.0133286375822115,1.2557728527906051,1.0871481850109075,True
2.2800000000000002,2.636623855172651,2.40181054098645,3.0384343961591016,1.254804345553908,1.0875295164589447,True
2.3000000000000003,2.639955951422131,2.4235649133686934,3.063520864790825,1.253843846308574,1.0879071010697396,True
2.32,2.643261402570592,2.445326800350967,3.0885882029215592,1.2528912836030588,1.0882809839168723,True
2.34,2.6465404402302117,2.4670961283430217,3.1136365685732343,1.2519465866630113,1.0886512093897682,True
2.36,2.6497932937233504,2.4888728246356635,3.1386661183590148,1.251009685385355,1.0890178212065897,True
2.38,2.653020190109214,2.510656817387452,3.1636770074966667,1.2500805103323798,1.0893808624268364,True
2.4,2.656221354210152,2.532448035611655,3.1886693898218077,1.2491589927258488,1.0897403754636616,True
2.42,2.659397008637595,2.5542464091634396,3.2136434178010354,1.2482450644411165,1.0900964020959139,True
2.44,2.6625473738176355,2.5760518687273057,3.238599242544942,1.2473386580012629,1.0904489834799096,True
2.46,2.66567266801626,2.5978643458047497,3.26353701382101,1.246439706571247,1.0907981601609424,True
2.48,2.6687731073642325,2.619683772702158,3.288456880066391,1.2455481439520795,1.0911439720845397,True
2.5,2.671848905881646,2.641510082518922,3.313358988400568,1.2446639045750156,1.0914864586074693,True
2.52,2.6749002755021354,2.6633432091357703,3.338243484637906,1.2437869234957721,1.0918256585085042,True
2.54,2.6779274260967623,2.6851830872033156,3.3631105133000783,1.2429171363887674,1.0921616099989526,True
2.56,2.6809305654975786,2.707029652130807,3.387960217628386,1.242054479541388,1.0924943507329554,True
2.58,2.683909899520871,2.7288828400750904,3.412792739595962,1.241198889848281,1.092823917817564,True
2.6,2.6868656319900914,2.7507425879297633,3.4376082199198548,1.2403503048056768,1.0931503478225941,True
2.62,2.6897979647584815,2.772608833314527,3.462406798073009,1.2395086625057374,1.0934736767902729,True
2.64,2.6927070977313896,2.794481514564732,3.4871886122961224,1.2386739016309387,1.0937939402446721,True
2.66,2.695593228888295,2.816360570721104,3.5119537996093997,1.2378459614484816,1.0941111732009454,True
2.68,2.698456554304532,2.8382459415196597,3.536702495824192,1.237024781804736,1.094425410174363,True
2.7,2.7012972681727256,2.8601375673817953,3.5614348355545213,1.23621030311972,1.094736685189156,True
2.72,2.7041155628239486,2.8820353894045527,3.5861509522285018,1.235402466381609,1.0950450317871756,True
2.74,2.7069116287485864,2.90393934935106,3.610850978099647,1.234601213141283,1.0953504830363643,True
2.7600000000000002,2.7096856546169374,2.925849389641132,3.63553504425807,1.2338064855069069,1.095653071539052,True
2.7800000000000002,2.7124378272995306,2.9477654533420443,3.6602032806415754,1.2330182261385507,1.0959528294400778,True
2.8000000000000003,2.7151683318871846,2.969687484159458,3.684855816046643,1.2322363782428403,1.0962497884347413,True
2.82,2.717877351710795,2.991615426428511,3.709492778139306,1.2314608855676512,1.0965439797765868,True
2.84,2.7205650683608664,3.0135492251050597,3.734114293465926,1.2306916923968374,1.096835434285029,True
2.86,2.7232316617067878,3.035488825757068,3.7587204874638562,1.2299287435449984,1.0971241823528175,True
2.88,2.7258773099158553,3.057434174556149,3.783311484472005,1.2291719843522853,1.09741025395335,True
2.9,2.728502189472046,3.0793852182692514,3.8078874077412976,1.2284213606792467,1.0976936786478328,True
2.92,2.731106475194547,3.101341904250484,3.8324483794450313,1.227676818901713,1.0979744855922968,True
2.94,2.7336903402560484,3.123304180433082,3.8569945206891307,1.2269383059057206,1.0982527035444687,True
2.96,2.736253956200793,3.1452719953215076,3.881525951522301,1.2262057690824766,1.098528360870503,True
2.98,2.738797492962394,3.1672452979836865,3.906042790946081,1.2254791563233631,1.098801485551577,True
3.0,2.741321118881426,3.1892240380433714,3.930545156924798,1.2247584160149831,1.0990721051903538,True
3.02,2.7438250007227865,3.2112081656726366,3.9550331663954235,1.2240434970342458,1.0993402470173128,True
3.04,2.746309303692832,3.2331976315844955,3.979506935277328,1.2233343487434927,1.0996059378969556,True
3.06,2.748774191456301,3.2551923870256423,4.003966578481943,1.2226309209856665,1.099869204333887,True
3.08,2.751219826153013,3.2771923837693144,4.028412209922328,1.2219331640795201,1.1001300724787717,True
3.1,2.753646368414358,3.299197574108273,4.052843942522631,1.221241028814865,1.1003885681341792,True
3.12,2.7560539773795756,3.3212079108478947,4.07726188822747,1.2205544664478636,1.1006447167603057,True
3.14,2.7584428107118275,3.343223347299386,4.101666158011214,1.219873428696362,1.100898543480589,True
3.16,2.760813024614061,3.3652438372730997,4.126056861887161,1.2191978677352633,1.1011500730872066,True
3.18,2.7631647738446796,3.3872693350719634,4.150434108916643,1.2185277361919424,1.1013993300464737,True
3.2,2.7654982117330094,3.409299795485018,4.174798007218027,1.2178629871417035,1.1016463385041286,True
3.22,2.76781349019457,3.431335173781056,4.199148663975626,1.217203574103277,1.1018911222905199,True
3.24,2.77011075974616,3.453375425702365,4.223486185448525,1.2165494510343575,1.1021337049256892,True
3.2600000000000002,2.772390169520743,3.4754205074585736,4.2478106769793165,1.2159005723271865,1.102374109624359,True
3.2800000000000002,2.774651867282155,3.4974703757205905,4.2721222430027455,1.2152568928041707,1.1026123593008226,True
3.3000000000000003,2.776895999439625,3.5195249876146475,4.2964209870542724,1.2146183677135445,1.1028484765737385,True
3.3200000000000003,2.779122711062111,3.5415843007164316,4.320707011778542,1.2139849527250743,1.1030824837708353,True
3.34,2.781332145892464,3.5636482730453136,4.344980418937777,1.2133566039258,1.103314402933527,True
3.36,2.78352444636141,3.5857168630586687,4.369241309420079,1.21273327781582,1.1035442558214366,True
3.38,2.7856997536013606,3.607790029646282,4.3934897832476425,1.2121149313041155,1.1037720639168387,True
3.4,2.7878582074600535,3.6298677321248474,4.4177259395849005,1.2115015217044152,1.1039978484290138,True
3.42,2.789999946514023,3.65194993023255,4.441949876746573,1.2108930067310992,1.1042216302985244,True
3.44,2.7921251080819047,3.6740365841237352,4.46616169220564,1.2102893444951444,1.1044434302014061,True
3.46,2.7942338282375756,3.6961276543636568,4.490361482601232,1.2096904935001083,1.104663268553285,True
3.48,2.796326241823135,3.7182231019233116,4.514549343746446,1.2090964126381532,1.1048811655134136,True
3.5,2.798402482461724,3.7403228881743495,4.538725370636073,1.2085070611861077,1.1050971409886352,True
3.52,2.8004626825701897,3.7624269748840673,4.5628896574542575,1.2079223988015706,1.1053112146372728,True
3.54,2.802506973371593,3.784535324210474,4.587042297582067,1.20734238551905,1.1055234058729457,True
3.56,2.804535484907565,3.806647898697436,4.611183383605001,1.2067669817461437,1.1057337338683164,True
3.58,2.8065483460505156,3.8287646612698927,4.635313007320408,1.206196148259757,1.1059422175587694,True
3.6,2.8085456845156878,3.8508855752291495,4.659431259744838,1.2056298462023571,1.1061488756460205,True
3.62,2.810527626873072,3.8730106042482397,4.683538231121312,1.2050680370782683,1.1063537266016614,True
3.64,2.8124942985591734,3.895139712367355,4.707634010926528,1.204510682750003,1.1065567886706393,True
3.66,2.8144458238886383,3.9172728639893477,4.731718687877986,1.2039577454346293,1.106758079874674,True
3.68,2.8163823260657397,3.9394100238753023,4.755792349941042,1.203409187700178,1.1069576180156115,True
3.7,2.8183039271957253,3.961551157140167,4.7798550843358925,1.2028649724620837,1.107155420678719,True
3.72,2.8202107482960295,3.9836962292484586,4.803906977544488,1.2023250629796651,1.1073515052359189,True
3.74,2.8221029093073513,4.005845206010022,4.827948115317374,1.2017894228526387,1.1075458888489655,True
3.7600000000000002,2.8239805291046003,4.027998053575867,4.8519785826804664,1.201258016017672,1.1077385884725646,True
3.7800000000000002,2.8258437255077107,4.050154738434045,4.875998463941755,1.2007308067449682,1.107929620857438,True
3.8000000000000003,2.827692615292329,4.072315227405615,4.900007842697943,1.20020775963489,1.108119002553333,True
3.8200000000000003,2.8295273142003716,4.0944794876406405,4.924006801841012,1.1996888396146164,1.1083067499119774,True
3.84,2.8313479369504613,4.116647486614266,4.947995423564726,1.1991740119348353,1.1084928790899853,True
3.86,2.8331545972482375,4.138819192122839,4.971973789371077,1.1986632421664698,1.1086774060517082,True
3.88,2.834947407796545,4.160994572280099,4.995941980076644,1.19815649619744,1.1088603465720386,True
3.9,2.8367264803055052,4.1831735955134075,5.019900075818913,1.1976537402294571,1.1090417162391624,True
3.92,2.8384919255024643,4.205356230560046,5.04384815606251,1.1971549407748527,1.1092215304572648,True
3.94,2.8402438531418306,4.227542446463563,5.067786299605394,1.1966600646534404,1.1093998044491888,True
3.96,2.841982372014791,4.249732212570172,5.091714584584963,1.1961690789894117,1.1095765532590465,True
3.98,2.84370758995892,4.271925498525203,5.115633088484123,1.1956819512082626,1.1097517917547854,True
4.0,2.8454196138676697,4.294122274269603,5.139541888137273,1.1951986490337552,1.1099255346307133,True
4.0200000000000005,2.8471185496997546,4.316322510036492,5.163441059736247,1.1947191404849093,1.1100977964099739,True
4.04,2.848804502488427,4.338526176347757,5.187330678836185,1.1942433938730277,1.1102685914469852,True
4.0600000000000005,2.8504775763506416,4.360733244010713,5.211210820361355,1.193771377798752,1.1104379339298343,True
4.08,2.8521378744961163,4.382943684114786,5.235081558610903,1.1933030611491486,1.1106058378826307,True
4.1,2.8537854992362903,4.405157468028269,5.258942967264559,1.192838413094829,1.1107723171678194,True
4.12,2.8554205519931743,4.427374567395104,5.282795119388279,1.1923774030870984,1.1109373854884572,True
4.14,2.8570431333081032,4.449594954131717,5.306638087439821,1.1919200008551334,1.1111010563904473,True
4.16,2.8586533428503857,4.471818600423904,5.33047194327429,1.1914661764031935,1.1112633432647385,True
4.18,2.8602512794258557,4.494045478723743,5.3542967581496,1.1910159000078597,1.111424259349485,True
4.2,2.861837040985327,4.5162755617465695,5.378112602731897,1.190569142215303,1.1115838177321737,True
4.22,2.863410724632949,4.538508822467975,5.401919547100925,1.1901258738385836,1.111742031351712,True
4.24,2.8649724266344707,4.560745234120865,5.425717660755336,1.189686065954976,1.1118989130004828,True
4.26,2.8665222424254058,4.58298477019254,5.4495070126179455,1.189249689903327,1.112054475326366,True
4.28,2.8680602666191097,4.605227404421834,5.473287671040944,1.1888167172814381,1.112208730834724,True
4.3,2.869586593014765,4.6274731107962745,5.49705970381104,1.1883871199434781,1.1123616918903574,True
4.32,2.8711013146052715,4.649721863549301,5.520823178154573,1.187960869997424,1.1125133707194248,True
4.34,2.872604523585055,4.6719736371575005,5.544578160742556,1.1875379398025256,1.1126637794113357,True
4.36,2.87409631135778,4.6942284063379,5.56832471769568,1.1871183019668037,1.1128129299206078,True
4.38,2.875576768543984,4.71648614604528,5.592062914589263,1.1867019293445693,1.1129608340686965,True
4.4,2.877045984988617,4.738746831469537,5.615792816458154,1.1862887950339727,1.1131075035457945,True
4.42,2.878504049768506,4.761010438033072,5.639514487801578,1.1858788723745775,1.1132529499126012,True
4.44,2.8799510511997295,4.783276941388221,5.66322799258795,1.185472134944962,1.1133971846020632,True
4.46,2.881387076844912,4.805546317414713,5.686933394259624,1.1850685565603454,1.1135402189210886,True
4.48,2.882812213520437,4.827818542217172,5.7106307557376095,1.1846681112702409,1.1136820640522318,True
4.5,2.884226547303581,4.850093592122642,5.734320139426223,1.1842707733561306,1.1138227310553512,True
4.5200000000000005,2.885630163539567,4.872371443678151,5.758001607217718,1.1838765173291708,1.1139622308692412,True
4.54,2.8870231468485397,4.894652073648305,5.781675220496845,1.183485317927917,1.1141005743132384,True
4.5600000000000005,2.8884055811324645,4.916935459012917,5.8053410401453815,1.1830971501160776,1.114237772088801,True
4.58,2.8897775495819515,4.939221576964661,5.828999126546612,1.1827119890802873,1.1143738347810634,True
4.6000000000000005,2.8911391346830024,4.961510404906765,5.852649539589767,1.1823298102279087,1.114508772860367,True
4.62,2.892490418223682,4.983801920450728,5.87629233867441,1.1819505891848565,1.1146425966837659,True
4.64,2.8938314813007224,5.006096101414068,5.89992758271479,1.181574301793442,1.114775316496509,True
4.66,2.8951624043260478,5.028392925818107,5.923555330144155,1.181200924110245,1.1149069424334994,True
4.68,2.8964832670332332,5.050692371885766,5.947175638919,1.1808304324040078,1.1150374845207294,True
4.7,2.89779414848389,5.072994418039418,5.970788566523308,1.1804628031535478,1.1151669526766956,True
4.72,2.8990951270739815,5.0952990428987315,5.994394169972714,1.1800980130457004,1.115295356713789,True
4.74,2.9003862805400753,5.117606225278584,6.017992505818659,1.1797360389732743,1.1154227063396656,True
4.76,2.9016676859655193,5.139915944186962,6.041583630152481,1.1793768580330382,1.115549011158595,True
4.78,2.9029394197865575,5.162228178822919,6.065167598609476,1.179020447523723,1.115674280672788,True
4.8,2.9042015577983764,5.18454290857454,6.088744466372916,1.1786667849440466,1.1157985242837034,True
4.82,2.9054541751610903,5.206860113016947,6.112314288178037,1.1783158479907632,1.1159217512933362,True
4.84,2.906697346405654,5.229179771910311,6.135877118315966,1.1779676145567288,1.1160439709054835,True
4.86,2.907931145439722,5.251501865197916,6.159433010637639,1.1776220627289904,1.1161651922269937,True
4.88,2.909155645553438,5.273826373004216,6.182982018557654,1.177279170786896,1.116285424268995,True
4.9,2.9103709194251643,5.2961532756329435,6.206524195058109,1.176938917200223,1.1164046759481057,True
4.92,2.9115770391271503,5.31848255356523,6.23005959269238,1.1766012806273276,1.1165229560876249,True
4.94,2.9127740761311403,5.340814187457746,6.253588263588887,1.1762662399133157,1.1166402734187084,True
4.96,2.913962101313922,5.363148158140876,6.2771102594547985,1.17593377408823,1.1167566365815222,True
4.98,2.9151411849628155,5.385484446616907,6.300625631579724,1.1756038623652594,1.1168720541263837,True
5.0,2.9163113967811043,5.407823034058242,6.324134430839347,1.175276484138966,1.1169865345148804,True
5.0200000000000005,2.9174728058934085,5.430163901805639,6.347636707699048,1.1749516189835325,1.1171000861209772,True
5.04,2.918625480851001,5.4525070313664665,6.371132512217469,1.1746292466510269,1.1172127172321027,True
5.0600000000000005,2.919769489637069,5.474852404412989,6.394621894050059,1.1743093470696861,1.1173244360502217,True
5.08,2.920904899671918,5.497200002780658,6.418104902452577,1.1739919003422195,1.1174352506928917,True
5.1000000000000005,2.9220317778181233,5.519549808466448,6.441581586284572,1.1736768867441267,1.1175451691943024,True
5.12,2.9231501903856247,5.541901803627185,6.4650519940128115,1.1733642867220395,1.1176541995063007,True
5.14,2.9242602031367713,5.564255970577924,6.488516173714696,1.1730540808920742,1.1177623494994016,True
5.16,2.9253618812913094,5.586612291790321,6.511974173081631,1.1727462500382078,1.1178696269637818,True
5.18,2.9264552895313223,5.60897074989104,6.535426039422363,1.1724407751106674,1.1179760396102598,True
5.2,2.9275404920061168,5.631331327660179,6.5588718196662965,1.1721376372243386,1.118081595071264,True
5.22,2.928617552337057,5.653694008029705,6.582311560366763,1.1718368176571912,1.1181863009017816,True
5.24,2.929686533622352,5.676058774081921,6.605745307704273,1.1715382978487194,1.1182901645802998,True
5.26,2.93074749844179,5.6984256090479395,6.629173107489731,1.1712420593984016,1.1183931935097273,True
5.28,2.931800508861427,5.720794496306187,6.6525950051676155,1.1709480840641735,1.1184953950183065,True
5.3,2.932845626438223,5.743165419380912,6.676011045819136,1.1706563537609205,1.118596776360512,True
5.32,2.9338829122246337,5.765538361940725,6.69942127416536,1.1703668505589828,1.1186973447179338,True
5.34,2.9349124267731543,5.787913307797144,6.722825734570299,1.1700795566826796,1.118797107200151,True
5.36,2.935934230140814,5.810290240903168,6.746224471043983,1.1697944545088463,1.1188960708455904,True
5.38,2.9369483818936293,5.832669145351858,6.769617527245489,1.1695115265653884,1.1189942426223745,True
5.4,2.937954941111006,5.855050005374945,6.7930049464859525,1.169230755529851,1.1190916294291553,True
5.42,2.9389539663901005,5.8774328053414395,6.816386771731541,1.1689521242280017,1.11918823809594,True
5.44,2.9399455158501353,5.8998175297562785,6.839763045606415,1.1686756156324314,1.1192840753849003,True
5.46,2.9409296471366684,5.922204163258966,6.863133810395635,1.1684012128611663,1.119379147991174,True
5.48,2.941906417425823,5.944592690622248,6.886499108048073,1.1681288991762981,1.1194734625436535,True
5.5,2.942875883428472,5.96698309675079,6.909858980179264,1.1678586579826242,1.1195670256057626,True
5.5200000000000005,2.943838101394379,5.989375366679882,6.933213468074262,1.1675904728263078,1.1196598436762246,True
5.54,2.9447931271163,6.011769485574141,6.956562612690443,1.1673243273935474,1.1197519231898172,True
5.5600000000000005,2.9457410159340425,6.034165438726253,6.979906454660298,1.1670602055092616,1.119843270518119,True
5.58,2.9466818227384817,6.056563211555705,7.0032450342941885,1.1667980911357896,1.1199338919702435,True
5.6000000000000005,2.9476156019755413,6.0789627896075515,7.026578391583095,1.1665379683716017,1.1200237937935644,True
5.62,2.9485424076501277,6.101364158551178,7.049906566201307,1.1662798214500272,1.120112982174431,True
5.64,2.949462293330029,6.123767304179098,7.073229597509129,1.1660236347379926,1.1202014632388704,True
5.66,2.950375312149776,6.146172212405745,7.096547524555524,1.1657693927347739,1.120289243053287,True
5.68,2.9512815168144586,6.168578869266292,7.119860386080752,1.1655170800707642,1.120376327625143,True
5.7,2.9521809596035116,6.190987260915475,7.143168220518989,1.1652666815062482,1.120462722903639,True
5.72,2.9530736923744567,6.213397373626438,7.166471066000897,1.1650181819301972,1.1205484347803776,True
5.74,2.953959766566611,6.2358091937895885,7.189768960356202,1.1647715663590705,1.1206334690900224,True
5.76,2.954839233204755,6.258222707911459,7.213061941116217,1.1645268199356325,1.1207178316109467,True
5.78,2.955712142902769,6.2806379026135986,7.23635004551637,1.1642839279277803,1.1208015280658732,True
5.8,2.95657854586723,6.303054764631451,7.259633310498684,1.1640428757273846,1.120884564122505,True
5.82,2.9574384919009726,6.325473280813277,7.282911772714253,1.163803648849143,1.1209669453941484,True
5.84,2.958292030406618,6.347893438119059,7.30618546852568,1.163566232929443,1.1210486774403272,True
5.86,2.959139210390063,6.370315223619441,7.329454434009507,1.163330613725239,1.1211297657673884,True
5.88,2.9599800804639425,6.3927386244946645,7.352718704958609,1.1630967771129403,1.1212102158291,True
5.9,2.960814688851048,6.415163628033526,7.375978316884576,1.1628647090873097,1.1212900330272406,True
5.92,2.9616430833877208,6.437590221632344,7.399233305020067,1.1626343957603746,1.1213692227121823,True
5.94,2.9624653115272093,6.460018392793934,7.422483704321145,1.1624058233603485,1.1214477901834625,True
5.96,2.9632814203429905,6.482448129126597,7.445729549469591,1.1621789782305638,1.1215257406903527,True
5.98,2.9640914565320644,6.504879418343126,7.468970874875194,1.1619538468284163,1.1216030794324165,True
6.0,2.9648954664182114,6.5273122482598085,7.492207714678023,1.161730415724319,1.1216798115600604,True
6.0200000000000005,2.9656934959552204,6.5497466067954555,7.515440102750679,1.1615086716006682,1.121755942175079,True
6.04,2.966485590730085,6.5721824819704295,7.538668072700518,1.161288601250819,1.1218314763311912,True
6.0600000000000005,2.9672717959661696,6.594619861905696,7.561891657871868,1.1610701915780723,1.1219064190345704,True
6.08,2.9680521565263436,6.617058734821866,7.585110891348212,1.1608534295946715,1.1219807752443685,True
6.1000000000000005,2.9688267169160842,6.639499089038274,7.608325805954362,1.160638302420809,1.1220545498732302,True
6.12,2.9695955212865526,6.661940912972043,7.631536434258599,1.1604247972836437,1.1221277477878029,True
6.140000000000001,2.9703586134376376,6.684384195137175,7.654742808574817,1.1602129015163287,1.122200373809241,True
6.16,2.97111603682097,6.706828924143643,7.677944960964616,1.1600026025570478,1.1222724327136995,True
6.18,2.97186783454291,6.729275088696497,7.701142923239409,1.1597938879480627,1.1223439292328259,True
6.2,2.972614049367503,6.751722677594981,7.724336726962487,1.1595867453347692,1.122414868054242,True
6.22,2.9733547237194116,6.774171679731651,7.747526403451067,1.1593811624647636,1.122485253822023,True
6.24,2.974089899686813,6.796622084091521,7.7707119837783365,1.1591771271869182,1.1225550911371656,True
6.26,2.9748196190242746,6.819073879751186,7.793893498775463,1.158974627450466,1.122624384558056,True
6.28,2.9755439231555987,6.841527055877998,7.8170709790336,1.1587736513040954,1.1226931386009262,True
6.3,2.9762628531766424,6.863981601729209,7.8402444549058545,1.1585741868950528,1.1227613577403095,True
6.32,2.9769764498581077,6.886437506651151,7.8634139565092624,1.1583762224682554,1.1228290464094859,True
6.34,2.9776847536483073,6.908894760078412,7.886579513726724,1.1581797463654127,1.1228962090009245,True
6.36,2.978387804675905,6.931353351533026,7.909741156208935,1.1579847470241555,1.12296284986672,True
6.38,2.9790856427526267,6.953813270623666,7.932898913376297,1.1577912129771764,1.1230289733190213,True
6.4,2.9797783073759487,6.976274507044857,7.95605281442081,1.157599132851375,1.1230945836304589,True
6.42,2.980465837731759,6.998737050576177,7.979202888307942,1.1574084953670172,1.1231596850345624,True
6.44,2.9811482726969962,7.021200891081498,8.002349163778499,1.1572192893368962,1.123224281726177,True
6.46,2.981825650842257,7.043666018508193,8.025491669350455,1.1570315036655079,1.1232883778618705,True
6.48,2.982498010434389,7.066132422886399,8.048630433320794,1.15684512734823,1.1233519775603382,True
6.5,2.9831653894390486,7.088600094328242,8.071765483767296,1.156660149470514,1.1234150849028026,True
6.5200000000000005,2.9838278255232438,7.111069023027107,8.094896848550356,1.1564765592070783,1.1234777039334054,True
6.54,2.984485356057847,7.13353919925689,8.118024555314744,1.1562943458211183,1.1235398386595996,True
6.5600000000000005,2.985138018120088,7.156010613371277,8.14114863149137,1.1561134986635158,1.1236014930525302,True
6.58,2.985785848496021,7.1784832558030125,8.164269104299038,1.1559340071720623,1.1236626710474162,True
6.6000000000000005,2.98642888368297,7.200957117063193,8.187386000746168,1.1557558608706868,1.1237233765439245,True
6.62,2.987067159891953,7.223432187740551,8.21049934763251,1.1555790493686922,1.1237836134065398,True
6.640000000000001,2.98770071305008,7.245908458500767,8.233609171550853,1.1554035623599994,1.1238433854649308,True
6.66,2.9883295788029307,7.268385920085763,8.256715498888699,1.155229389622399,1.12390269651431,True
6.68,2.9889537925169107,7.2908645633130265,8.279818355829942,1.1550565210168096,1.1239615503157923,True
6.7,2.989573389281585,7.313344379074931,8.302917768356522,1.154884946486544,1.1240199505967454,True
6.72,2.9901884039119895,7.3358253583380595,8.326013762250055,1.1547146560565829,1.124077901051139,True
6.74,2.9907988709509232,7.358307492142546,8.349106363093476,1.1545456398328549,1.1241354053398882,True
6.76,2.9914048246712155,7.380790771601412,8.372195596272634,1.1543778880015239,1.1241924670911927,True
6.78,2.9920062990779765,7.403275187899924,8.395281486977908,1.1542113908282845,1.1242490899008724,True
6.8,2.992603327910824,7.425760732294936,8.418364060205766,1.154046138657663,1.124305277332699,True
6.82,2.9931959446460916,7.448247396114267,8.441443340760365,1.1538821219123248,1.1243610329187235,True
6.84,2.993784182499015,7.470735170756058,8.464519353255078,1.1537193310923908,1.1244163601595991,True
6.86,2.9943680744258985,7.4932240476881535,8.487592122114059,1.1535577567747586,1.1244712625249011,True
6.88,2.9949476531262658,7.515714018447482,8.510661671573754,1.1533973896124297,1.1245257434534424,True
6.9,2.9955229510449826,7.538205074639443,8.53372802568443,1.1532382203338465,1.1245798063535857,True
6.92,2.9960940003743675,7.560697207937298,8.55679120831167,1.1530802397422322,1.1246334546035517,True
6.94,2.9966608330562807,7.5831904100815795,8.579851243137867,1.1529234387149387,1.1246866915517229,True
6.96,2.997223480784194,7.605684672879487,8.602908153663687,1.1527678082028012,1.1247395205169457,True
6.98,2.9977819750052404,7.628179988204308,8.625961963209555,1.1526133392294977,1.1247919447888266,True
7.0,2.998336346922248,7.650676347994828,8.649012694917083,1.1524600228909163,1.1248439676280269,True
7.0200000000000005,2.998886627495753,7.673173744254764,8.672060371750524,1.1523078503545277,1.1248955922665518,True
7.04,2.999432847445996,7.695672169052183,8.695105016498186,1.1521568128587627,1.1249468219080394,True
7.0600000000000005,2.9999750372548997,7.7181716145189485,8.718146651773855,1.1520069017123995,1.124997659728042,True
7.08,3.000513227168027,7.7406720728501535,8.741185300018186,1.1518581082939519,1.1250481088743074,True
7.1000000000000005,3.0010474471965245,7.7631735363035705,8.7642209835001,1.1517104240510663,1.1250981724670552,True
7.12,3.0015777271190482,7.785675997199104,8.787253724318159,1.1515638404999253,1.1251478535992523,True
7.140000000000001,3.002104096483667,7.80817944791825,8.810283544401923,1.1514183492246535,1.1251971553368811,True
7.16,3.002626584609756,7.830683880903551,8.833310465513312,1.1512739418767337,1.1252460807192073,True
7.18,3.003145220589868,7.853189288658073,8.856334509247946,1.1511306101744243,1.1252946327590452,True
7.2,3.0036600332915904,7.875695663744879,8.879355697036475,1.1509883459021846,1.1253428144430182,True
7.22,3.0041710513593833,7.898202998786498,8.902374050145887,1.150847140910106,1.1253906287318163,True
7.24,3.004678303216405,7.920711286464423,8.925389589680833,1.1507069871133468,1.1254380785604534,True
7.26,3.0051818170663163,7.943220519518585,8.948402336584907,1.1505678764915737,1.1254851668385164,True
7.28,3.0056816208950727,7.965730690746861,8.97141231164194,1.1504298010884084,1.1255318964504162,True
7.3,3.006177742472699,7.988241793004562,8.994419535477267,1.1502927530108793,1.1255782702556356,True
7.32,3.006670209355046,8.010753819203945,9.017424028558999,1.150156724428879,1.12562429108897,True
7.34,3.007159048885538,8.033266762313716,9.04042581119926,1.1500217075746249,1.1256699617607702,True
7.36,3.0076442881968957,8.055780615358545,9.063424903555449,1.149887694742128,1.1257152850571788,True
7.38,3.008125954212852,8.078295371418587,9.086421325631445,1.149754678286664,1.1257602637403687,True
7.4,3.008604073649848,8.100811023629,9.109415097278855,1.149622650624252,1.1258049005487725,True
7.42,3.009078673018714,8.123327565179476,9.132406238198197,1.149491604231135,1.1258491981973142,True
7.44,3.0095497786263388,8.145844989313776,9.155394767940122,1.1493615316432677,1.1258931593776358,True
7.46,3.0100174165773215,8.168363289329255,9.178380705906585,1.1492324254558082,1.1259367867583234,True
7.48,3.0104816127756084,8.190882458576421,9.201364071352037,1.1491042783226153,1.1259800829851287,True
7.5,3.010942392926117,8.21340249045846,9.224344883384585,1.1489770829557493,1.1260230506811895,True
7.5200000000000005,3.011399782536347,8.235923378430806,9.247323160967161,1.148850832124978,1.126065692447245,True
7.54,3.0118538069179723,8.25844511600068,9.27029892291866,1.1487255186572871,1.1261080108618549,True
7.5600000000000005,3.0123044911884245,8.280967696726654,9.293272187915084,1.1486011354363974,1.1261500084816078,True
7.58,3.012751860272459,8.303491114218215,9.316242974490681,1.1484776754022814,1.1261916878413325,True
7.6000000000000005,3.0131959389037073,8.326015362135333,9.339211301039047,1.1483551315506904,1.1262330514543086,True
7.62,3.01363675162622,8.348540434188026,9.362177185814254,1.1482334969326822,1.1262741018124673,True
7.640000000000001,3.014074322795989,8.371066324135942,9.385140646931939,1.1481127646541538,1.1263148413865989,True
7.66,3.014508676582465,8.393593025787933,9.408101702370406,1.1479929278753793,1.126355272626551,True
7.68,3.0149398369700524,8.41612053300164,9.431060369971702,1.147873979810552,1.1263953979614294,True
7.7,3.015367827759601,8.438648839683085,9.454016667442694,1.1477559137273297,1.1264352197997927,True
7.72,3.0157926725698756,8.461177939786248,9.476970612356132,1.1476387229463854,1.1264747405298474,True
7.74,3.0162143948390185,8.483707827312681,9.499922222151708,1.1475224008409621,1.1265139625196419,True
7.76,3.0166330178259995,8.50623849631109,9.522871514137098,1.1474069408364302,1.1265528881172535,True
7.78,3.017048564612049,8.52876994087695,9.545818505489006,1.1472923364098506,1.1265915196509795,True
7.8,3.0174610581020818,8.551302155152099,9.568763213254188,1.1471785810895425,1.1266298594295208,True
7.82,3.0178705210261096,8.573835133324362,9.591705654350479,1.1470656684546519,1.1266679097421686,True
7.84,3.018276975940638,8.59636886962715,9.614645845567797,1.1469535921347274,1.1267056728589833,True
7.86,3.018680445230053,8.618903358339093,9.637583803569154,1.1468423458092993,1.1267431510309769,True
7.88,3.0190809511079975,8.641438593783644,9.660519544891649,1.1467319232074615,1.1267803464902906,True
7.9,3.0194785156187316,8.663974570328715,9.683453085947454,1.146622318107456,1.1268172614503702,True
7.92,3.0198731606384865,8.6865112823863,9.706384443024795,1.1465135243362659,1.1268538981061407,True
7.94,3.0202649078768014,8.709048724412112,9.729313632288921,1.1464055357692065,1.126890258634179,True
7.96,3.0206537788778514,8.73158689090521,9.752240669783069,1.146298346329525,1.1269263451928846,True
7.98,3.0210397950217667,8.754125776407639,9.775165571429413,1.1461919499880002,1.1269621599226474,True
8.0,3.0214229775259343,8.776665375504075,9.798088353030018,1.1460863407625475,1.126997704946016,True
8.02,3.021803347446295,8.799205682821471,9.821009030267774,1.1459815127178274,1.1270329823678606,True
8.040000000000001,3.022180925678625,8.8217466930287,9.843927618707333,1.145877459964858,1.1270679942755386,True
8.06,3.0225557329598067,8.844288400836204,9.866844133796018,1.145774176660629,1.1271027427390554,True
8.08,3.022927789869092,8.866830800995656,9.889758590864757,1.1456716570077239,1.1271372298112239,True
8.1,3.023297116829351,8.889373888299618,9.912671005128976,1.1455698952539375,1.1271714575278227,True
8.120000000000001,3.0236637341083124,8.911917657581196,9.935581391689515,1.1454688856919066,1.127205427907753,True
8.14,3.0240276618197925,8.934462103713704,9.958489765533503,1.1453686226587363,1.1272391429531943,True
8.16,3.0243889199249137,8.957007221610334,9.981396141535255,1.1452691005356335,1.1272726046497548,True
8.18,3.0247475282333127,8.979553006223831,10.004300534457151,1.1451703137475429,1.1273058149666262,True
8.2,3.025103506404338,9.002099452546156,10.027202958950502,1.1450722567627865,1.1273387758567321,True
8.22,3.0254568739482393,9.024646555608172,10.050103429556419,1.144974924092705,1.127371489256877,True
8.24,3.025807650227344,9.047194310479309,10.073001960706659,1.1448783102913045,1.1274039570878918,True
8.26,3.026155854457224,9.069742712267264,10.095898566724493,1.1447824099549058,1.1274361812547817,True
8.28,3.026501505707857,9.092291756117671,10.118793261825534,1.144687217721794,1.1274681636468675,True
8.3,3.02684462290477,9.114841437213801,10.141686060118579,1.1445927282718769,1.1274999061379296,True
8.32,3.0271852248301823,9.137391750776242,10.164576975606431,1.144498936326341,1.1275314105863476,True
8.34,3.0275233301241307,9.159942692062595,10.187466022186733,1.1444058366473129,1.1275626788352409,True
8.36,3.0278589572855914,9.182494256367177,10.210353213652775,1.1443134240375255,1.1275937127126063,True
8.38,3.0281921246735872,9.205046439020713,10.233238563694307,1.144221693339983,1.1276245140314531,True
8.4,3.0285228505082906,9.227599235390036,10.256122085898335,1.1441306394376323,1.127655084589941,True
8.42,3.028851152872114,9.2501526408778,10.279003793749922,1.1440402572530368,1.1276854261715104,True
8.44,3.029177049710791,9.27270665092218,10.301883700632976,1.1439505417480516,1.1277155405450183,True
8.46,3.029500558834451,9.29526126099658,10.32476181983104,1.1438614879235023,1.1277454294648661,True
8.48,3.029821697918681,9.317816466609354,10.347638164528043,1.1437730908188684,1.1277750946711318,True
8.5,3.030140484505585,9.340372263303511,10.370512747809101,1.1436853455119664,1.127804537889696,True
8.52,3.030456936004824,9.362928646656437,10.393385582661269,1.1435982471186381,1.127833760832371,True
8.540000000000001,3.0307710696946586,9.385485612279622,10.416256681974287,1.143511790792441,1.127862765197025,True
8.56,3.0310829027229764,9.408043155818364,10.439126058541346,1.143425971724341,1.1278915526677067,True
8.58,3.031392452108311,9.430601272951508,10.461993725059827,1.1433407851424076,1.12792012491477,True
8.6,3.0316997347408567,9.453159959391176,10.48485969413204,1.143256226311514,1.1279484835949933,True
8.620000000000001,3.0320047673834676,9.475719210882488,10.507723978265963,1.1431722905330357,1.1279766303517018,True
8.64,3.0323075666726558,9.498279023203292,10.530586589875956,1.1430889731445575,1.1280045668148877,True
8.66,3.032608149119578,9.520839392163907,10.553447541283493,1.143006269519576,1.1280322946013266,True
8.68,3.032906531111013,9.54340031360686,10.57630684471788,1.1429241750672114,1.1280598153146955,True
8.700000000000001,3.0332027289103314,9.565961783406616,10.599164512316957,1.1428426852319187,1.1280871305456885,True
8.72,3.033496758658459,9.588523797469326,10.622020556127794,1.1427617954931997,1.128114241872132,True
8.74,3.0337886363748323,9.611086351732574,10.644874988107414,1.1426815013653213,1.1281411508590964,True
8.76,3.034078377958342,9.633649442165112,10.667727820123462,1.1426017983970345,1.1281678590590116,True
8.78,3.0343659991882745,9.656213064766622,10.690579063954905,1.1425226821712946,1.1281943680117759,True
8.8,3.03465151572524,9.678777215567456,10.713428731292705,1.142444148304987,1.1282206792448661,True
8.82,3.034934943112099,9.70134189062839,10.736276833740497,1.1423661924486512,1.1282467942734495,True
8.84,3.035216296774874,9.723907086040384,10.759123382815268,1.1422888102862114,1.128272714600487,True
8.86,3.035495592023662,9.746472797924339,10.78196838994801,1.1422119975347063,1.1282984417168447,True
8.88,3.03577284405353,9.76903902243085,10.804811866484389,1.1421357499440232,1.128323977101397,True
8.9,3.036048067945411,9.791605755739967,10.827653823685386,1.1420600632966338,1.1283493222211325,True
8.92,3.0363212786669913,9.814172994060966,10.850494272727968,1.1419849334073315,1.1283744785312582,True
8.94,3.0365924910735846,9.83674073363211,10.873333224705705,1.1419103561229724,1.1283994474753,True
8.96,3.0368617199090067,9.85930897072042,10.896170690629438,1.1418363273222174,1.1284242304852068,True
8.98,3.0371289798064387,9.881877701621432,10.91900668142788,1.141762842915277,1.1284488289814514,True
9.0,3.0373942852892832,9.904446922658982,10.941841207948276,1.1416898988436588,1.1284732443731285,True
9.02,3.0376576507720148,9.92701663018498,10.964674280957004,1.1416174910799157,1.128497478058053,True
9.040000000000001,3.037919090561024,9.949586820579174,10.987505911140207,1.1415456156273986,1.1285215314228618,True
9.06,3.0381786188554516,9.972157490248934,11.010336109104395,1.1414742685200083,1.1285454058431057,True
9.08,3.03843624974802,9.994728635629034,11.033164885377062,1.1414034458219517,1.1285691026833484,True
9.1,3.038691997225853,10.017300253181428,11.05599225040729,1.1413331436275007,1.1285926232972607,True
9.120000000000001,3.038945875171295,10.039872339395037,11.078818214566342,1.1412633580607503,1.1286159690277147,True
9.14,3.0391978973627167,10.062444890785532,11.101642788148256,1.141194085275381,1.1286391412068757,True
9.16,3.0394480774753205,10.085017903895118,11.124465981370445,1.1411253214544235,1.1286621411562965,True
9.18,3.0396964290819346,10.107591375292326,11.147287804374269,1.1410570628100234,1.128684970187007,True
9.200000000000001,3.039942965653804,10.130165301571813,11.170108267225624,1.1409893055832097,1.1287076295996057,True
9.22,3.0401877005613716,10.152739679354129,11.192927379915508,1.140922046043665,1.1287301206843483,True
9.24,3.040430647075057,10.175314505285536,11.2157451523606,1.140855280489498,1.128752444721238,True
9.26,3.040671818366025,10.197889776037792,11.238561594403825,1.1407890052470144,1.128774602980112,True
9.28,3.0409112275069523,10.220465488307953,11.261376715814913,1.140723216670497,1.1287965967207283,True
9.3,3.041148887472784,10.243041638818168,11.28419052629096,1.1406579111419792,1.1288184271928532,True
9.32,3.0413848111414836,10.265618224315478,11.307003035456972,1.1405930850710286,1.1288400956363454,True
9.34,3.041619011294783,10.288195241571632,11.329814252866424,1.1405287348945246,1.1288616032812415,True
9.36,3.041851500618918,10.310772687382874,11.352624188001801,1.1404648570764446,1.1288829513478393,True
9.38,3.0420822917053654,10.333350558569764,11.37543285027514,1.1404014481076474,1.1289041410467806,True
9.4,3.042311397051568,10.355928851976971,11.398240249028548,1.140338504505662,1.1289251735791335,True
9.42,3.0425388290616575,10.378507564473097,11.421046393534764,1.1402760228144742,1.1289460501364745,True
9.44,3.0427646000471724,10.401086692950479,11.44385129299766,1.1402139996043188,1.1289667719009664,True
9.46,3.042988722227766,10.423666234325005,11.46665495655278,1.1401524314714717,1.1289873400454429,True
9.48,3.0432112077319116,10.446246185535923,11.489457393267845,1.1400913150380432,1.1290077557334823,True
9.5,3.043432068597602,10.468826543545665,11.512258612143278,1.1400306469517754,1.1290280201194898,True
9.52,3.0436513167730426,10.491407305339658,11.535058622112711,1.1399704238858375,1.1290481343487735,True
9.540000000000001,3.043868964117338,10.513988467926149,11.557857432043498,1.1399106425386272,1.1290680995576206,True
9.56,3.044085022401177,10.536570028336012,11.5806550507372,1.1398512996335717,1.129087916873376,True
9.58,3.044299503307505,10.559151983622588,11.603451486930103,1.1397923919189281,1.129107587414515,True
9.6,3.044512418432201,10.581734330861496,11.626246749293706,1.1397339161675906,1.1291271122907185,True
9.620000000000001,3.044723779284737,10.60431706715046,11.649040846435208,1.139675869176894,1.1291464926029489,True
9.64,3.044933597288844,10.626900189609138,11.671833786897992,1.1396182477684234,1.1291657294435216,True
9.66,3.0451418837831645,10.64948369537895,11.694625579162123,1.1395610487878216,1.129184823896178,True
9.68,3.045348650021903,10.672067581622901,11.717416231644814,1.1395042691046016,1.1292037770361576,True
9.700000000000001,3.0455539071754716,10.694651845525426,11.740205752700907,1.1394479056119575,1.1292225899302697,True
9.72,3.045757666331128,10.717236484292199,11.762994150623337,1.1393919552265799,1.1292412636369626,True
9.74,3.0459599384936125,10.73982149514999,11.785781433643614,1.13933641488847,1.1292597992063957,True
9.76,3.0461607345857753,10.762406875346487,11.808567609932272,1.1392812815607576,1.1292781976805073,True
9.78,3.0463600654492025,10.784992622150133,11.831352687599347,1.1392265522295195,1.1292964600930837,True
9.8,3.046557941844833,10.807578732849974,11.854136674694818,1.1391722239036004,1.129314587469827,True
9.82,3.0467543744535788,10.830165204755476,11.876919579209066,1.1391182936144326,1.1293325808284223,True
9.84,3.0469493738769273,10.852752035196389,11.899701409073327,1.1390647584158604,1.129350441178606,True
9.86,3.047142950637551,10.875339221522577,11.922482172160139,1.1390116153839658,1.1293681695222297,True
9.88,3.047335115179906,10.897926761103864,11.94526187628378,1.1389588616168922,1.1293857668533276,True
9.9,3.047525877870828,10.92051465132987,11.96804052920071,1.138906494234673,1.1294032341581803,True
9.92,3.0477152490001207,10.943102889609875,11.990818138610006,1.138854510379061,1.1294205724153807,True
9.94,3.0479032387811458,10.965691473372644,12.0135947121538,1.1388029072133579,1.129437782595895,True
9.96,3.048089857351399,10.988280400066293,12.036370257417701,1.1387516819222472,1.1294548656631287,True
9.98,3.04827511477309,11.010869667158122,12.059144781931222,1.1387008317116252,1.129471822572988,True
10.0,3.0484590210337137,11.033459272134486,12.08191829316821,1.1386503538084383,1.129488654273942,True
10.02,3.0486415860466174,11.056049212500628,12.104690798547256,1.1386002454605166,1.1295053617070838,True
10.040000000000001,3.0488228196515634,11.078639485780545,12.12746230543212,1.1385505039364128,1.1295219458061914,True
10.06,3.0490027316152895,11.101230089516829,12.150232821132128,1.1385011265252392,1.1295384074977899,True
10.08,3.0491813316320595,11.123821021270537,12.173002352902607,1.138452110536509,1.1295547477012071,True
10.1,3.0493586293242165,11.146412278621039,12.195770907945265,1.1384034532999774,1.1295709673286383,True
10.120000000000001,3.0495346342427263,11.16900385916588,12.218538493408616,1.138355152165483,1.1295870672852009,True
10.14,3.049709355867719,11.19159576052063,12.24130511638836,1.1383072045027933,1.1296030484689932,True
10.16,3.0498828036090253,11.214187980318762,12.264070783927798,1.1382596077014484,1.1296189117711544,True
10.18,3.050054986806711,11.236780516211494,12.286835503018217,1.1382123591706086,1.1296346580759185,True
10.200000000000001,3.0502259147316018,11.259373365867669,12.309599280599281,1.1381654563389008,1.1296502882606732,True
10.22,3.0503955965858105,11.281966526973594,12.332362123559417,1.138118896654269,1.129665803196016,True
10.24,3.0505640415032573,11.30455999723294,12.355124038736207,1.138072677583823,1.1296812037458084,True
10.26,3.0507312585501833,11.327153774366572,12.377885032916767,1.1380267966136908,1.1296964907672322,True
10.28,3.0508972567256643,11.349747856112444,12.40064511283812,1.1379812512488703,1.1297116651108432,True
10.3,3.051062044962118,11.37234224022545,12.42340428518758,1.1379360390130844,1.1297267276206266,True
10.32,3.051225632125808,11.394936924477296,12.446162556603115,1.1378911574486352,1.1297416791340495,True
10.34,3.0513880270173455,11.417531906656377,12.468919933673734,1.1378466041162594,1.1297565204821152,True
10.36,3.0515492383721816,11.440127184567642,12.491676422939834,1.1378023765949876,1.1297712524894141,True
10.38,3.051709274861102,11.462722756032472,12.514432030893586,1.1377584724820016,1.1297858759741786,True
10.4,3.051868145090716,11.48531861888854,12.537186763979268,1.137714889392494,1.129800391748331,True
10.42,3.05202585760394,11.507914770989705,12.559940628593656,1.1376716249595298,1.1298148006175392,True
10.44,3.052182420880476,11.530511210205871,12.582693631086359,1.1376286768339072,1.1298291033812657,True
10.46,3.052337843337293,11.553107934422878,12.605445777760181,1.137586042684022,1.1298433008328155,True
10.48,3.052492133329096,11.575704941542353,12.628197074871462,1.1375437201957317,1.1298573937593903,True
10.5,3.0526452991487987,11.598302229481627,12.650947528630438,1.1375017070722193,1.1298713829421358,True
10.52,3.0527973490279865,11.620899796173582,12.67369714520158,1.1374600010338614,1.1298852691561898,True
10.540000000000001,3.052948291137381,11.643497639566547,12.69644593070394,1.137418599818095,1.129899053170734,True
10.56,3.0530981335872975,11.666095757624172,12.71919389121148,1.1373775011792862,1.1299127357490386,True
10.58,3.0532468844280993,11.688694148325316,12.741941032753427,1.1373367028885994,1.1299263176485128,True
10.6,3.053394551650651,11.71129280966393,12.764687361314595,1.1372962027338693,1.1299397996207499,True
10.620000000000001,3.0535411431867643,11.73389173964894,12.787432882835716,1.1372559985194706,1.129953182411577,True
10.64,3.0536866669096443,11.75649093630412,12.810177603213777,1.1372160880661923,1.1299664667610987,True
10.66,3.05383113063433,11.779090397668003,12.832921528302347,1.1371764692111117,1.1299796534037456,True
10.68,3.0539745421181306,11.801690121793749,12.855664663911893,1.1371371398074674,1.1299927430683185,True
10.700000000000001,3.0541169090610616,11.82429010674904,12.878407015810113,1.1370980977245375,1.1300057364780332,True
10.72,3.0542582391062734,11.846890350615958,12.901148589722245,1.1370593408475145,1.130018634350568,True
10.74,3.0543985398404807,11.869490851490896,12.92388939133139,1.1370208670773843,1.1300314373981062,True
10.76,3.054537818794385,11.892091607484428,12.946629426278827,1.1369826743308045,1.1300441463273798,True
10.78,3.0546760834430975,11.914692616721211,12.969368700164322,1.1369447605399843,1.1300567618397153,True
10.8,3.054813341206554,11.93729387733988,12.992107218546446,1.1369071236525654,1.1300692846310754,True
10.82,3.0549495994499307,11.95989538749292,13.014844986942865,1.136869761631503,1.1300817153921026,True
10.84,3.055084865484055,11.982497145346597,13.037582010830667,1.136832672454951,1.1300940548081613,True
10.86,3.0552191465658147,12.005099149080817,13.060318295646645,1.1367958541161407,1.1301063035593815,True
10.88,3.0553524498985603,12.027701396889041,13.083053846787616,1.13675930462327,1.130118462320699,True
10.9,3.0554847826325076,12.05030388697818,13.1057886696107,1.1367230219993876,1.130130531761898,True
10.92,3.055616151865137,12.072906617568481,13.128522769433632,1.1366870042822779,1.1301425125476519,True
10.94,3.0557465646415882,12.095509586893446,13.151256151535048,1.13665124952435,1.1301544053375643,True
10.96,3.055876027955053,12.11811279319971,13.173988821154778,1.1366157557925247,1.1301662107862083,True
10.98,3.056004548747164,12.140716234746952,13.19672078349413,1.136580521168125,1.130177929543169,True
11.0,3.056132133908381,12.163319909807791,13.219452043716185,1.1365455437467642,1.1301895622530818,True
11.02,3.056258790278375,12.185923816667694,13.24218260694608,1.1365108216382387,1.130201109555671,True
11.040000000000001,3.056384524646407,12.20852795362487,13.26491247827129,1.1364763529664181,1.1302125720857898,True
11.06,3.056509343751709,12.231132318990177,13.2876416627419,1.136442135869139,1.130223950473461,True
11.08,3.0566332542838537,12.253736911087028,13.310370165370893,1.1364081684980976,1.130235245343911,True
11.1,3.056756262883129,12.276341728251289,13.33309799113443,1.1363744490187446,1.1302464573176128,True
11.120000000000001,3.0568783761409066,12.298946768831193,13.355825144972114,1.13634097561018,1.1302575870103186,True
11.14,3.056999600600008,12.321552031187238,13.378551631787257,1.1363077464650497,1.1302686350331022,True
11.16,3.057119942755067,12.344157513692094,13.401277456447174,1.1362747597894407,1.1302796019923937,True
11.18,3.0572394090528903,12.366763214730522,13.424002623783425,1.1362420138027807,1.130290488490016,True
11.200000000000001,3.057358005892814,12.389369132699269,13.446727138592093,1.1362095067377351,1.130301295123222,True
11.22,3.0574757396270607,12.411975266006976,13.469451005634047,1.1361772368401077,1.1303120224847307,True
11.24,3.05759261656109,12.434581613074101,13.492174229635204,1.1361452023687386,1.1303226711627627,True
11.26,3.0577086429539477,12.457188172332822,13.51489681528678,1.1361134015954073,1.130333241741077,True
11.28,3.057823825018613,12.479794942226942,13.537618767245567,1.1360818328047326,1.1303437347990042,True
11.3,3.057938168922343,12.502401921211815,13.560340090134169,1.1360504942940763,1.1303541509114834,True
11.32,3.0580516807870124,12.525009107754238,13.583060788541262,1.1360193843734456,1.1303644906490957,True
11.34,3.0581643666894545,12.547616500332389,13.605780867021853,1.135988501365397,1.1303747545780998,True
11.36,3.0582762326617954,12.570224097435718,13.628500330097525,1.1359578436049416,1.1303849432604642,True
11.38,3.058387284691789,12.592831897564883,13.651219182256684,1.1359274094394496,1.130395057253902,True
11.4,3.058497528723147,12.61543989923164,13.6739374279548,1.135897197228558,1.1304050971119062,True
11.42,3.0586069706558683,12.638048100958784,13.696655071614664,1.1358672053440764,1.1304150633837797,True
11.44,3.058715616346564,12.660656501280052,13.719372117626627,1.135837432169894,1.1304249566146694,True
11.46,3.058823471608781,12.68326509874004,13.742088570348834,1.1358078761018902,1.1304347773456012,True
11.48,3.0589305422133246,12.705873891894123,13.764804434107461,1.1357785355478418,1.130444526113508,True
11.5,3.0590368338885754,12.728482879308379,13.787519713196966,1.1357494089273337,1.1304542034512675,True
11.52,3.059142352320805,12.751092059559499,13.810234411880316,1.135720494671669,1.130463809887727,True
11.540000000000001,3.059247103154491,12.773701431234715,13.832948534389217,1.1356917912237812,1.130473345947742,True
11.56,3.0593510919926286,12.796310992931707,13.855662084924347,1.1356632970381448,1.1304828121522033,True
11.58,3.0594543243970374,12.818920743258545,13.878375067655593,1.1356350105806892,1.130492209018068,True
11.6,3.05955680588867,12.841530680833593,13.901087486722274,1.1356069303287106,1.1305015370583937,True
11.620000000000001,3.059658541947916,12.864140804285439,13.923799346233368,1.1355790547707885,1.130510796782365,True
11.64,3.0597595380149025,12.886751112252815,13.94651065026773,1.135551382406697,1.1305199886953272,True
11.66,3.0598597994897956,12.909361603384523,13.96922140287433,1.1355239117473233,1.1305291132988124,True
11.68,3.0599593317330953,12.931972276339357,13.991931608072463,1.1354966413145815,1.1305381710905742,True
11.700000000000001,3.0600581400659337,12.95458312978603,14.014641269851975,1.135469569641331,1.1305471625646129,True
11.72,3.060156229770365,12.977194162403094,14.03735039217347,1.1354426952712926,1.1305560882112071,True
11.74,3.0602536060896575,12.999805372878873,14.060058978968542,1.1354160167589666,1.130564948516943,True
11.76,3.0603502742285817,13.022416759911385,14.082767034139978,1.1353895326695522,1.1305737439647414,True
11.78,3.060446239353696,13.045028322208271,14.105474561561978,1.135363241578866,1.1305824750338878,True
11.8,3.0605415065936312,13.067640058486722,14.128181565080364,1.1353371420732628,1.13059114220006,True
11.82,3.0606360810393727,13.090251967473403,14.150888048512787,1.1353112327495547,1.130599745935357,True
11.84,3.060729967744539,13.112864047904388,14.173594015648938,1.1352855122149335,1.1306082867083258,True
11.86,3.06082317172566,13.135476298525088,14.196299470250757,1.135259979086892,1.1306167649839896,True
11.88,3.0609156979624523,13.158088718090177,14.21900441605264,1.1352346319931466,1.1306251812238757,True
11.9,3.0610075513980934,13.180701305363526,14.24170885676163,1.1352094695715593,1.130633535886041,True
11.92,3.0610987369394915,13.203314059118131,14.264412796057634,1.135184490470063,1.1306418294251017,True
11.94,3.061189259457555,13.22592697813605,14.287116237593615,1.1351596933465842,1.130650062292258,True
11.96,3.061279123787461,13.24854006120833,14.309819184995801,1.135135076868968,1.1306582349353196,True
11.98,3.0613683347289196,13.271153307134934,14.332521641863863,1.1351106397149047,1.1306663477987353,True
12.0,3.0614568970464355,13.29376671472469,14.355223611771134,1.1350863805718536,1.1306744013236172,True
12.0,3.0614568970464355,13.29376671472469,14.355223611771134,0.4098923040953916,0.2638240269755106,False
12.02,3.0643747565940114,13.299043814326799,14.36341857092082,0.40960374830874446,0.2638858936587571,False
12.04,3.0672856182995187,13.30432214889224,14.371607767191765,0.4093160157647605,0.26394752352151496,False
12.06,3.07018950332409,13.309601713697345,14.379791217021443,0.40902910372626206,0.26400891783683345,False
12.08,3.073086432748826,13.314882504043826,14.387968936792658,0.4087430094644083,0.26407007786873954,False
12.1,3.0759764275751427,13.320164515258575,14.396140942833725,0.40845773025870274,0.26413100487231717,False
12.12,3.078859508725118,13.325447742693505,14.404307251418631,0.4081732633969994,0.26419170009378534,False
12.14,3.0817356970418337,13.330732181725363,14.412467878767206,0.40788960617550857,0.2642521647705763,False
12.16,3.0846050132897167,13.336017827755557,14.420622841045281,0.4076067558988024,0.26431240013141144,False
12.18,3.087467478154883,13.341304676209983,14.428772154364873,0.4073247098798189,0.2643724073963781,False
12.2,3.090323112245473,13.346592722538853,14.436915834784331,0.40704346543986597,0.2644321877770043,False
12.22,3.0931719360919936,13.351881962216524,14.445053898308524,0.4067630199086245,0.2644917424763332,False
12.24,3.096013970147651,13.35717239074133,14.453186360888987,0.406483370624151,0.26455107268899686,False
12.26,3.0988492347886867,13.362464003635417,14.46131323842411,0.4062045149328797,0.26461017960128896,False
12.28,3.101677750314713,13.367756796444567,14.469434546759288,0.40592645018962364,0.26466906439123716,False
12.3,3.1044995369490436,13.373050764738052,14.477550301687101,0.40564917375757553,0.2647277282286741,False
12.32,3.107314614839023,13.378345904108444,14.485660518947475,0.40537268300830837,0.26478617227530854,False
12.34,3.110123004056359,13.383642210171484,14.49376521422785,0.4050969753217743,0.2648443976847948,False
12.36,3.1129247245974487,13.388939678565896,14.50186440316335,0.4048220480863047,0.26490240560280226,False
12.38,3.1157197963837056,13.394238304953241,14.509958101336952,0.4045478986986075,0.26496019716708386,False
12.4,3.118508239261884,13.399538085017756,14.518046324279645,0.4042745245637666,0.2650177735075439,False
12.42,3.121290073004404,13.4048390144662,14.526129087470608,0.4040019230952382,0.26507513574630487,False
12.44,3.124065317309674,13.410141089027693,14.534206406337374,0.4037300917148484,0.2651322849977745,False
12.46,3.1268339918024095,13.415444304453574,14.54227829625599,0.40345902785278964,0.26518922236871073,False
12.48,3.129596116033955,13.420748656517235,14.550344772551195,0.4031887289476167,0.2652459489582874,False
12.5,3.1323517094826023,13.426054141013976,14.558405850496584,0.4029191924462418,0.2653024658581584,False
12.52,3.1351007915539055,13.43136075376086,14.56646154531477,0.40265041580393035,0.2653587741525218,False
12.54,3.1378433815809976,13.436668490596555,14.574511872177556,0.40238239648429497,0.26541487491818233,False
12.56,3.1405794988249056,13.441977347381194,14.582556846206105,0.40211513195929,0.2654707692246146,False
12.58,3.143309162474861,13.447287319996226,14.590596482471092,0.401848619709205,0.26552645813402453,False
12.6,3.146032391648613,13.452598404344275,14.598630795992893,0.401582857222658,0.26558194270141067,False
12.62,3.1487492053927384,13.45791059634899,14.606659801741733,0.40131784199658854,0.265637223974625,False
12.64,3.151459622682949,13.463223891954907,14.61468351463786,0.4010535715362499,0.26569230299443286,False
12.66,3.1541636624244007,13.468538287127306,14.62270194955171,0.400790043355201,0.2657471807945724,False
12.68,3.1568613434519976,13.473853777852073,14.630715121304075,0.40052725497529856,0.26580185840181325,False
12.7,3.159552684530699,13.479170360135559,14.638723044666262,0.4002652039266876,0.2658563368360152,False
12.72,3.1622377043558196,13.484488030004448,14.646725734360272,0.40000388774779283,0.26591061711018527,False
12.74,3.1649164215533347,13.489806783505609,14.654723205058948,0.3997433039853089,0.2659647002305355,False
12.76,3.1675888546801785,13.495126616705974,14.662715471386157,0.39948345019419057,0.2660185871965388,False
12.78,3.170255022224545,13.500447525692394,14.670702547916944,0.3992243239376424,0.2660722790009856,False
12.8,3.1729149426061842,13.505769506571513,14.678684449177702,0.39896592278710813,0.2661257766300388,False
12.82,3.175568634176701,13.511092555469626,14.686661189646331,0.3987082443222599,0.26617908106328864,False
12.84,3.1782161152198483,13.51641666853256,14.694632783752414,0.3984512861309866,0.26623219327380726,False
12.86,3.180857403951823,13.521741841925538,14.702599245877368,0.39819504580938286,0.2662851142282027,False
12.88,3.1834925185215583,13.52706807183305,14.710560590354614,0.39793952096173624,0.26633784488667145,False
12.9,3.186121477011013,13.532395354458725,14.718516831469744,0.3976847092005162,0.26639038620305205,False
12.92,3.188744297435464,13.53772368602521,14.72646798346068,0.39743060814636005,0.2664427391248767,False
12.94,3.1913609977437964,13.543053062774034,14.734414060517835,0.3971772154280615,0.26649490459342334,False
12.96,3.1939715958187866,13.548383480965493,14.742355076784285,0.3969245286825566,0.2665468835437666,False
12.98,3.1965761094773923,13.553714936878523,14.750291046355922,0.39667254555491077,0.2665986769048289,False
13.0,3.1991745564710365,13.559047426810578,14.75822198328162,0.3964212636983047,0.26665028559943027,False
13.02,3.201766954485891,13.564380947077504,14.766147901563402,0.3961706807740207,0.2667017105443383,False
13.04,3.2043533211431585,13.569715494013426,14.77406881515659,0.39592079445142825,0.26675295265031734,False
13.06,3.2069336739993544,13.575051063970625,14.781984737969985,0.39567160240796967,0.26680401282217747,False
13.08,3.209508030546586,13.580387653319413,14.789895683866005,0.39542310232914507,0.26685489195882256,False
13.1,3.212076408212833,13.585725258448031,14.79780166666087,0.3951752919084977,0.2669055909532981,False
13.120000000000001,3.2146388243622224,13.591063875762513,14.805702700124742,0.3949281688475981,0.2669561106928389,False
13.14,3.217195296295306,13.59640350168659,14.813598797981902,0.3946817308560292,0.2670064520589156,False
13.16,3.2197458412493347,13.601744132661555,14.821489973910895,0.3944359756513702,0.2670566159272815,False
13.18,3.2222904763985336,13.607085765146165,14.829376241544704,0.3941909009591809,0.26710660316801843,False
13.2,3.2248292188543726,13.61242839561652,14.8372576144709,0.3939465045129852,0.2671564146455823,False
13.22,3.2273620856658383,13.61777202056596,14.845134106231805,0.39370278405425474,0.2672060512188483,False
13.24,3.2298890938197045,13.623116636504937,14.853005730324648,0.39345973733239265,0.2672555137411557,False
13.26,3.2324102602408002,13.62846223996092,14.860872500201728,0.39321736210471625,0.2673048030603519,False
13.28,3.234925601792277,13.63380882747828,14.868734429270564,0.39297565613644053,0.26735392001883684,False
13.3,3.2374351352758763,13.639156395618183,14.876591530894068,0.3927346172006603,0.2674028654536057,False
13.32,3.239938877432193,13.644504940958479,14.884443818390679,0.39249424307833336,0.26745164019629253,False
13.34,3.2424368449409413,13.649854460093598,14.892291305034547,0.3922545315582628,0.26750024507321274,False
13.36,3.244929054421216,13.655204949634443,14.900134004055667,0.3920154804370789,0.26754868090540523,False
13.38,3.247415522431754,13.66055640620829,14.90797192864005,0.3917770875192216,0.26759694850867427,False
13.4,3.249896265471194,13.66590882645867,14.91580509192987,0.39153935061692224,0.26764504869363087,False
13.42,3.2523712999783387,13.671262207045283,14.923633507023629,0.3913022675501851,0.2676929822657341,False
13.44,3.254840642332408,13.676616544643885,14.9314571869763,0.39106583614676926,0.26774075002533165,False
13.46,3.2573043088533002,13.681971835946184,14.939276144799491,0.3908300542421698,0.26778835276769963,False
13.48,3.259762315801844,13.687328077659748,14.947090393461597,0.39059491967959914,0.2678357912830831,False
13.5,3.262214679380056,13.692685266507898,14.95489994588796,0.39036043030996814,0.2678830663567354,False
13.52,3.2646614157313905,13.698043399229608,14.962704814961004,0.39012658399186695,0.2679301787689574,False
13.54,3.2671025409409946,13.703402472579416,14.970505013520416,0.38989337859154616,0.26797712929513595,False
13.56,3.2695380710359587,13.70876248332731,14.978300554363276,0.38966081198289676,0.2680239187057826,False
13.58,3.2719680219855634,13.714123428258649,14.986091450244217,0.38942888204743176,0.2680705477665716,False
13.6,3.274392409701532,13.719485304174048,14.993877713875586,0.38919758667426546,0.26811701723837766,False
13.620000000000001,3.2768112500382753,13.724848107889299,15.001659357927581,0.3889669237600948,0.26816332787731334,False
13.64,3.279224558793139,13.730211836235265,15.00943639502841,0.3887368912091787,0.268209480434766,False
13.66,3.281632351706648,13.735576486057791,15.017208837764446,0.3885074869333187,0.2682554756574345,False
13.68,3.284034644462752,13.74094205421761,15.024976698680371,0.38827870885183846,0.2683013142873656,False
13.7,3.2864314526890674,13.74630853759025,15.032739990279326,0.38805055489156404,0.2683469970619897,False
13.72,3.288822791957119,13.751675933065941,15.040498725023069,0.38782302298680316,0.26839252471415714,False
13.74,3.2912086777825804,13.757044237549524,15.048252915332114,0.38759611107932535,0.2684378979721729,False
13.76,3.2935891256255148,13.76241344796036,15.056002573585884,0.3873698171183411,0.26848311755983173,False
13.78,3.2959641508906126,13.767783561232244,15.063747712122865,0.38714413906048134,0.26852818419645325,False
13.8,3.298333768927429,13.773154574313311,15.071488343240748,0.3869190748697769,0.268573098596916,False
13.82,3.3006979950306197,13.778526484165951,15.07922447919658,0.38669462251763764,0.2686178614716916,False
13.84,3.3030568444401767,13.783899287766717,15.086956132206902,0.386470779982832,0.2686624735268784,False
13.86,3.3054103323416633,13.789272982106242,15.094683314447913,0.38624754525146554,0.268706935464235,False
13.88,3.307758473866445,13.794647564189152,15.102406038055605,0.38602491631696,0.2687512479812137,False
13.9,3.3101012840919224,13.800023031033977,15.110124315125908,0.3858028911800328,0.2687954117709927,False
13.92,3.312438778041763,13.805399379673071,15.117838157714841,0.38558146784867536,0.2688394275225093,False
13.94,3.3147709706861286,13.81077660715252,15.125547577838658,0.3853606443381321,0.2688832959204916,False
13.96,3.3170978769419075,13.816154710532071,15.133252587473986,0.38514041867087884,0.2689270176454909,False
13.98,3.3194195116729386,13.821533686885031,15.140953198557979,0.3849207888766021,0.26897059337391316,False
14.0,3.32173588969024,13.8269135332982,15.148649422988449,0.3847017529921771,0.26901402377805034,False
14.02,3.3240470257522343,13.83229424687178,15.156341272624022,0.3844833090616465,0.26905730952611173,False
14.04,3.326352934564972,13.8376758247193,15.164028759284278,0.384265455136199,0.2691004512822545,False
14.06,3.3286536307823575,13.843058263967528,15.171711894749892,0.38404818927414724,0.2691434497066144,False
14.08,3.3309491290063677,13.848441561756395,15.17939069076277,0.38383150954090706,0.2691863054553358,False
14.1,3.3332394437872765,13.85382571523892,15.1870651590262,0.38361541400897514,0.2692290191806022,False
14.120000000000001,3.335524589623874,13.85921072158112,15.194735311205,0.38339990075790725,0.26927159153066543,False
14.14,3.337804580963686,13.86459657796194,15.202401158925632,0.38318496787429696,0.26931402314987546,False
14.16,3.3400794322031913,13.869983281573179,15.210062713776376,0.3829706134517534,0.2693563146787093,False
14.18,3.342349157688041,13.8753708296194,15.217719987307445,0.38275683559087964,0.26939846675380025,False
14.2,3.344613771713273,13.88075921931786,15.225372991031136,0.38254363239925043,0.26944048000796633,False
14.22,3.3468732885235277,13.886148447898439,15.233021736421971,0.3823310019913909,0.269482355070239,False
14.24,3.3491277223132623,13.891538512603558,15.240666234916826,0.38211894248875417,0.2695240925658908,False
14.26,3.351377087226964,13.896929410688108,15.248306497915078,0.3819074520196994,0.2695656931164641,False
14.280000000000001,3.3536213973593636,13.902321139419369,15.255942536778738,0.3816965287194696,0.269607157339798,False
14.3,3.3558606667556425,13.907713696076947,15.263574362832594,0.3814861707301701,0.2696484858500561,False
14.32,3.3580949094116486,13.913107077952688,15.271201987364343,0.3812763762007463,0.2696896792577538,False
14.34,3.360324139274102,13.91850128235062,15.278825421624726,0.381067143286961,0.2697307381697849,False
14.36,3.3625483702408037,13.923896306586865,15.286444676827674,0.3808584701513732,0.2697716631894489,False
14.379999999999999,3.364767616160844,13.92929214798958,15.294059764150429,0.38065035496331523,0.26981245491647676,False
14.4,3.3669818908348086,13.934688803898881,15.301670694733696,0.38044279589887103,0.2698531139470577,False
14.42,3.3691912080149824,13.940086271666772,15.309277479681759,0.3802357911408538,0.26989364087386497,False
14.44,3.3713955814055563,13.945484548657074,15.316880130062636,0.38002933887878393,0.2699340362860817,False
14.46,3.3735950246628286,13.950883632245358,15.324478656908191,0.37982343730886675,0.2699743007694266,False
14.48,3.375789551395409,13.956283519818875,15.332073071214289,0.37961808463397034,0.2700144349061788,False
14.5,3.3779791751644197,13.961684208776486,15.339663383940911,0.37941327906360334,0.27005443927520384,False
14.52,3.3801639094836955,13.967085696528601,15.347249606012301,0.3792090188138928,0.27009431445197774,False
14.54,3.382343767819984,13.972487980497098,15.354831748317087,0.3790053021075619,0.27013406100861204,False
14.56,3.384518763593145,13.97789105811527,15.362409821708422,0.37880212717390754,0.2701736795138784,False
14.58,3.386688910176346,13.98329492682775,15.369983837004101,0.37859949224877876,0.27021317053323257,False
14.6,3.3888542208962624,13.988699584090442,15.37755380498671,0.3783973955745537,0.27025253462883864,False
14.620000000000001,3.3910147090332705,13.994105027370471,15.385119736403746,0.3781958354001181,0.27029177235959284,False
14.64,3.3931703878216437,13.9995112541461,15.392681641967748,0.37799480998084245,0.27033088428114715,False
14.66,3.3953212704497475,14.004918261906672,15.400239532356425,0.3777943175785605,0.2703698709459328,False
14.68,3.397467370060232,14.010326048152553,15.40779341821279,0.3775943564615464,0.2704087329031833,False
14.7,3.399608699750223,14.015734610395057,15.415343310145285,0.3773949249044929,0.27044747069895775,False
14.72,3.4017452725715156,14.02114394615639,15.42288921872791,0.3771960211884891,0.2704860848761635,False
14.74,3.4038771015307625,14.026554052969578,15.430431154500347,0.3769976436009982,0.27052457597457885,False
14.76,3.4060041995896664,14.031964928378425,15.437969127968097,0.3767997904358353,0.2705629445308754,False
14.780000000000001,3.408126579665166,14.037376569937424,15.445503149602596,0.3766024599931456,0.2706011910786406,False
14.8,3.410244254629624,14.042788975211717,15.453033229841347,0.3764056505793819,0.27063931614839926,False
14.82,3.4123572373110176,14.048202141777024,15.460559379088048,0.37620936050728254,0.2706773202676361,False
14.84,3.4144655404931195,14.053616067219584,15.468081607712708,0.3760135880958495,0.2707152039608167,False
14.86,3.4165691769156865,14.059030749136094,15.475599926051785,0.37581833167032613,0.27075296774940977,False
14.879999999999999,3.4186681592746435,14.064446185133653,15.483114344408301,0.37562358956217523,0.270790612151908,False
14.9,3.420762500222266,14.069862372829702,15.490624873051972,0.37542936010905686,0.2708281376838491,False
14.92,3.422852212367362,14.075279309851956,15.498131522219323,0.3752356416548066,0.2708655448578373,False
14.94,3.424937308275457,14.08069699383836,15.50563430211382,0.37504243254941316,0.27090283418356353,False
14.96,3.427017800468971,14.086115422437024,15.513133222905997,0.3748497311489969,0.2709400061678263,False
14.98,3.4290937014274,14.091534593306157,15.520628294733562,0.37465753581578737,0.27097706131455235,False
15.0,3.431165023587498,14.096954504114029,15.528119527701532,0.37446584491810186,0.2710140001248164,False
15.02,3.4332317793434504,14.102375152538896,15.53560693188235,0.3742746568303231,0.2710508230968618,False
15.04,3.4352939810470553,14.107796536268951,15.543090517316012,0.3740839699328779,0.2710875307261202,False
15.06,3.437351641007899,14.113218653002274,15.550570294010177,0.3738937826122146,0.27112412350523085,False
15.08,3.4394047714935296,14.11864150044676,15.558046271940295,0.37370409326078224,0.2711606019240613,False
15.1,3.4414533847296376,14.124065076320083,15.565518461049724,0.3735149002770079,0.27119696646972563,False
15.120000000000001,3.443497492900225,14.129489378349625,15.572986871249855,0.3733262020652752,0.27123321762660463,False
15.14,3.445537108147779,14.134914404272433,15.580451512420217,0.3731379970359032,0.2712693558763642,False
15.16,3.447572242573449,14.14034015183516,15.587912394408612,0.3729502836051238,0.27130538169797475,False
15.18,3.4496029082372135,14.145766618794006,15.595369527031224,0.3727630601950606,0.27134129556772996,False
15.2,3.451629117158053,14.151193802914682,15.602822920072738,0.37257632523370754,0.2713770979592653,False
15.22,3.4536508813141213,14.15662170197233,15.610272583286456,0.37239007715490663,0.2714127893435762,False
15.24,3.455668212642912,14.162050313751498,15.617718526394414,0.37220431439832735,0.2714483701890372,False
15.26,3.4576811230414295,14.167479636046073,15.625160759087505,0.3720190354094442,0.27148384096141925,False
15.280000000000001,3.459689624366357,14.172909666659224,15.632599291025583,0.37183423863951587,0.2715192021239081,False
15.3,3.4616937284342204,14.178340403403368,15.64003413183759,0.3716499225455637,0.2715544541371224,False
15.32,3.463693447021559,14.183771844100102,15.647465291121662,0.3714660855903503,0.2715895974591309,False
15.34,3.4656887918650865,14.189203986580162,15.654892778445252,0.3712827262423582,0.2716246325454705,False
15.36,3.4676797746618595,14.19463682868337,15.662316603345232,0.37109984297576837,0.2716595598491635,False
15.379999999999999,3.469666407069438,14.200070368258581,15.669736775328023,0.3709174342704394,0.27169437982073485,False
15.4,3.4716487007060515,14.20550460316364,15.677153303869694,0.3707354986118859,0.27172909290822944,False
15.42,3.473626667150759,14.210939531265321,15.684566198416082,0.3705540344912576,0.2717636995572288,False
15.44,3.475600317943611,14.216375150439292,15.691975468382907,0.3703730404053182,0.27179820021086837,False
15.46,3.477569664585813,14.221811458570059,15.699381123155876,0.37019251485642407,0.2718325953098541,False
15.48,3.4795347185398815,14.227248453550912,15.706783172090796,0.37001245635250346,0.2718668852924789,False
15.5,3.481495491229805,14.232686133283888,15.714181624513696,0.3698328634070355,0.271901070594639,False
15.52,3.483451994041205,14.238124495679719,15.721576489720926,0.3696537345390291,0.2719351516498509,False
15.54,3.485404238321489,14.243563538657778,15.72896777697927,0.36947506827300247,0.2719691288892669,False
15.56,3.4873522353800124,14.249003260146043,15.736355495526057,0.3692968631389617,0.27200300274169137,False
15.58,3.4892959964882313,14.254443658081042,15.743739654569277,0.3691191176723804,0.2720367736335967,False
15.6,3.4912355328798603,14.259884730407812,15.751120263287673,0.3689418304141789,0.27207044198913927,False
15.620000000000001,3.493170855751026,14.265326475079846,15.758497330830874,0.3687649999107032,0.27210400823017483,False
15.64,3.4951019762604227,14.270768890059053,15.765870866319476,0.36858862471370507,0.27213747277627437,False
15.66,3.497028905529463,14.276211973315712,15.773240878845177,0.3684127033803206,0.2721708360447391,False
15.68,3.4989516546424353,14.281655722828425,15.780607377470862,0.36823723447305023,0.2722040984506162,False
15.7,3.5008702346466505,14.287100136584073,15.787970371230724,0.36806221655973814,0.27223726040671387,False
15.72,3.502784656552597,14.292545212577767,15.795329869130365,0.3678876482135515,0.27227032232361614,False
15.74,3.504694931334089,14.297990948812812,15.802685880146903,0.36771352801296087,0.2723032846096981,False
15.76,3.506601069928419,14.303437343300658,15.810038413229078,0.3675398545417188,0.2723361476711407,False
15.780000000000001,3.5085030832365036,14.308884394060854,15.81738747729736,0.36736662638884027,0.2723689119119452,False
15.8,3.5104009821230355,14.31433209912101,15.824733081244048,0.36719384214858236,0.27240157773394774,False
15.82,3.5122947774166287,14.319780456516751,15.832075233933383,0.367021500420424,0.2724341455368345,False
15.84,3.5141844799099666,14.325229464291674,15.839413944201644,0.3668495998090456,0.27246661571815506,False
15.86,3.516070100359948,14.330679120497305,15.846749220857253,0.36667813892430956,0.27249898867333705,False
15.879999999999999,3.517951649487834,14.336129423193055,15.854081072680891,0.36650711638123956,0.2725312647957007,False
15.9,3.5198291379793907,14.34158037044619,15.86140950842558,0.3663365308000013,0.2725634444764721,False
15.92,3.521702576485037,14.347031960331766,15.868734536816804,0.366166380805882,0.27259552810479765,False
15.94,3.5235719756199853,14.352484190932612,15.8760561665526,0.3659966650292708,0.2726275160677574,False
15.96,3.5254373459643853,14.357937060339275,15.88337440630366,0.3658273821056392,0.27265940875037925,False
15.98,3.5272986980634666,14.36339056664998,15.890689264713448,0.3656585306755209,0.272691206535652,False
16.0,3.5291560424276813,14.368844707970592,15.898000750398275,0.3654901093844923,0.2727229098045392,False
16.02,3.531009389532844,14.374299482414578,15.905308871947422,0.3653221168831529,0.27275451893599234,False
16.04,3.5328587498202713,14.379754888102962,15.912613637923235,0.36515455182710577,0.27278603430696413,False
16.060000000000002,3.534704133696924,14.385210923164287,15.919915056861212,0.364987412876938,0.27281745629242143,False
16.08,3.5365455515355433,14.390667585734576,15.92721313727012,0.36482069869820105,0.27284878526535883,False
16.1,3.538383013674792,14.396124873957293,15.934507887632085,0.36465440796139187,0.2728800215968109,False
16.12,3.54021653041939,14.4015827859833,15.941799316402692,0.3644885393419328,0.2729111656558658,False
16.14,3.5420461120402527,14.407041319970826,15.94908743201108,0.36432309152015324,0.27294221780967726,False
16.16,3.543871768774627,14.412500474085421,15.956372242860049,0.36415806318126936,0.2729731784234776,False
16.18,3.5456935108262275,14.41796024649992,15.96365375732615,0.36399345301536573,0.2730040478605906,False
16.2,3.547511348365371,14.42342063539441,15.970931983759781,0.3638292597173762,0.2730348264824431,False
16.22,3.5493252915291125,14.428881638956181,15.978206930485294,0.36366548198706405,0.273065514648578,False
16.240000000000002,3.5511353504213776,14.4343432553797,15.98547860580108,0.36350211852900405,0.2730961127166665,False
16.259999999999998,3.5529415351130966,14.439805482866566,15.992747017979664,0.36333916805256306,0.27312662104251995,False
16.28,3.5547438556423385,14.445268319625479,16.000012175267816,0.36317662927188066,0.27315703998010205,False
16.3,3.556542322014439,14.450731763872197,16.007274085886635,0.36301450090585147,0.2731873698815409,False
16.32,3.5583369442021366,14.4561958138295,16.01453275803164,0.3628527816781053,0.2732176110971406,False
16.34,3.5601277321457023,14.461660467727166,16.02178819987287,0.3626914703169891,0.27324776397539363,False
16.36,3.561914695753068,14.467125723801914,16.02904041955498,0.36253056555554813,0.27327782886299173,False
16.38,3.5636978448999574,14.472591580297381,16.03628942519734,0.3623700661315074,0.27330780610483807,False
16.4,3.5654771894300157,14.47805803546409,16.043535224894107,0.3622099707872532,0.2733376960440587,False
16.42,3.5672527391549376,14.483525087559402,16.05077782671434,0.36205027826981456,0.27336749902201396,False
16.44,3.569024503854594,14.488992734847493,16.05801723870209,0.36189098733084496,0.2733972153783094,False
16.46,3.570792493277161,14.49446097559931,16.06525346887647,0.36173209672660395,0.27342684545080775,False
16.48,3.572556717139246,14.49992980809254,16.07248652523179,0.36157360521793874,0.2734563895756393,False
16.5,3.5743171851260134,14.50539923061158,16.079716415737597,0.3614155115702664,0.2734858480872139,False
16.52,3.57607390689131,14.510869241447493,16.086943148338804,0.3612578145535554,0.27351522131823097,False
16.54,3.5778268920577916,14.516339838897979,16.094166730955774,0.36110051294230733,0.2735445095996912,False
16.560000000000002,3.579576150217045,14.521811021267347,16.101387171484394,0.36094360551553933,0.27357371326090685,False
16.58,3.5813216909297125,14.527282786866465,16.10860447779618,0.3607870910567659,0.2736028326295129,False
16.6,3.5830635237256176,14.53275513401275,16.11581865773837,0.36063096835398084,0.2736318680314774,False
16.62,3.5848016581038835,14.53822806103011,16.123029719133996,0.36047523619963984,0.27366081979111223,False
16.64,3.5865361035330574,14.543701566248929,16.130237669781987,0.36031989339064213,0.27368968823108325,False
16.66,3.588266869451233,14.54917564800603,16.137442517457263,0.3601649387283132,0.2737184736724215,False
16.68,3.5899939652661694,14.554650304644632,16.144644269910803,0.36001037101838695,0.2737471764345329,False
16.7,3.5917174003554124,14.560125534514334,16.151842934869748,0.35985618907098826,0.2737757968352083,False
16.72,3.5934371840664143,14.565601335971072,16.159038520037488,0.3597023917006151,0.2738043351906345,False
16.740000000000002,3.595153325716654,14.57107770737709,16.166231033093744,0.35954897772612143,0.27383279181540376,False
16.759999999999998,3.596865834593753,14.576554647100904,16.173420481694656,0.3593959459706997,0.2738611670225239,False
16.78,3.5985747199555984,14.582032153517282,16.18060687347288,0.35924329526186294,0.2738894611234284,False
16.8,3.600279991030454,14.5875102250072,16.187790216037655,0.35909102443142865,0.2739176744279861,False
16.82,3.6019816570170846,14.592988859957815,16.194970516974898,0.3589391323155004,0.2739458072445114,False
16.84,3.6036797270848666,14.598468056762439,16.202147783847305,0.35878761775445117,0.2739738598797735,False
16.86,3.6053742103739075,14.6039478138205,16.209322024194407,0.3586364795929063,0.27400183263900635,False
16.88,3.607065115995159,14.609428129537518,16.216493245532675,0.3584857166797262,0.2740297258259183,False
16.9,3.6087524530305357,14.614909002325069,16.223661455355604,0.35833532786798966,0.27405753974270114,False
16.92,3.610436230533024,14.620390430600764,16.23082666113379,0.3581853120149766,0.27408527469004046,False
16.94,3.6121164575268017,14.625872412788205,16.237988870315007,0.3580356679821514,0.27411293096712397,False
16.96,3.6137931430073467,14.631354947316966,16.245148090324314,0.35788639463514604,0.2741405088716517,False
16.98,3.615466295941553,14.636838032622562,16.252304328564115,0.35773749084374346,0.27416800869984465,False
17.0,3.617135925267842,14.642321667146415,16.259457592414257,0.35758895548186065,0.27419543074645425,False
17.02,3.6188020398962735,14.647805849335832,16.266607889232105,0.3574407874275322,0.2742227753047714,False
17.04,3.620464648708659,14.653290577643963,16.273755226352623,0.35729298556289363,0.2742500426666355,False
17.060000000000002,3.622123760558669,14.658775850529791,16.28089961108846,0.3571455487741651,0.27427723312244323,False
17.08,3.623779384271948,14.664261666458081,16.28804105073003,0.35699847595163475,0.2743043469611579,False
17.1,3.625431528646221,14.669748023899373,16.295179552545594,0.35685176598964236,0.274331384470318,False
17.12,3.627080202451402,14.675234921329938,16.30231512378134,0.3567054177865631,0.2743583459360458,False
17.14,3.628725414429707,14.680722357231758,16.309447771661464,0.3565594302447913,0.2743852316430564,False
17.16,3.630367173295758,14.686210330092491,16.31657750338825,0.3564138022707241,0.27441204187466617,False
17.18,3.632005487736692,14.691698838405454,16.323704326142146,0.3562685327747454,0.27443877691280144,False
17.2,3.63364036641227,14.697187880669585,16.330828247081854,0.3561236206712099,0.27446543703800697,False
17.22,3.6352718179549823,14.702677455389416,16.3379492733444,0.35597906487842673,0.2744920225294543,False
17.240000000000002,3.6368998509701544,14.708167561075056,16.34506741204521,0.3558348643186441,0.27451853366495044,False
17.259999999999998,3.6385244740360534,14.71365819624215,16.352182670278204,0.35569101791803276,0.2745449707209458,False
17.28,3.6401456957039944,14.719149359411865,16.359295055115858,0.35554752460667044,0.2745713339725427,False
17.3,3.641763524498443,14.724641049110849,16.366404573609294,0.3554043833185264,0.2745976236935037,False
17.32,3.643377968917122,14.730133263871219,16.373511232788342,0.355261592991445,0.27462384015625957,False
17.34,3.644989037431115,14.73562600223052,16.380615039661635,0.35511915256713056,0.2746499836319171,False
17.36,3.646596738484967,14.741119262731713,16.38771600121668,0.3549770609911318,0.27467605439026793,False
17.38,3.6482010804967917,14.746613043923137,16.39481412441993,0.35483531721282596,0.2747020526997957,False
17.4,3.6498020718583706,14.752107344358492,16.401909416216867,0.3546939201854037,0.2747279788276844,False
17.42,3.651399720935257,14.757602162596807,16.409001883532067,0.3545528688658532,0.2747538330398262,False
17.44,3.652994036066876,14.763097497202413,16.41609153326929,0.3544121622149454,0.27477961560082914,False
17.46,3.654585025566627,14.768593346744924,16.42317837231155,0.35427179919721824,0.27480532677402475,False
17.48,3.656172697721984,14.774089709799203,16.430262407521187,0.3541317787809617,0.2748309668214763,False
17.5,3.657757060794595,14.77958658494535,16.437343645739944,0.35399209993820235,0.27485653600398574,False
17.52,3.6593381230203823,14.78508397076866,16.444422093789044,0.3538527616446884,0.2748820345811016,False
17.54,3.6609158926096423,14.790581865859613,16.451497758469255,0.3537137628798747,0.2749074628111267,False
17.560000000000002,3.662490377747144,14.796080268813839,16.458570646560982,0.3535751026269076,0.27493282095112537,False
17.58,3.664061586592225,14.801579178232096,16.46564076482432,0.3534367798726102,0.2749581092569307,False
17.6,3.665629527278895,14.807078592720252,16.472708119999147,0.353298793607467,0.2749833279831525,False
17.62,3.6671942079159265,14.81257851088925,16.479772718805176,0.35316114282560973,0.2750084773831839,False
17.64,3.668755636586958,14.818078931355087,16.486834567942044,0.3530238265248021,0.27503355770920923,False
17.66,3.6703138213505855,14.823579852738797,16.493893674089385,0.3528868437064252,0.2750585692122108,False
17.68,3.671868770240463,14.82908127366642,16.500950043906883,0.35275019337546293,0.2750835121419762,False
17.7,3.6734204912653947,14.834583192768978,16.508003684034374,0.35261387454048737,0.2751083867471055,False
17.72,3.6749689924094326,14.840085608682456,16.51505460109189,0.3524778862136442,0.2751331932750181,False
17.740000000000002,3.676514281631971,14.845588520047773,16.522102801679743,0.3523422274106381,0.2751579319719601,False
17.759999999999998,3.6780563668678385,14.851091925510762,16.5291482923786,0.35220689715071896,0.2751826030830107,False
17.78,3.679595256027397,14.856595823722147,16.536191079749546,0.3520718944566664,0.27520720685208955,False
17.8,3.68113095699663,14.862100213337518,16.54323117033415,0.35193721835477654,0.2752317435219636,False
17.82,3.682663477637239,14.867605093017309,16.55026857065455,0.35180286787484705,0.27525621333425354,False
17.84,3.684192825786735,14.873110461426775,16.557303287213507,0.3516688420501634,0.27528061652944114,False
17.86,3.685719009258532,14.878616317235968,16.5643353264945,0.35153513991748436,0.2753049533468751,False
17.88,3.687242035842037,14.884122659119718,16.571364694961755,0.3514017605170282,0.27532922402477894,False
17.9,3.6887619133027427,14.88962948575761,16.57839139906035,0.3512687028924586,0.2753534288002562,False
17.92,3.69027864938232,14.895136795833954,16.585415445216274,0.35113596609087033,0.2753775679092984,False
17.94,3.691792251798705,14.900644588037771,16.592436839836477,0.3510035491627761,0.2754016415867903,False
17.96,3.6933027282461928,14.906152861062774,16.599455589308967,0.35087145116209195,0.27542565006651737,False
17.98,3.6948100863955258,14.911661613607333,16.60647170000286,0.3507396711461238,0.2754495935811719,False
18.0,3.6963143338939823,14.917170844374464,16.613485178268448,0.35060820817555366,0.27547347236235886,False
18.02,3.6978154783654684,14.922680552071807,16.620496030437277,0.35047706131442596,0.2754972866406032,False
18.04,3.6993135274106033,14.928190735411599,16.627504262822203,0.350346229630134,0.2755210366453554,False
18.060000000000002,3.70080848860681,14.933701393110654,16.634509881717467,0.3502157121934061,0.275544722604998,False
18.08,3.7023003695084014,14.939212523890346,16.64151289339875,0.3500855080782923,0.27556834474685193,False
18.1,3.70378917764667,14.944724126476585,16.648513304123256,0.34995561636215095,0.2755919032971825,False
18.12,3.705274920529972,14.950236199599791,16.655511120129766,0.349826036125635,0.2756153984812054,False
18.14,3.7067576056438174,14.955748741994885,16.662506347638704,0.349696766452679,0.2756388305230932,False
18.16,3.708237240450953,14.961261752401256,16.669498992852212,0.3495678064304855,0.27566219964598104,False
18.18,3.7097138323914507,14.966775229562746,16.6764890619542,0.3494391551495121,0.27568550607197284,False
18.2,3.711187388882792,14.97228917222763,16.683476561110425,0.349310811703458,0.275708750022147,False
18.22,3.712657917319953,14.977803579148592,16.69046149646855,0.34918277518925084,0.2757319317165626,False
18.240000000000002,3.71412542507549,14.983318449082715,16.697443874158207,0.3490550447070339,0.27575505137426515,False
18.259999999999998,3.7155899194996227,14.988833780791438,16.704423700291066,0.3489276193601528,0.27577810921329243,False
18.28,3.7170514079203203,14.99434957304057,16.711400980960892,0.3488004982551426,0.27580110545068026,False
18.3,3.718509897643382,14.99986582460023,16.718375722243614,0.348673680501715,0.27582404030246827,False
18.32,3.7199653959525225,15.005382534244864,16.725347930197387,0.3485471652127452,0.2758469139837057,False
18.34,3.7214179101094556,15.010899700753201,16.73231761086266,0.3484209515042593,0.275869726708457,False
18.36,3.7228674473539742,15.016417322908246,16.739284770262223,0.34829503849542154,0.27589247868980726,False
18.38,3.724314014904034,15.021935399497252,16.746249414401287,0.34816942530852135,0.2759151701398685,False
18.4,3.7257576199558358,15.027453929311706,16.753211549267544,0.3480441110689612,0.27593780126978434,False
18.42,3.727198269683906,15.032972911147311,16.760171180831218,0.3479190949052432,0.2759603722897361,False
18.44,3.7286359712411765,15.03849234380396,16.767128315045138,0.34779437594895735,0.27598288340894805,False
18.46,3.730070731759069,15.04401222608572,16.77408295784479,0.3476699533347686,0.2760053348356932,False
18.48,3.7315025583475716,15.04953255680082,16.781035115148395,0.34754582620040425,0.276027726777298,False
18.5,3.732931458095321,15.05505333476162,16.787984792856946,0.34742199368664217,0.27605005944014854,False
18.52,3.7343574380696816,15.060574558784603,16.794931996854288,0.3472984549372978,0.2760723330296954,False
18.54,3.7357805053168245,15.066096227690348,16.801876733007177,0.347175209099212,0.27609454775045894,False
18.560000000000002,3.7372006668618063,15.071618340303521,16.808819007165333,0.3470522553222395,0.27611670380603487,False
18.58,3.7386179297086484,15.077140895452839,16.815758825161492,0.3469295927592354,0.27613880139909913,False
18.6,3.7400323008404146,15.082663891971078,16.8226961928115,0.34680722056604424,0.27616084073141345,False
18.62,3.7414437872192896,15.088187328695032,16.829631115914324,0.3466851379014873,0.27618282200383015,False
18.64,3.742852395786656,15.0937112044655,16.83656360025216,0.3465633439273506,0.2762047454162974,False
18.66,3.744258133463171,15.099235518127276,16.843493651590453,0.3464418378083732,0.27622661116786446,False
18.68,3.7456610071488456,15.104760268529128,16.85042127567798,0.34632061871223463,0.2762484194566866,False
18.7,3.747061023723118,15.110285454523774,16.857346478246896,0.34619968580954397,0.27627017048002994,False
18.72,3.7484581900449325,15.11581107496787,16.86426926501281,0.3460790382738271,0.2762918644342769,False
18.740000000000002,3.749852512952813,15.12133712872199,16.871189641674807,0.3459586752815153,0.27631350151493067,False
18.759999999999998,3.75124399926494,15.126863614650606,16.878107613915553,0.3458385960119336,0.27633508191662054,False
18.78,3.752632655779226,15.132390531622086,16.885023187401316,0.34571879964728897,0.27635660583310634,False
18.8,3.7540184892733883,15.13791787850865,16.891936367782044,0.3455992853726585,0.27637807345728377,False
18.82,3.7554015065050277,15.143445654186376,16.89884716069141,0.3454800523759782,0.27639948498118894,False
18.84,3.756781714211698,15.148973857535172,16.905755571746873,0.345361099848031,0.2764208405960031,False
18.86,3.758159119110982,15.154502487438759,16.912661606549747,0.3452424269824357,0.27644214049205773,False
18.88,3.759533727900566,15.160031542784658,16.91956527068523,0.34512403297563515,0.2764633848588388,False
18.9,3.760905547258311,15.165561022464173,16.92646656972249,0.34500591702688516,0.27648457388499204,False
18.92,3.7622745838423275,15.171090925372374,16.933365509214706,0.34488807833824286,0.27650570775832695,False
18.94,3.7636408442910456,15.176621250408068,16.94026209469912,0.34477051611455567,0.2765267866658219,False
18.96,3.765004335223291,15.182151996473808,16.947156331697105,0.34465322956344985,0.27654781079362883,False
18.98,3.766365063238353,15.187683162475851,16.95404822571421,0.34453621789531935,0.27656878032707716,False
19.0,3.7677230349160595,15.19321474732416,16.960937782240222,0.3444194803233146,0.2765896954506792,False
19.02,3.7690782568168455,15.198746749932372,16.96782500674922,0.34430301606333163,0.2766105563481338,False
19.04,3.770430735481826,15.204279169217795,16.974709904699626,0.3441868243340007,0.2766313632023316,False
19.060000000000002,3.771780477432866,15.20981200410139,16.98159248153426,0.3440709043566754,0.276652116195359,False
19.08,3.7731274891726505,15.215345253507744,16.9884727426804,0.3439552553554217,0.2766728155085027,False
19.1,3.7744717771847567,15.220878916365068,16.995350693549828,0.3438398765570071,0.2766934613222542,False
19.12,3.77581334793372,15.22641299160517,17.002226339538893,0.34372476719088957,0.2767140538163139,False
19.14,3.777152207865107,15.231947478163448,17.00909968602856,0.3436099264892068,0.27673459316959587,False
19.16,3.7784883634055833,15.23748237497887,17.015970738384457,0.34349535368676554,0.2767550795602318,False
19.18,3.7798218209629812,15.243017680993955,17.02283950195694,0.34338104802103075,0.27677551316557525,False
19.2,3.7811525869263707,15.248553395154767,17.029705982081143,0.3432670087321148,0.27679589416220607,False
19.22,3.7824806676661265,15.25408951641089,17.03657018407702,0.3431532350627669,0.27681622272593487,False
19.240000000000002,3.7838060695339957,15.25962604371542,17.04343211324942,0.34303972625836265,0.27683649903180657,False
19.259999999999998,3.785128798863165,15.26516297602494,17.05029177488811,0.3429264815668934,0.2768567232541051,False
19.28,3.78644886196833,15.270700312299518,17.057149174267852,0.3428135002389555,0.2768768955663574,False
19.3,3.7877662651457613,15.276238051502679,17.064004316648443,0.34270078152774014,0.2768970161413374,False
19.32,3.7890810146733704,15.281776192601402,17.070857207274777,0.3425883246890228,0.2769170851510702,False
19.34,3.7903931168107774,15.287314734566095,17.077707851376875,0.3424761289811529,0.27693710276683636,False
19.36,3.791702577799377,15.292853676370587,17.084556254169968,0.34236419366504345,0.27695706915917556,False
19.38,3.7930094038624036,15.298393016992106,17.091402420854514,0.3422525180041608,0.27697698449789065,False
19.4,3.794313601204999,15.303932755411273,17.098246356616276,0.34214110126451414,0.27699684895205196,False
19.42,3.795615176014275,15.309472890612081,17.105088066626358,0.3420299427146458,0.27701666269000097,False
19.44,3.7969141344593806,15.315013421581883,17.111927556041266,0.3419190416256207,0.2770364258793543,False
19.46,3.798210482691566,15.320554347311377,17.118764830002945,0.34180839727101625,0.27705613868700757,False
19.48,3.7995042268442467,15.326095666794593,17.125599893638842,0.3416980089269126,0.27707580127913944,False
19.5,3.80079537303307,15.331637379028875,17.13243275206195,0.3415878758718821,0.2770954138212154,False
19.52,3.8020839273559757,15.337179483014873,17.13926341037085,0.3414779973869798,0.2771149764779913,False
19.54,3.803369895893262,15.34272197775652,17.146091873649784,0.3413683727557332,0.27713448941351787,False
19.560000000000002,3.8046532847076473,15.348264862261027,17.152918146968677,0.34125900126413256,0.27715395279114363,False
19.58,3.805934099844336,15.353808135538863,17.159742235383202,0.3411498822006208,0.2771733667735193,False
19.6,3.8072123473310793,15.359351796603747,17.166564143934828,0.341041014856084,0.27719273152260127,False
19.62,3.808488033178237,15.364895844472622,17.17338387765086,0.3409323985238413,0.2772120471996552,False
19.64,3.8097611633788424,15.370440278165656,17.1802014415445,0.34082403249963544,0.27723131396526013,False
19.66,3.811031743908663,15.375985096706222,17.187016840614884,0.3407159160816228,0.2772505319793116,False
19.68,3.8122997807262613,15.381530299120879,17.193830079847142,0.34060804857036414,0.2772697014010256,False
19.7,3.813565279773059,15.387075884439371,17.20064116421243,0.34050042926881463,0.2772888223889422,False
19.72,3.8148282469733954,15.392621851694598,17.207450098667994,0.3403930574823143,0.27730789510092907,False
19.740000000000002,3.8160886882345904,15.398168199922617,17.21425688815721,0.3402859325185789,0.27732691969418494,False
19.759999999999998,3.817346609447004,15.403714928162618,17.22106153760962,0.3401790536876901,0.27734589632524337,False
19.78,3.8186020164840984,15.409262035456917,17.227864051941015,0.34007242030208584,0.2773648251499761,False
19.8,3.819854915202496,15.414809520850943,17.23466443605344,0.3399660316765515,0.2773837063235967,False
19.82,3.821105311442041,15.420357383393219,17.24146269483526,0.33985988712821014,0.27740254000066394,False
19.84,3.822353211025859,15.425905622135351,17.24825883316121,0.33975398597651324,0.27742132633508515,False
19.86,3.823598619760416,15.431454236132025,17.25505285589244,0.33964832754323154,0.27744006548011985,False
19.88,3.824841543435578,15.437003224440977,17.261844767876553,0.33954291115244567,0.27745875758838306,False
19.9,3.826081987824669,15.442552586122995,17.268634573947665,0.33943773613053707,0.2774774028118489,False
19.92,3.827319958684532,15.448102320241896,17.275422278926428,0.3393328018061786,0.2774960013018535,False
19.94,3.8285554617555833,15.453652425864519,17.282207887620103,0.3392281075103257,0.27751455320909874,False
19.96,3.8297885027618763,15.459202902060708,17.288991404822585,0.3391236525762073,0.2775330586836555,False
19.98,3.8310190874111547,15.464753747903309,17.295772835314466,0.3390194363393164,0.277551517874967,False
20.0,3.8322472213949124,15.470304962468145,17.302552183863057,0.33891545813740176,0.27756993093185195,False
20.02,3.8334729103884504,15.47585654483401,17.30932945522246,0.338811717310458,0.2775882980025077,False
20.04,3.8346961600509353,15.481408494082654,17.31610465413359,0.3387082132007176,0.2776066192345141,False
20.060000000000002,3.835916976025454,15.486960809298779,17.322877785324234,0.3386049451526414,0.2776248947748359,False
20.08,3.8371353639390713,15.492513489570012,17.329648853509084,0.3385019125129102,0.2776431247698264,False
20.1,3.838351329402889,15.498066533986908,17.336417863389798,0.3383991146304153,0.27766130936523076,False
20.12,3.839564878012097,15.503619941642924,17.343184819655022,0.3382965508562505,0.277679448706189,False
20.14,3.840776015346034,15.509173711634421,17.34994972698046,0.33819422054370296,0.277697542937239,False
20.16,3.8419847469682415,15.51472784306064,17.356712590028884,0.33809212304824443,0.27771559220231967,False
20.18,3.8431910784265195,15.520282335023698,17.36347341345022,0.3379902577275228,0.27773359664477454,False
20.2,3.84439501525298,15.525837186628566,17.370232201881546,0.3378886239413534,0.2777515564073541,False
20.22,3.845596562964107,15.531392396983073,17.37698895994718,0.33778722105171033,0.2777694716322192,False
20.240000000000002,3.8467957270608046,15.536947965197882,17.383743692258687,0.3376860484227181,0.27778734246094433,False
20.259999999999998,3.8479925130284576,15.542503890386477,17.390496403414936,0.337585105420643,0.2778051690345204,False
20.28,3.8491869263369827,15.548060171665165,17.397247098002147,0.3374843914138846,0.27782295149335773,False
20.3,3.850378972440883,15.553616808153047,17.403995780593927,0.33738390577296745,0.27784068997728906,False
20.32,3.8515686567793033,15.559173798972019,17.410742455751322,0.33728364787053244,0.27785838462557255,False
20.34,3.852755984776082,15.564731143246757,17.417487128022838,0.3371836170813287,0.277876035576895,False
20.36,3.853940961839806,15.570288840104702,17.424229801944506,0.3370838127822053,0.27789364296937424,False
20.380000000000003,3.8551235933638637,15.575846888676057,17.430970482039918,0.3369842343521025,0.27791120694056254,False
20.4,3.856303884726496,15.581405288093762,17.437709172820256,0.3368848811720441,0.27792872762744913,False
20.42,3.857481841290854,15.586964037493502,17.444445878784354,0.3367857526251289,0.27794620516646357,False
20.439999999999998,3.8586574684050445,15.592523136013675,17.451180604418717,0.3366868480965224,0.277963639693478,False
20.46,3.8598307714021898,15.598082582795397,17.457913354197586,0.33658816697344895,0.27798103134381036,False
20.48,3.861001755600474,15.603642376982481,17.464644132582954,0.3364897086451835,0.27799838025222745,False
20.5,3.8621704263031993,15.609202517721434,17.471372944024633,0.3363914725030435,0.2780156865529471,False
20.52,3.863336788798834,15.61476300416144,17.478099792960272,0.3362934579403809,0.2780329503796416,False
20.54,3.8645008483610668,15.620323835454347,17.484824683815415,0.33619566435257403,0.27805017186544,False
20.560000000000002,3.8656626102488563,15.625885010754669,17.491547621003527,0.3360980911370199,0.27806735114293113,False
20.58,3.8668220797064823,15.631446529219556,17.498268608926036,0.336000737693126,0.2780844883441664,False
20.6,3.8679792619635993,15.637008390008804,17.504987651972403,0.33590360342230235,0.27810158360066217,False
20.62,3.869134162235283,15.642570592284825,17.511704754520107,0.33580668772795397,0.278118637043403,False
20.64,3.870286785722082,15.648133135212651,17.518419920934733,0.33570999001547275,0.2781356488028439,False
20.66,3.8714371376100716,15.653696017959916,17.525133155569986,0.3356135096922298,0.27815261900891325,False
20.68,3.872585223070898,15.659259239696848,17.531844462767744,0.33551724616756745,0.27816954779101516,False
20.700000000000003,3.873731047261833,15.664822799596257,17.53855384685809,0.3354211988527919,0.2781864352780325,False
20.72,3.8748746153258202,15.670386696833523,17.545261312159344,0.3353253671611651,0.2782032815983294,False
20.740000000000002,3.8760159323915273,15.675950930586596,17.551966862978126,0.3352297505078976,0.2782200868797538,False
20.759999999999998,3.8771550035733924,15.681515500035971,17.558670503609363,0.33513434831014016,0.27823685124964,False
20.78,3.8782918339716757,15.687080404364686,17.565372238336362,0.33503915998697703,0.2782535748348113,False
20.8,3.8794264286725055,15.692645642758308,17.572072071430814,0.3349441849594176,0.27827025776158265,False
20.82,3.8805587927479293,15.698211214404932,17.578770007152862,0.3348494226503894,0.2782869001557632,False
20.84,3.881688931255961,15.703777118495157,17.58546604975112,0.33475487248473057,0.27830350214265864,False
20.86,3.882816849240629,15.709343354222089,17.59216020346272,0.3346605338891818,0.2783200638470739,False
20.880000000000003,3.8839425517320243,15.71490992078132,17.598852472513343,0.33456640629237977,0.2783365853933156,False
20.9,3.8850660437463485,15.720476817370924,17.60554286111727,0.33447248912484895,0.2783530669051946,False
20.92,3.8861873302859613,15.726044043191454,17.612231373477414,0.3343787818189948,0.27836950850602843,False
20.939999999999998,3.8873064163394275,15.73161159744591,17.618918013785336,0.3342852838090961,0.2783859103186436,False
20.96,3.8884233068815655,15.73717947933976,17.625602786221325,0.33419199453129783,0.27840227246537846,False
20.98,3.8895380068734915,15.742747688080899,17.63228569495439,0.3340989134236037,0.278418595068085,False
21.0,3.89065052126267,15.748316222879664,17.638966744142333,0.3340060399258691,0.27843487824813196,False
21.02,3.891760854982957,15.753885082948813,17.645645937931768,0.3339133734797938,0.27845112212640666,False
21.04,3.8928690129546486,15.75945426750351,17.65232328045816,0.33382091352891463,0.27846732682331793,False
21.060000000000002,3.893975000084527,15.765023775761335,17.658998775845863,0.3337286595185987,0.2784834924587978,False
21.08,3.895078821265905,15.77059360694225,17.665672428208154,0.33363661089603586,0.2784996191523046,False
21.1,3.896180481378674,15.776163760268608,17.67234424164728,0.3335447671102318,0.27851570702282474,False
21.12,3.8972799852893476,15.781734234965134,17.67901422025448,0.3334531276120011,0.2785317561888753,False
21.14,3.898377337851109,15.78730503025892,17.68568236811003,0.3333616918539599,0.27854776676850646,False
21.16,3.8994725439038547,15.792876145379415,17.692348689283268,0.3332704592905193,0.2785637388793033,False
21.18,3.9005656082742406,15.798447579558413,17.69901318783265,0.333179429377878,0.27857967263838873,False
21.200000000000003,3.901656535775726,15.804019332030052,17.705675867805777,0.3330886015740156,0.27859556816242537,False
21.22,3.9027453312086196,15.809591402030785,17.712336733239404,0.33299797533868564,0.278611425567618,False
21.240000000000002,3.9038319993601225,15.815163788799401,17.71899578815952,0.33290755013340867,0.2786272449697156,False
21.259999999999998,3.904916545004374,15.820736491576987,17.72565303658136,0.33281732542146547,0.27864302648401373,False
21.28,3.9059989729024958,15.826309509606942,17.732308482509435,0.33272730066789025,0.2786587702253569,False
21.3,3.9070792878026332,15.831882842134947,17.738962129937576,0.33263747533946364,0.27867447630814046,False
21.32,3.9081574944400033,15.83745648840897,17.74561398284897,0.3325478489047064,0.278690144846313,False
21.34,3.9092335975369354,15.843030447679258,17.75226404521619,0.332458420833872,0.2787057759533785,False
21.36,3.9103076018029155,15.848604719198319,17.75891232100123,0.3323691905989407,0.2787213697423985,False
21.380000000000003,3.9113795119346304,15.854179302220919,17.765558814155543,0.3322801576736122,0.2787369263259943,False
21.4,3.912449332616008,15.85975419600407,17.772203528620075,0.33219132153329944,0.27875244581634884,False
21.42,3.9135170685182654,15.86532939980703,17.77884646832529,0.3321026816551217,0.2787679283252094,False
21.439999999999998,3.914582724299945,15.870904912891277,17.785487637191217,0.3320142375178983,0.27878337396388914,False
21.46,3.915646304606964,15.876480734520523,17.792127039127482,0.33192598860214173,0.2787987828432695,False
21.48,3.9167078140726495,15.882056863960683,17.79876467803333,0.33183793439005144,0.2788141550738023,False
21.5,3.917767257317789,15.887633300479882,17.805400557797668,0.33175007436550685,0.27882949076551167,False
21.52,3.9188246389506642,15.893210043348441,17.812034682299103,0.33166240801406166,0.2788447900279963,False
21.54,3.9198799635671002,15.898787091838868,17.818667055405964,0.33157493482293654,0.2788600529704313,False
21.560000000000002,3.920933235750501,15.904364445225852,17.825297680976348,0.33148765428101323,0.27887527970157044,False
21.58,3.9219844600718954,15.909942102786244,17.831926562858136,0.33140056587882816,0.27889047032974834,False
21.6,3.923033641089977,15.915520063799073,17.838553704889048,0.33131366910856586,0.27890562496288185,False
21.62,3.9240807833511444,15.921098327545511,17.84517911089665,0.3312269634640526,0.2789207437084728,False
21.64,3.925125891389544,15.926676893308876,17.851802784698418,0.3311404484407505,0.2789358266736095,False
21.66,3.92616896972711,15.93225576037463,17.85842473010174,0.33105412353575064,0.27895087396496904,False
21.68,3.927210022873605,15.937834928030359,17.86504495090396,0.33096798824776735,0.2789658856888191,False
21.700000000000003,3.928249055326661,15.943414395565773,17.87166345089243,0.33088204207713157,0.27898086195101984,False
21.72,3.929286071571819,15.948994162272692,17.878280233844507,0.330796284525785,0.27899580285702624,False
21.740000000000002,3.9303210760825706,15.954574227445045,17.884895303527614,0.3307107150972738,0.2790107085118895,False
21.759999999999998,3.931354073320397,15.960154590378856,17.891508663699252,0.33062533329674204,0.27902557902025943,False
21.78,3.9323850677348093,15.96573525037224,17.898120318107047,0.3305401386309264,0.27904041448638617,False
21.8,3.933414063763388,15.97131620672539,17.904730270488777,0.3304551306081494,0.279055215014122,False
21.82,3.9344410658318223,15.976897458740574,17.911338524572393,0.3303703087383135,0.2790699807069235,False
21.84,3.9354660783539517,15.982479005722121,17.91794508407607,0.3302856725328953,0.27908471166785326,False
21.86,3.9364891057318014,15.988060846976426,17.924549952708226,0.3302012215049392,0.2790994079995817,False
21.880000000000003,3.9375101523556255,15.993642981811927,17.93115313416755,0.3301169551690515,0.2791140698043893,False
21.9,3.9385292226039423,15.999225409539102,17.93775463214304,0.3300328730413946,0.2791286971841679,False
21.92,3.939546320843577,16.00480812947047,17.944354450314044,0.329948974639681,0.2791432902404229,False
21.939999999999998,3.9405614514296965,16.01039114092057,17.950952592350262,0.329865259483167,0.2791578490742753,False
21.96,3.9415746187058502,16.015974443205966,17.95754906191181,0.3297817270926476,0.2791723737864629,False
21.98,3.9425858270040077,16.02155803564522,17.964143862649223,0.32969837699044996,0.27918686447734264,False
22.0,3.9435950806445974,16.027141917558914,17.970736998203506,0.32961520870042776,0.2792013212468924,False
22.02,3.9446023839365436,16.032726088269616,17.977328472206157,0.3295322217479554,0.2792157441947122,False
22.04,3.945607741177306,16.038310547101887,17.983918288279188,0.3294494156599223,0.2792301334200269,False
22.060000000000002,3.946611156652916,16.04389529338226,17.990506450035173,0.3293667899647271,0.27924448902168725,False
22.08,3.9476126346380136,16.04948032643925,17.99709296107726,0.3292843441922719,0.27925881109817174,False
22.1,3.9486121793958873,16.05506564560334,18.003677824999226,0.32920207787395644,0.27927309974758885,False
22.12,3.9496097951785103,16.06065125020696,18.010261045385466,0.3291199905426725,0.2792873550676782,False
22.14,3.950605486226576,16.0662371395845,18.016842625811073,0.32903808173279836,0.27930157715581266,False
22.16,3.9515992567695375,16.071823313072294,18.023422569841827,0.328956350980193,0.27931576610899994,False
22.18,3.9525911110256424,16.077409770008604,18.030000881034244,0.32887479782219053,0.27932992202388424,False
22.200000000000003,3.9535810532019724,16.082996509733636,18.036577562935605,0.3287934217975946,0.27934404499674803,False
22.22,3.9545690874944746,16.0885835315895,18.043152619083973,0.3287122224466729,0.2793581351235138,False
22.240000000000002,3.9555552180880045,16.094170834920238,18.04972605300824,0.3286311993111514,0.2793721924997457,False
22.259999999999998,3.9565394491563564,16.099758419071787,18.056297868228143,0.32855035193420923,0.27938621722065127,False
22.28,3.9575217848623043,16.10534628339199,18.062868068254296,0.3284696798604727,0.2794002093810827,False
22.3,3.9585022293576335,16.11093442723059,18.069436656588223,0.3283891826360102,0.2794141690755391,False
22.32,3.95948078678318,16.1165228499392,18.07600363672238,0.3283088598083265,0.27942809639816807,False
22.34,3.9604574612688643,16.12211155087133,18.08256901214019,0.3282287109263577,0.2794419914427667,False
22.36,3.961432256933728,16.12770052938235,18.08913278631607,0.3281487355404652,0.279455854302784,False
22.380000000000003,3.9624051778859672,16.1332897848295,18.095694962715463,0.328068933202431,0.2794696850713219,False
22.4,3.96337622822297,16.138879316571877,18.102255544794843,0.3279893034654521,0.2794834838411373,False
22.42,3.9643454120313524,16.144469123970435,18.108814536001784,0.3279098458841346,0.27949725070464343,False
22.439999999999998,3.965312733386989,16.15005920638797,18.115371939774953,0.32783056001448946,0.2795109857539115,False
22.46,3.966278196355052,16.155649563189108,18.121927759544157,0.32775144541392637,0.27952468908067235,False
22.48,3.9672418049900453,16.161240193740323,18.128481998730365,0.3276725016412488,0.27953836077631783,False
22.5,3.9682035633358366,16.166831097409894,18.135034660745728,0.32759372825664873,0.2795520009319028,False
22.52,3.969163475425695,16.172422273567935,18.141585748993627,0.3275151248217015,0.27956560963814603,False
22.54,3.970121545282322,16.17801372158636,18.148135266868678,0.32743669089936034,0.27957918698543244,False
22.560000000000002,3.9710777769178907,16.183605440838893,18.15468321775678,0.3273584260539515,0.27959273306381394,False
22.58,3.9720321743340725,16.189197430701054,18.16122960503512,0.3272803298511691,0.27960624796301176,False
22.6,3.9729847415220796,16.19478969055015,18.167774432072225,0.3272024018580697,0.2796197317724173,False
22.62,3.9739354824626907,16.200382219765277,18.174317702227963,0.3271246416430674,0.2796331845810938,False
22.64,3.9748844011262903,16.205975017727315,18.1808594188536,0.32704704877592883,0.2796466064777783,False
22.66,3.9758315014729,16.2115680838189,18.187399585291796,0.32696962282776787,0.27965999755088244,False
22.68,3.9767767874522115,16.217161417424446,18.193938204876652,0.3268923633710408,0.27967335788849446,False
22.700000000000003,3.9777202630036212,16.222755017930123,18.200475280933738,0.3268152699795411,0.27968668757838044,False
22.72,3.9786619320562617,16.228348884723843,18.2070108167801,0.32673834222839454,0.27969998670798585,False
22.740000000000002,3.979601798529037,16.233943017195283,18.21354481572432,0.32666157969405435,0.2797132553644371,False
22.759999999999998,3.980539866330652,16.239537414735846,18.220077281066494,0.32658498195429597,0.2797264936345428,False
22.78,3.9814761393596503,16.245132076738667,18.226608216098317,0.32650854858821216,0.27973970160479555,False
22.8,3.98241062150444,16.250727002598612,18.23313762410305,0.3264322791762085,0.2797528793613727,False
22.82,3.983343316643334,16.256322191712268,18.239665508355603,0.3263561732999978,0.27976602699013886,False
22.84,3.9842742286445745,16.261917643477936,18.24619187212251,0.32628023054259586,0.279779144576646,False
22.86,3.985203361366372,16.267513357295623,18.252716718661993,0.32620445048831614,0.2797922322061361,False
22.880000000000003,3.9861307186569337,16.273109332567035,18.25924005122397,0.3261288327227653,0.27980528996354187,False
22.9,3.9870563043544944,16.27870556869558,18.265761873050074,0.32605337683283825,0.27981831793348827,False
22.92,3.9879801222873534,16.284302065086354,18.27228218737371,0.32597808240671305,0.279831316200294,False
22.939999999999998,3.9889021762739,16.28989882114613,18.27880099742003,0.3259029490338468,0.27984428484797286,False
22.96,3.9898224701226503,16.29549583628337,18.285318306406023,0.3258279763049701,0.279857223960235,False
22.98,3.9907410076322756,16.301093109908194,18.29183411754047,0.3257531638120831,0.27987013362048857,False
23.0,3.9916577925916346,16.306690641432397,18.29834843402403,0.32567851114845014,0.27988301391184056,False
23.02,3.9925728287798052,16.312288430269426,18.304861259049233,0.32560401790859544,0.2798958649170991,False
23.04,3.993486119966115,16.31788647583439,18.311372595800506,0.3255296836882982,0.2799086867187737,False
23.060000000000002,3.9943976699101724,16.323484777544035,18.31788244745421,0.3254555080845883,0.2799214793990773,False
23.08,3.995307482361897,16.329083334816755,18.324390817178656,0.3253814906957411,0.2799342430399276,False
23.1,3.9962155610615526,16.33468214707258,18.330897708134135,0.3253076311212736,0.2799469777229478,False
23.12,3.997121909739774,16.340281213733164,18.337403123472942,0.32523392896193887,0.2799596835294686,False
23.14,3.998026532117602,16.345880534221788,18.343907066339394,0.3251603838197223,0.27997236054052926,False
23.16,3.9989294319065087,16.351480107963354,18.350409539869865,0.3250869952978368,0.2799850088368789,False
23.18,3.999830612808433,16.35707993438437,18.356910547192804,0.32501376300071816,0.2799976284989777,False
23.200000000000003,4.000730078515808,16.36268001291295,18.363410091428765,0.3249406865340204,0.2800102196069982,False
23.22,4.00162783271159,16.368280342978817,18.369908175690412,0.3248677655046118,0.2800227822408269,False
23.240000000000002,4.002523879069292,16.373880924013285,18.376404803082583,0.3247949995205698,0.2800353164800651,False
23.259999999999998,4.00341822125301,16.379481755449252,18.382899976702266,0.324722388191177,0.28004782240403053,False
23.28,4.004310862917453,16.385082836721207,18.389393699638664,0.3246499311269164,0.2800603000917584,False
23.3,4.005201807707977,16.390684167265206,18.39588597497319,0.3245776279394671,0.2800727496220028,False
23.32,4.00609105926061,16.396285746518892,18.402376805779507,0.32450547824170006,0.28008517107323766,False
23.34,4.00697862120208,16.401887573921464,18.408866195123547,0.3244334816476736,0.2800975645236584,False
23.36,4.007864497149849,16.407489648913685,18.41535414606354,0.32436163777262905,0.28010993005118306,False
23.380000000000003,4.0087486907121415,16.413091970937877,18.421840661650023,0.3242899462329858,0.28012226773345317,False
23.4,4.0096312054879695,16.418694539437904,18.42832574492588,0.3242184066463383,0.2801345776478355,False
23.42,4.010512045067165,16.424297353859185,18.434809398926355,0.3241470186314504,0.2801468598714229,False
23.439999999999998,4.011391213030408,16.429900413648667,18.44129162667908,0.32407578180825214,0.28015911448103575,False
23.46,4.012268712949255,16.435503718254843,18.447772431204104,0.3240046957978344,0.280171341553223,False
23.48,4.013144548386167,16.441107267127723,18.454251815513896,0.3239337602224456,0.2801835411642634,False
23.5,4.014018722894539,16.446711059718847,18.46072978261339,0.32386297470548703,0.28019571339016686,False
23.52,4.014891240018729,16.452315095481268,18.467206335500002,0.32379233887150854,0.2802078583066753,False
23.54,4.015762103294083,16.457919373869554,18.47368147716364,0.3237218523462045,0.2802199759892642,False
23.560000000000002,4.016631316246968,16.46352389433978,18.48015521058675,0.32365151475640974,0.2802320665131434,False
23.58,4.017498882394795,16.469128656349522,18.48662753874432,0.3235813257300948,0.28024412995325887,False
23.6,4.018364805246052,16.47473365935785,18.493098464603907,0.3235112848963628,0.28025616638429307,False
23.62,4.019229088300328,16.48033890282533,18.499567991125662,0.3234413918854442,0.2802681758806667,False
23.64,4.020091735048341,16.48594438621401,18.506036121262355,0.32337164632869353,0.2802801585165396,False
23.66,4.020952748971969,16.491550108987415,18.512502857959387,0.3233020478585847,0.280292114365812,False
23.68,4.021812133544273,16.497156070610554,18.51896820415483,0.3232325961087072,0.28030404350212546,False
23.700000000000003,4.022669892229529,16.5027622705499,18.525432162779435,0.3231632907137622,0.2803159459988645,False
23.72,4.02352602848325,16.508368708273398,18.53189473675665,0.3230941313095581,0.2803278219291569,False
23.740000000000002,4.024380545752219,16.513975383250443,18.53835592900267,0.3230251175330067,0.28033967136587573,False
23.759999999999998,4.025233447474513,16.519582294951892,18.544815742426408,0.3229562490221195,0.2803514943816398,False
23.78,4.026084737079527,16.52518944285005,18.551274179929585,0.32288752541600296,0.280363291048815,False
23.8,4.026934417988009,16.53079682641867,18.557731244406686,0.32281894635485514,0.2803750614395155,False
23.82,4.027782493612079,16.536404445132934,18.56418693874502,0.32275051147996164,0.2803868056256046,False
23.84,4.028628967355261,16.542012298469473,18.57064126582474,0.3226822204336914,0.2803985236786961,False
23.86,4.029473842612504,16.547620385906338,18.57709422851885,0.3226140728594932,0.28041021567015517,False
23.880000000000003,4.030317122770215,16.55322870692301,18.583545829693232,0.32254606840189093,0.28042188167109955,False
23.9,4.03115881120628,16.558837261000384,18.589996072206674,0.3224782067064809,0.28043352175240055,False
23.92,4.0319989112900965,16.56444604762078,18.596444958910883,0.3224104874199269,0.2804451359846841,False
23.939999999999998,4.032837426382591,16.570055066267916,18.602892492650515,0.3223429101899567,0.2804567244383321,False
23.96,4.033674359836254,16.575664316426924,18.609338676263185,0.3222754746653584,0.2804682871834829,False
23.98,4.034509714995158,16.58127379758433,18.615783512579497,0.3222081804959764,0.2804798242900329,False
24.0,4.035343495194991,16.586883509228063,18.622227004423063,0.3221410273327076,0.2804913358276372,False
24.0,4.035343495194991,16.586883509228063,18.622227004423063,0.892082844921344,1.2021057249755882,True
24.02,4.0291605108928925,16.610921959387955,18.640082470280856,0.8934628001012037,1.2017394857946806,True
24.04,4.023012382313811,16.63495309646388,18.657965478777705,0.8948371078832529,1.2013744172159422,True
24.06,4.016898973004541,16.658976943905827,18.67587591691038,0.8962057628075949,1.2010105230200254,True
24.08,4.010820146331868,16.682993525238583,18.693813671570464,0.8975687598136272,1.2006478069068067,True
24.1,4.004775765492145,16.707002864060133,18.71177862955229,0.8989260942370119,1.2002862724954677,True
24.12,3.998765693520797,16.731004984040027,18.729770677560833,0.9002777618066073,1.1999259233245838,True
24.14,3.992789793301766,16.75499990891779,18.747789702219567,0.9016237586413657,1.199566762852229,True
24.16,3.9868479275768918,16.778987662501304,18.765835590078208,0.9029640812471937,1.1992087944560903,True
24.18,3.980939958955222,16.802968268665207,18.78390822762044,0.9042987265137816,1.1988520214335945,True
24.2,3.9750657499222646,16.826941751349274,18.802007501271547,0.9056276917113986,1.1984964470020445,True
24.22,3.9692251628491646,16.85090813455683,18.820133297406002,0.906950974487659,1.198142074298771,True
24.24,3.9634180600018176,16.874867442353146,18.83828550235497,0.9082685728642576,1.197788906381291,True
24.26,3.9576443035499107,16.89881969886386,18.856464002413777,0.9095804852336764,1.1974369462274799,True
24.28,3.951903755575904,16.92276492827335,18.874668683849258,0.9108867103558651,1.197086196735754,True
24.3,3.9461962780839217,16.94670315482318,18.89289943290711,0.9121872473548955,1.1967366607252643,True
24.32,3.940521733008594,16.970634402810518,18.91115613581912,0.9134820957155908,1.1963883409360985,True
24.34,3.934879982223814,16.994558696586523,18.929438678810346,0.9147712552801309,1.1960412400294986,True
24.36,3.929270887551423,17.018476060554814,18.947746948106246,0.9160547262446374,1.195695360588082,True
24.38,3.9236943107698297,17.04238651916986,18.9660808299397,0.9173325091557342,1.1953507051160794,True
24.4,3.9181501136225476,17.066290096935443,18.984440210558,0.9186046049070915,1.1950072760395778,True
24.42,3.912638157826662,17.090186818403087,19.002824976229757,0.9198710147359491,1.1946650757067776,True
24.44,3.907158305081225,17.114076708170494,19.02123501325173,0.9211317402196214,1.1943241063882548,True
24.46,3.901710417075567,17.137959790880018,19.03967020795559,0.9223867832719881,1.1939843702772386,True
24.48,3.8962943554975378,17.161836091217094,19.05813044671464,0.9236361461399676,1.1936458694898915,True
24.5,3.8909099820416735,17.185705633908718,19.0766156159504,0.9248798313999763,1.1933086060656066,True
24.52,3.88555715841728,17.209568443721906,19.0951256021392,0.9261178419543755,1.1929725819673067,True
24.54,3.880235746356445,17.233424545462178,19.113660291818633,0.9273501810279052,1.1926377990817574,True
24.56,3.8749456076219664,17.25727396397202,19.132219571593993,0.9285768521641073,1.1923042592198867,True
24.58,3.86968660401521,17.281116724129383,19.1508033281446,0.9297978592217389,1.1919719641171151,True
24.6,3.8644585973838814,17.304952850846185,19.169411448230075,0.9310132063711752,1.191640915433692,True
24.62,3.8592614496297273,17.328782369066783,19.18804381869652,0.9322228980908063,1.191311114755042,True
24.64,3.854095022716144,17.352605303766506,19.20670032648266,0.9334269391634261,1.1909825635921183,True
24.66,3.8489591786757233,17.376421679950166,19.2253808586259,0.9346253346726147,1.190655263381768,True
24.68,3.843853779617707,17.400231522650564,19.24408530226828,0.9358180899991161,1.1903292154870984,True
24.7,3.8387786877353647,17.424034856927033,19.26281354466241,0.9370052108172121,1.1900044211978564,True
24.72,3.8337337653132924,17.447831707863976,19.28156547317728,0.9381867030910928,1.1896808817308167,True
24.74,3.82871887473463,17.47162210056939,19.300340975304035,0.9393625730712243,1.1893585982301704,True
24.76,3.823733878488196,17.495406060173455,19.319139938661664,0.9405328272907161,1.189037571767928,True
24.78,3.818778639175549,17.519183611827053,19.337962251002615,0.9416974725616871,1.188717803344327,True
24.8,3.8138530195179574,17.54295478070036,19.35680780021833,0.9428565159716323,1.188399293888245,True
24.82,3.8089568823632947,17.566719591981432,19.37567647434474,0.9440099648797916,1.1880820442576217,True
24.84,3.8040900906928545,17.590478070874767,19.394568161567634,0.945157826913519,1.1877660552398868,True
24.86,3.799252507628081,17.614230242599913,19.413482750228003,0.9463001099646567,1.1874513275523941,True
24.88,3.79444399643722,17.637976132390065,19.432420128827296,0.9474368221859112,1.1871378618428625,True
24.9,3.7896644205418886,17.661715765490683,19.451380186032583,0.9485679719872354,1.1868256586898223,True
24.92,3.784913643523561,17.68544916715812,19.470362810681692,0.9496935680322155,1.1865147186030687,True
24.94,3.7801915291299806,17.70917636265821,19.489367891788202,0.950813619234463,1.1862050420241197,True
24.96,3.775497941281478,17.732897377264973,19.508395318546462,0.9519281347540162,1.1858966293266826,True
24.98,3.7708327440772216,17.75661223625921,19.527444980336444,0.9530371239937462,1.1855894808171208,True
25.0,3.7661958018013757,17.780320964927185,19.546516766728573,0.9541405965957735,1.1852835967349313,True
25.02,3.7615869789291865,17.80402358855929,19.565610567488488,0.9552385624378922,1.1849789772532249,True
25.04,3.757006140132979,17.82772013244871,19.584726272581705,0.9563310316300051,1.1846756224792114,True
25.06,3.7524531502880802,17.851410621890135,19.603863772178226,0.9574180145105678,1.1843735324546916,True
25.08,3.7479278744786546,17.875095082178422,19.62302295665709,0.9584995216430455,1.1840727071565493,True
25.1,3.7434301780034636,17.89877353860734,19.642203716610815,0.9595755638123802,1.1837731464972552,True
25.12,3.738959926381546,17.922446016468246,19.661405942849804,0.96064615202147,1.1834748503253683,True
25.14,3.7345169853578106,17.94611254104885,19.680629526406673,0.9617112974876625,1.1831778184260464,True
25.16,3.730101220908555,17.969773137631933,19.699874358540498,0.9627710116392614,1.1828820505215571,True
25.18,3.725712499246903,17.993427831494092,19.719140330741006,0.9638253061120462,1.1825875462717965,True
25.2,3.7213506868281616,18.017076647904503,19.738427334732673,0.9648741927458074,1.1822943052748087,True
25.22,3.7170156503550977,18.040719612123695,19.7577352624788,0.9659176835808967,1.1820023270673101,True
25.24,3.712707256783138,18.06435674940231,19.77706400618546,0.9669557908547927,1.1817116111252177,True
25.26,3.7084253733254844,18.087988084979926,19.79641345830542,0.9679885269986834,1.1814221568641803,True
25.28,3.70416986745816,18.111613644083807,19.815783511541976,0.9690159046340651,1.1811339636401128,True
25.3,3.699940606924964,18.135233451927768,19.83517405885274,0.9700379365693573,1.180847030749734,True
25.32,3.6957374597423596,18.158847533710954,19.854584993453322,0.9710546357965386,1.1805613574311073,True
25.34,3.6915602942042782,18.1824559146167,19.874016208820986,0.9720660154877969,1.1802769428641842,True
25.36,3.6874089788868467,18.20605861981136,19.893467598698216,0.9730720889922001,1.1799937861713496,True
25.38,3.6832833826530376,18.229655674443162,19.912939057096207,0.9740728698323868,1.179711886417972,True
25.4,3.6791833746572427,18.25324710364108,19.93243047829833,0.9750683717012739,1.1794312426129534,True
25.42,3.6751088243497696,18.276832932513706,19.951941756863484,0.9760586084587866,1.1791518537092822,True
25.44,3.6710596014812635,18.300413186148127,19.9714727876294,0.9770435941286061,1.1788737186045908,True
25.46,3.667035576107048,18.323987889608844,19.9910234657159,0.9780233428949412,1.1785968361417103,True
25.48,3.6630366185913976,18.347557067936677,20.01059368652808,0.9789978690993171,1.1783212051092324,True
25.5,3.6590625996117287,18.37112074614766,20.030183345759397,0.9799671872373886,1.1780468242420685,True
25.52,3.655113390162721,18.394678949232016,20.049792339394745,0.9809313119557733,1.1777736922220132,True
25.54,3.6511888615603585,18.41823170215306,20.06942056371343,0.981890258048907,1.1775018076783088,True
25.56,3.647288885445904,18.44177902984618,20.089067915292095,0.9828440404559219,1.1772311691882102,True
25.58,3.643413333789793,18.465320957217795,20.108734291007597,0.983792674257547,1.1769617752775516,True
25.6,3.639562078895458,18.488857509144328,20.128419588039794,0.984736174673032,1.1766936244213149,True
25.62,3.6357349934030836,18.51238871047119,20.148123703874283,0.9856745570570915,1.1764267150441978,True
25.64,3.6319319502932785,18.5359145860118,20.16784653630509,0.9866078368968786,1.1761610455211837,True
25.66,3.6281528228906885,18.55943516054658,20.18758798343728,0.9875360298089748,1.175896614178112,True
25.68,3.6243974848675293,18.582950458821983,20.207347943689523,0.9884591515364098,1.17563341929225,True
25.7,3.6206658102470533,18.60646050554952,20.227126315796585,0.9893772179457019,1.175371459092862,True
25.72,3.6169576734069437,18.62996532540483,20.246922998811783,0.9902902450239238,1.1751107317617837,True
25.74,3.613272949082639,18.65346494302669,20.26673789210934,0.9911982488757934,1.174851235433993,True
25.76,3.609611512370588,18.676959383016147,20.286570895386745,0.9921012457207887,1.1745929681981826,True
25.78,3.6059732387314387,18.70044866993553,20.306421908666984,0.9929992518902873,1.174335928097332,True
25.8,3.602358003993154,18.7239328283076,20.326290832300767,0.9938922838247314,1.1740801131292804,True
25.82,3.598765684354061,18.747411882614617,20.34617756696869,0.994780358070819,1.1738255212472977,True
25.84,3.595196156385839,18.77088585729747,20.36608201368332,0.9956634912787183,1.1735721503606578,True
25.86,3.5916492970364295,18.794354776754794,20.386004073791238,0.996541700199309,1.1733199983352085,True
25.88,3.5881249836328886,18.817818665342113,20.405943648975015,0.9974150016814496,1.173069062993943,True
25.9,3.5846230938841717,18.841277547370993,20.42590064125518,0.9982834126692689,1.172819342117571,True
25.92,3.5811435058838503,18.864731447108188,20.445874952992053,0.999146950199485,1.1725708334450873,True
25.94,3.5776860981127676,18.888180388774817,20.465866486887602,1.0000056313987487,1.1723235346743408,True
25.96,3.574250749441626,18.911624396545562,20.485875145987205,1.000859473481015,1.1720774434626033,True
25.98,3.5708373391335133,18.935063494547837,20.505900833681366,1.0017084937449385,1.171832557427136,True
26.0,3.567445746846367,18.958497706861014,20.5259434537074,1.002552709571297,1.1715888741457547,True
26.02,3.564075852635374,18.98192705751563,20.54600291015102,1.0033921384204383,1.171346391157396,True
26.04,3.5607275369553077,19.00535157049261,20.566079107447933,1.0042267978297577,1.1711051059626807,True
26.06,3.557400680662804,19.028771269722522,20.586171950385342,1.005056705411199,1.1708650160244747,True
26.08,3.5540951650185795,19.05218617908481,20.606281344103408,1.0058818788487807,1.1706261187684512,True
26.1,3.550810871689584,19.07559632240708,20.62640719409668,1.006702335896153,1.1703884115836496,True
26.12,3.5475476827511,19.09900172346433,20.646549406215446,1.0075180943741762,1.1701518918230331,True
26.14,3.544305480688773,19.122402405978285,20.666707886667073,1.00832917216853,1.1699165568040448,True
26.16,3.541084148400594,19.14579839361666,20.68688254201727,1.0091355872273453,1.1696824038091624,True
26.18,3.537883569198817,19.169189709992473,20.707073279191306,1.0099373575588664,1.1694494300864506,True
26.2,3.53470362681182,19.192576378663368,20.727280005475205,1.010734501229136,1.169217632850111,True
26.22,3.5315442053859125,19.21595842313093,20.747502628516862,1.011527036359709,1.168987009281032,True
26.240000000000002,3.52840518948708,19.239335866840054,20.76774105632715,1.0123149811253933,1.1687575565273345,True
26.26,3.525286464102681,19.262708733178243,20.787995197280942,1.0130983537520126,1.1685292717049163,True
26.28,3.5221879146430806,19.28607704547503,20.808264960118123,1.0138771725142026,1.168302151897996,True
26.3,3.5191094269432344,19.309440827001293,20.828550253944545,1.0146514557332262,1.1680761941596502,True
26.32,3.516050887264218,19.332800100968694,20.848850988232925,1.0154212217748215,1.1678513955123553,True
26.34,3.513012182294699,19.356154890529016,20.869167072823732,1.0161864890470704,1.1676277529485184,True
26.36,3.5099931991523627,19.379505218773613,20.889498417925992,1.0169472759982976,1.1674052634310137,True
26.38,3.506993825385278,19.402851108732797,20.90984493411809,1.0177036011149934,1.1671839238937112,True
26.4,3.504013948973217,19.426192583375272,20.930206532348503,1.0184554829197634,1.1669637312420056,True
26.42,3.50105345832892,19.449529665607574,20.95058312393651,1.0192029399693037,1.1667446823533403,True
26.44,3.4981122422993125,19.472862378273504,20.970974620572832,1.0199459908524025,1.1665267740777316,True
26.46,3.49519019016667,19.496190744153598,20.991380934320283,1.0206846541879673,1.166310003238287,True
26.48,3.4922871916497327,19.519514785964592,21.01180197761434,1.0214189486230778,1.1660943666317234,True
26.5,3.4894031369047744,19.542834526358895,21.032237663263682,1.0221488928310638,1.165879861028881,True
26.52,3.486537916526619,19.566149987924078,21.052687904450714,1.0228745055096098,1.1656664831752348,True
26.54,3.483691421549612,19.589461193182373,21.073152614732003,1.0235958053788845,1.165454229791402,True
26.56,3.480863543448545,19.61276816459018,21.09363170803874,1.0243128111796944,1.1652430975736485,True
26.58,3.4780541741395297,19.63607092453758,21.114125098677125,1.0250255416716654,1.1650330831943922,True
26.6,3.475263205980829,19.65936949534788,21.134632701328723,1.0257340156314465,1.1648241833027002,True
26.62,3.4724905317736443,19.682663899277124,21.155154431050782,1.02643825185094,1.1646163945247865,True
26.64,3.469736044762851,19.705954158513663,21.175690203276524,1.0271382691355564,1.1644097134645042,True
26.66,3.4669996386376973,19.729240295177707,21.196239933815416,1.027834086302494,1.1642041367038358,True
26.68,3.464281207532453,19.752522331320886,21.216803538853352,1.0285257221790425,1.1639996608033802,True
26.7,3.4615806460270204,19.775800288925844,21.237380934952874,1.029213195600912,1.1637962823028358,True
26.72,3.458897849147495,19.7990741899058,21.257972039053303,1.0298965254105854,1.1635939977214802,True
26.740000000000002,3.4562327123666923,19.822344056104168,21.27857676847087,1.0305757304556957,1.1633928035586467,True
26.76,3.453585131604627,19.845609909294144,21.29919504089878,1.0312508295874268,1.163192696294199,True
26.78,3.450955003228954,19.868871771178334,21.319826774407296,1.0319218416589377,1.1629936723889993,True
26.8,3.448342224055366,19.892129663388385,21.34047188744376,1.0325887855238125,1.162795728285376,True
26.82,3.4457466913479546,19.915383607484593,21.361130298832556,1.0332516800345308,1.162598860407587,True
26.84,3.443168302819529,19.938633624955575,21.38180192777511,1.0339105440409648,1.162403065162277,True
26.86,3.4406069566318966,19.961879737217902,21.402486693849802,1.0345653963888974,1.1622083389389373,True
26.88,3.4380625513961056,19.985121965615765,21.423184517011876,1.0352162559185636,1.162014678110353,True
26.9,3.4355349861726485,20.008360331420658,21.443895317593313,1.0358631414632167,1.1618220790330582,True
26.92,3.4330241604716294,20.03159485583104,21.464619016302677,1.0365060718477148,1.161630538047775,True
26.94,3.430529974252895,20.054825559972027,21.485355534224926,1.0371450658871306,1.1614400514798595,True
26.96,3.428052327926127,20.07805246489509,21.506104792821223,1.0377801423853863,1.1612506156397382,True
26.98,3.4255911223508986,20.101275591577775,21.52686671392868,1.0384113201339054,1.1610622268233421,True
27.0,3.4231462588366988,20.124494960923396,21.5476412197601,1.0390386179102928,1.1608748813125378,True
27.02,3.4207176391429197,20.147710593760774,21.568428232903695,1.039662054477032,1.1606885753755545,True
27.04,3.4183051654788095,20.170922510843948,21.58922767632276,1.040281648580206,1.1605033052674065,True
27.06,3.4159087405033914,20.194130732851946,21.61003947335534,1.0408974189482398,1.160319067230314,True
27.08,3.4135282673253515,20.2173352803885,21.630863547713858,1.041509384290664,1.1601358574941185,True
27.1,3.411163649502889,20.24053617398184,21.651699823484734,1.0421175632969009,1.1599536722766925,True
27.12,3.408814791043541,20.263733434084408,21.672548225127954,1.0427219746350682,1.159772507784352,True
27.14,3.4064815964039696,20.286927081072683,21.693408677476658,1.0433226369508075,1.1595923602122575,True
27.16,3.4041639704897193,20.31011713524693,21.714281105736656,1.0439195688661322,1.1594132257448153,True
27.18,3.4018618186549467,20.333303616831003,21.735165435485953,1.0445127889782937,1.1592351005560764,True
27.2,3.399575046702115,20.35648654597213,21.756061592674246,1.0451023158586716,1.159057980810127,True
27.22,3.397303560881662,20.379665942740726,21.77696950362239,1.0456881680516807,1.1588818626614785,True
27.240000000000002,3.395047267891637,20.40284182713021,21.797889095021848,1.0462703640737014,1.1587067422554547,True
27.26,3.392806074877311,20.42601421905681,21.818820293934124,1.0468489224120248,1.1585326157285707,True
27.28,3.390579889430755,20.449183138359402,21.83976302779016,1.0474238615238236,1.158359479208912,True
27.3,3.388368619590394,20.472348604799347,21.860717224389745,1.0479951998351382,1.1581873288165092,True
27.32,3.386172173840531,20.495510638060328,21.881682811900863,1.0485629557398815,1.1580161606637067,True
27.34,3.3839904611108444,20.518669257748194,21.90265971885904,1.0491271475988662,1.1578459708555295,True
27.36,3.3818233907758595,20.541824483390833,21.923647874166697,1.0496877937388494,1.157676755490046,True
27.38,3.379670872654394,20.564976334438022,21.944647207092423,1.0502449124515927,1.1575085106587262,True
27.4,3.377532817008976,20.58812483026131,21.965657647270294,1.0507985219929468,1.157341232446796,True
27.42,3.3754091345452397,20.61126999015389,21.986679124699137,1.0513486405819488,1.15717491693359,True
27.44,3.373299736411294,20.634411833330475,22.007711569741776,1.0518952863999405,1.1570095601928965,True
27.46,3.3712045341970667,20.657550378927215,22.02875491312429,1.0524384775897047,1.156845158293301,True
27.48,3.369123439933627,20.680685646001574,22.049809085935205,1.0529782322546168,1.1566817072985267,True
27.5,3.3670563660924806,20.70381765353225,22.070874019624735,1.0535145684578175,1.1565192032677705,True
27.52,3.3650032255848465,20.72694642041908,22.091949646003933,1.0540475042213993,1.1563576422560324,True
27.54,3.3629639317609072,20.75007196548296,22.113035897243872,1.0545770575256126,1.156197020314446,True
27.56,3.3609383984090386,20.773194307465776,22.13413270587482,1.0551032463080874,1.1560373334906013,True
27.58,3.3589265397550183,20.79631346503033,22.155240004785355,1.0556260884630726,1.1558785778288654,True
27.6,3.35692827046121,20.819429456760293,22.176357727221507,1.0561456018406916,1.1557207493706994,True
27.62,3.3549435056257306,20.842542301160112,22.19748580678585,1.0566618042462137,1.1555638441549714,True
27.64,3.3529721607815937,20.865652016655016,22.218624177436617,1.057174713439342,1.155407858218264,True
27.66,3.3510141518958334,20.888758621590934,22.23977277348677,1.0576843471335193,1.1552527875951824,True
27.68,3.349069395368611,20.911862134234468,22.260931529603084,1.0581907229952456,1.155098628318653,True
27.7,3.3471378080322967,20.934962572772868,22.28210038080517,1.0586938586434158,1.154945376420223,True
27.72,3.3452193071505394,20.958059955314,22.303279262464546,1.0591937716486695,1.1547930279303544,True
27.740000000000002,3.3433138104173103,20.98115429988634,22.324468110303656,1.059690479532758,1.1546415788787137,True
27.76,3.3414212359559365,21.004245624438934,22.345666860394875,1.0601839997679252,1.1544910252944587,True
27.78,3.3395415023181063,21.027333946841427,22.366875449159537,1.060674349776305,1.1543413632065218,True
27.8,3.3376745284828684,21.050419284884033,22.388093813366904,1.0611615469293314,1.1541925886438893,True
27.82,3.335820233855604,21.073501656277546,22.409321890133153,1.0616456085471655,1.1540446976358767,True
27.84,3.3339785382669893,21.09658107865336,22.430559616920355,1.0621265518981335,1.153897686212401,True
27.86,3.332149361971937,21.119657569563476,22.45180693153542,1.062604394198184,1.1537515504042504,True
27.88,3.330332625648525,21.142731146480514,22.47306377212904,1.0630791526103531,1.1536062862433447,True
27.9,3.3285282503969045,21.165801826797747,22.494330077194654,1.063550844244249,1.1534618897630027,True
27.92,3.3267361577381993,21.18886962782914,22.51560578556734,1.0640194861555465,1.153318356998194,True
27.94,3.324956269613386,21.21193456680936,22.53689083642275,1.0644850953454972,1.1531756839857974,True
27.96,3.3231885083821573,21.234996660893845,22.55818516927601,1.0649476887604516,1.1530338667648483,True
27.98,3.321432796821777,21.25805592715884,22.57948872398062,1.065407283291396,1.1528929013767877,True
28.0,3.319689058125916,21.281112382601428,22.60080144072735,1.0658638957734985,1.1527527838657048,True
28.02,3.3179572159034767,21.304166044139624,22.622123260043107,1.0663175429856746,1.1526135102785766,True
28.04,3.3162371941774023,21.327216928612398,22.643454122789805,1.066768241650159,1.1524750766655045,True
28.060000000000002,3.3145289173834755,21.350265052779765,22.664793970163245,1.0672160084320925,1.1523374790799485,True
28.08,3.3128323103691053,21.373310433322825,22.686142743691935,1.0676608599391213,1.1522007135789556,True
28.1,3.3111472983920924,21.396353086843888,22.70750038523599,1.068102812721009,1.1520647762233853,True
28.12,3.3094738071193976,21.419393029866495,22.7288668369859,1.0685418832692584,1.1519296630781353,True
28.14,3.3078117626258834,21.44243027883554,22.75024204146143,1.0689780880167472,1.151795370212357,True
28.16,3.3061610913930544,21.465464850117343,22.771625941510404,1.069411443337375,1.1516618936996743,True
28.18,3.3045217203077812,21.488496759999737,22.793018480307524,1.0698419655457205,1.151529229618396,True
28.2,3.3028935766610155,21.511526024692174,22.814419601353194,1.0702696708967119,1.151397374051724,True
28.22,3.3012765881464934,21.534552660325822,22.83582924847232,1.0706945755853068,1.1512663230879603,True
28.240000000000002,3.299670682859429,21.55757668295367,22.857247365813105,1.0711166957461835,1.15113607282071,True
28.259999999999998,3.298075789295199,21.58059810855062,22.87867389784582,1.0715360474534448,1.1510066193490807,True
28.28,3.296491836348013,21.603616953013635,22.900108789361653,1.0719526467203302,1.1508779587778786,True
28.3,3.2949187533095823,21.62663323216181,22.921551985471396,1.072366509498939,1.1507500872178014,True
28.32,3.29335646986777,21.649646961736533,22.943003431604307,1.0727776516799659,1.1506230007856304,True
28.34,3.291804916105241,21.672658157401575,22.96446307350682,1.0731860890924436,1.1504966956044147,True
28.36,3.2902640224980946,21.695666834743243,22.98593085724134,1.0735918375034994,1.1503711678036557,True
28.38,3.2887337199144966,21.718673009270496,23.007406729184996,1.073994912618117,1.1502464135194888,True
28.4,3.2872139396132996,21.741676696415084,23.028890636028386,1.074395330078912,1.15012242889486,True
28.42,3.2857046132426526,21.764677911531688,23.050382524774342,1.0747931054659166,1.1499992100797007,True
28.44,3.2842056728386098,21.78767666989805,23.07188234273666,1.0751882542963698,1.1498767532310985,True
28.46,3.282717050823724,21.810672986715137,23.09339003753886,1.0755807920245237,1.1497550545134672,True
28.48,3.2812386800056403,21.833666877107273,23.114905557112913,1.0759707340414522,1.1496341100987102,True
28.5,3.2797704935756764,21.8566583561223,23.136428849697975,1.0763580956748737,1.1495139161663843,True
28.52,3.2783124251074014,21.879647438731723,23.157959863839125,1.0767428921889808,1.1493944689038589,True
28.54,3.2768644085552046,21.902634139830884,23.17949854838609,1.077125138784277,1.1492757645064728,True
28.560000000000002,3.275426378252858,21.925618474239105,23.201044852491965,1.0775048505974272,1.1491577991776878,True
28.58,3.273998268912078,21.948600456699857,23.222598725611935,1.0778820427011093,1.1490405691292394,True
28.6,3.272580015621073,21.971580101880942,23.24416011750202,1.0782567301038828,1.148924070581284,True
28.62,3.2711715538430925,21.994557424374637,23.26572897821773,1.0786289277500571,1.1488082997625468,True
28.64,3.2697728194149676,22.017532438697884,23.287305258112855,1.0789986505195746,1.1486932529104614,True
28.66,3.268383748545646,22.040505159292472,23.30888890783812,1.0793659132278977,1.1485789262713104,True
28.68,3.267004277814724,22.063475600525187,23.330479878339915,1.0797307306259059,1.1484653161003624,True
28.7,3.265634344170973,22.086443776688032,23.35207812085901,1.0800931173997992,1.1483524186620067,True
28.72,3.2642738849308595,22.109409701998374,23.373683586929236,1.0804530881710102,1.1482402302298835,True
28.740000000000002,3.262922837777065,22.13237339059916,23.395296228376225,1.0808106574961227,1.1481287470870134,True
28.759999999999998,3.261581140756999,22.155334856559065,23.416915997316067,1.0811658398667978,1.1480179655259246,True
28.78,3.260248732281305,22.178294113872752,23.43854284615406,1.0815186497097091,1.1479078818487742,True
28.8,3.258925551122373,22.20125117646099,23.460176727583367,1.0818691013864805,1.1477984923674707,True
28.82,3.2576115364128344,22.2242060581709,23.481817594583738,1.0822172091936373,1.1476897934037928,True
28.84,3.256306627644066,22.247158772776135,23.503465400420204,1.0825629873625577,1.1475817812895042,True
28.86,3.255010764664685,22.270109333977086,23.52512009864177,1.0829064500594354,1.147474452366466,True
28.88,3.253723887679039,22.29305775540108,23.54678164308012,1.0832476113852485,1.147367802986751,True
28.9,3.2524459372457013,22.31600405060259,23.568449987848293,1.0835864853757309,1.147261829512747,True
28.92,3.2511768542759527,22.338948233063444,23.590125087339402,1.0839230860013571,1.1471565283172689,True
28.94,3.2499165800322714,22.361890316193026,23.611806896225303,1.0842574271673249,1.1470518957836555,True
28.96,3.2486650561268124,22.384830313328493,23.63349536945531,1.084589522713552,1.1469479283058766,True
28.98,3.247422224519891,22.407768237734995,23.65519046225489,1.0849193864146736,1.1468446222886275,True
29.0,3.2461880275184596,22.430704102605873,23.67689213012434,1.0852470319800476,1.1467419741474274,True
29.02,3.2449624077745853,22.453637921062903,23.698600328837497,1.085572473053767,1.1466399803087133,True
29.04,3.243745308283927,22.476569706156486,23.72031501444042,1.0858957232146746,1.1465386372099307,True
29.060000000000002,3.2425366723842073,22.49949947086589,23.742036143250104,1.0862167959763869,1.1464379412996246,True
29.08,3.241336443753688,22.522427228099453,23.76376367185315,1.0865357047873208,1.1463378890375262,True
29.1,3.2401445664096378,22.545352990694848,23.785497557104495,1.086852463030729,1.1462384768946374,True
29.12,3.2389609847068086,22.56827677141925,23.807237756126067,1.0871670840247356,1.146139701353314,True
29.14,3.2377856433359002,22.591198582969614,23.828984226305522,1.0874795810223832,1.146041558907347,True
29.16,3.236618487322034,22.61411843797288,23.85073692529492,1.0877899672116789,1.14594404606204,True
29.18,3.235459462023217,22.63703634898621,23.872495811009436,1.0880982557156504,1.145847159334286,True
29.2,3.2343085131288167,22.65995232849722,23.894260841626046,1.0884044595924036,1.145750895252642,True
29.22,3.2331655866580222,22.68286638892422,23.916031975582253,1.0887085918351875,1.1456552503574018,True
29.240000000000002,3.2320306289583183,22.70577854261644,23.93780917157477,1.0890106653724612,1.1455602212006644,True
29.259999999999998,3.2309035867039495,22.728688801854258,23.95959238855822,1.089310693067968,1.1454658043464039,True
29.28,3.2297844068943906,22.75159717884948,23.981381585743883,1.089608687720813,1.1453719963705347,True
29.3,3.2286730368528147,22.774503685745522,24.003176722598347,1.089904662065545,1.145278793860976,True
29.32,3.2275694242245616,22.797408334617693,24.024977758842265,1.0901986287722423,1.1451861934177139,True
29.34,3.226473516975608,22.820311137473418,24.046784654449038,1.0904906004466042,1.145094191652862,True
29.36,3.2253852633910376,22.843212106252487,24.068597369643538,1.0907805896300462,1.1450027851907185,True
29.38,3.2243046120735124,22.866111252827302,24.090415864900827,1.0910686087997978,1.1449119706678255,True
29.4,3.223231511941743,22.889008589003115,24.11224010094487,1.0913546703690067,1.1448217447330198,True
29.42,3.2221659122289643,22.911904126518284,24.13407003874726,1.0916387866868447,1.1447321040474885,True
29.44,3.2211077624814077,22.934797877044502,24.15590563952592,1.0919209700386194,1.1446430452848202,True
29.46,3.220057012556777,22.957689852187066,24.177746864743852,1.0922012326458883,1.1445545651310511,True
29.48,3.219013612622725,22.98058006348512,24.199593676107856,1.0924795866665769,1.1444666602847169,True
29.5,3.2179775131553305,23.003468522411907,24.221446035567247,1.0927560441951012,1.144379327456893,True
29.52,3.2169486649375814,23.026355240375008,24.2433039053126,1.0930306172624922,1.1442925633712446,True
29.54,3.215927019057852,23.04924022871661,24.26516724777447,1.093303317836525,1.1442063647640632,True
29.560000000000002,3.214912526908389,23.072123498713754,24.287036025622154,1.0935741578218512,1.1441207283843111,True
29.58,3.213905140183796,23.095005061578572,24.30891020176238,1.093843149060135,1.144035650993659,True
29.6,3.21290481087952,23.117884928458587,24.330789739338115,1.0941103033301902,1.1439511293665219,True
29.62,3.2119114912903406,23.140763110436907,24.352674601727255,1.094375632348123,1.1438671602900974,True
29.64,3.2109251340088627,23.163639618532528,24.374564752541396,1.0946391477674777,1.1437837405643978,True
29.66,3.2099456919240072,23.18651446370057,24.396460155624585,1.0949008611793838,1.1437008670022824,True
29.68,3.2089731182195105,23.209387656832543,24.41836077505206,1.095160784112706,1.1436185364294904,True
29.7,3.2080073663724207,23.2322592087566,24.440266575129026,1.0954189280341997,1.1435367456846686,True
29.72,3.2070483901515985,23.25512913023779,24.462177520389396,1.095675304348666,1.143455491619399,True
29.740000000000002,3.2060961436162208,23.277997431978335,24.484093575594564,1.0959299243991125,1.1433747710982267,True
29.759999999999998,3.2051505811142884,23.30086412461786,24.506014705732156,1.0961827994669133,1.1432945809986839,True
29.78,3.204211657281134,23.323729218733693,24.527940876014835,1.096433940771975,1.1432149182113134,True
29.8,3.2032793270379325,23.34659272484108,24.549872051879024,1.0966833594729029,1.14313577963969,True
29.82,3.2023535455902183,23.36945465339349,24.571808198983717,1.0969310666671712,1.1430571622004435,True
29.84,3.2014342684264028,23.39231501478284,24.593749283209256,1.0971770733912942,1.1429790628232754,True
29.86,3.2005214513162934,23.415173819339785,24.615695270656087,1.0974213906210006,1.1429014784509783,True
29.88,3.1996150503096197,23.43803107733395,24.63764612764358,1.0976640292714104,1.142824406039451,True
29.9,3.198715021734559,23.460886798974222,24.659601820708794,1.0979050001972137,1.1427478425577153,True
29.92,3.197821322196268,23.483740994409004,24.681562316605284,1.0981443141928509,1.14267178498793,True
29.94,3.1969339085754185,23.506593673726453,24.703527582301884,1.0983819819926959,1.1425962303254016,True
29.96,3.19605273802673,23.52944484695479,24.725497584981525,1.0986180142712425,1.1425211755785982,True
29.98,3.1951777679775146,23.55229452406251,24.747472292040033,1.0988524216432893,1.1424466177691566,True
30.0,3.1943089561262217,23.575142714958698,24.76945167108493,1.0990852146641295,1.1423725539318952,True
30.02,3.193446260440984,23.59798942949325,24.791435689934243,1.0993164038297425,1.1422989811148172,True
30.04,3.1925896391581703,23.62083467745716,24.81342431661534,1.0995459995769854,1.142225896379121,True
30.060000000000002,3.19173905078094,23.643678468582785,24.835417519363734,1.099774012283789,1.1421532967992023,True
30.08,3.1908944540778053,23.666520812544082,24.857415266621896,1.1000004522693514,1.142081179462662,True
30.1,3.1900558080811914,23.689361718956917,24.879417527038118,1.1002253297943383,1.1420095414703044,True
30.12,3.189223072086006,23.712201197379283,24.9014242694653,1.100448655061081,1.1419383799361436,True
30.14,3.1883962056482082,23.735039257311595,24.923435462959812,1.1006704382137782,1.141867691987402,True
30.16,3.187575168583386,23.757875908196947,24.94545107678034,1.1008906893386978,1.1417974747645103,True
30.18,3.1867599209653332,23.78071115942137,24.96747108038671,1.1011094184643817,1.1417277254211062,True
30.2,3.1859504231246354,23.803545020314097,24.989495443438738,1.10132663556185,1.1416584411240318,True
30.22,3.1851466356472558,23.826377500147835,25.0115241357951,1.101542350544809,1.141589619053332,True
30.240000000000002,3.1843485193731267,23.849208608139026,25.03355712751216,1.1017565732698584,1.141521256402246,True
30.259999999999998,3.1835560353947474,23.872038353448094,25.05559438884285,1.1019693135367015,1.141453350377207,True
30.28,3.182769145055783,23.89486674517975,25.077635890235538,1.1021805810883547,1.1413858981978324,True
30.3,3.1819878099496695,23.917693792383197,25.099681602332872,1.1023903856113606,1.1413188970969161,True
30.32,3.1812119919182242,23.94051950405245,25.121731495970682,1.102598736736,1.1412523443204223,True
30.34,3.180441653050257,23.963343889126566,25.14378554217683,1.1028056440365057,1.1411862371274752,True
30.36,3.1796767556801906,23.986166956489917,25.165843712170116,1.1030111170312793,1.1411205727903486,True
30.38,3.178917262386682,24.008988714972453,25.18790597735914,1.1032151651831053,1.1410553485944557,True
30.4,3.1781631359912494,24.031809173349956,25.209972309341214,1.1034177978993693,1.1409905618383345,True
30.42,3.1774143395569063,24.054628340344326,25.23204267990124,1.1036190245322763,1.1409262098336401,True
30.44,3.1766708363867946,24.07744622462381,25.25411706101061,1.1038188543790688,1.140862289905125,True
30.46,3.175932590022828,24.10026283480329,25.276195424826124,1.1040172966822472,1.1407987993906288,True
30.48,3.175199564244337,24.12307817944453,25.298277743688875,1.1042143606297903,1.140735735641062,True
30.5,3.1744717230667194,24.145892267056453,25.32036399012318,1.1044100553553775,1.140673096020388,True
30.52,3.173749030740096,24.168705106095384,25.342454136835485,1.1046043899386095,1.1406108779056088,True
30.54,3.173031451747971,24.191516704965313,25.36454815671329,1.104797373405232,1.1405490786867447,True
30.560000000000002,3.172318950805894,24.21432707201818,25.38664602282408,1.1049890147273602,1.1404876957668177,True
30.58,3.1716114928601358,24.23713621555408,25.408747708414225,1.1051793228237017,1.1404267265618326,True
30.6,3.170909043086356,24.259944143821606,25.43085318690797,1.1053683065597812,1.140366168500754,True
30.62,3.170211566888288,24.28275086501802,25.452962431906315,1.1055559747481682,1.1403060190254894,True
30.64,3.1695190298964206,24.30555638728956,25.475075417185987,1.1057423361486998,1.140246275590865,True
30.66,3.1688313979666898,24.328360718731705,25.4971921166984,1.10592739946871,1.1401869356646057,True
30.68,3.1681486371791703,24.3511638673894,25.51931250456858,1.1061111733632543,1.1401279967273101,True
30.7,3.167470713836776,24.37396584125734,25.541436555094126,1.10629366643534,1.1400694562724287,True
30.72,3.1667975944639677,24.39676664828022,25.563564242744196,1.1064748872361512,1.1400113118062396,True
30.740000000000002,3.166129245805457,24.41956629635298,25.58569554215844,1.106654844265278,1.1399535608478226,True
30.759999999999998,3.165465634824926,24.442364793321058,25.60783042814599,1.1068335459709464,1.139896200929036,True
30.78,3.1648067287037436,24.465162146980695,25.629968875684447,1.1070110007502456,1.1398392295944884,True
30.8,3.1641524948396924,24.487958365079116,25.652110859918814,1.1071872169493577,1.139782644401512,True
30.82,3.1635029008456965,24.51075345531483,25.674256356160534,1.1073622028637882,1.1397264429201388,True
30.84,3.16285791454856,24.53354742533788,25.696405339886446,1.107535966738594,1.1396706227330682,True
30.86,3.1622175039877023,24.55634028275008,25.71855778673779,1.1077085167686147,1.1396151814356428,True
30.88,3.1615816374139087,24.579132035105285,25.7407136725192,1.1078798610987026,1.139560116635816,True
30.9,3.160950283288078,24.60192268990963,25.762872973197712,1.1080500078239526,1.1395054259541249,True
30.92,3.160323410279979,24.624712254621794,25.785035664901777,1.108218964989933,1.1394511070236595,True
30.94,3.1597009872670103,24.647500736653225,25.80720172392024,1.1083867405929164,1.139397157490033,True
30.96,3.1590829833329694,24.670288143368424,25.829371126701396,1.1085533425801095,1.1393435750113496,True
30.98,3.158469367766821,24.693074482085176,25.851543849852003,1.1087187788498851,1.1392903572581732,True
31.0,3.1578601100614767,24.715859760074803,25.873719870136284,1.1088830572520119,1.139237501913497,True
31.02,3.1572551799125743,24.738643984562405,25.895899164474983,1.1090461855878853,1.1391850066727092,True
31.04,3.1566545472172667,24.76142716272712,25.91808170994439,1.1092081716107596,1.139132869243561,True
31.060000000000002,3.156058182073013,24.78420930170236,25.94026748377538,1.1093690230259776,1.139081087346133,True
31.08,3.1554660547763795,24.806990408576056,25.96245646335244,1.1095287474912012,1.139029658712801,True
31.1,3.1548781358218387,24.829770490390928,25.98464862621277,1.109687352616643,1.1389785810882034,True
31.12,3.154294395900581,24.852549554144687,26.006843950045273,1.1098448459652963,1.138927852229205,True
31.14,3.153714805899326,24.87532760679032,26.029042412689655,1.1100012350531658,1.1388774699048618,True
31.16,3.153139336899143,24.898104655236317,26.05124399213547,1.1101565273494984,1.1388274318963871,True
31.18,3.1525679601742764,24.920880706346903,26.073448666521184,1.1103107302770123,1.1387777359971134,True
31.2,3.152000647190972,24.943655766942296,26.095656414133273,1.1104638512121283,1.1387283800124592,True
31.22,3.1514373696063154,24.966429843798945,26.117867213405265,1.1106158974851994,1.1386793617598896,True
31.240000000000002,3.1508780992670697,24.98920294364977,26.140081042916847,1.1107668763807401,1.1386306790688798,True
31.259999999999998,3.1503228082085246,25.01197507318438,26.162297881392917,1.1109167951376555,1.13858232978088,True
31.28,3.1497714686533436,25.034746239049376,26.184517707702728,1.111065660949472,1.1385343117492759,True
31.3,3.1492240530104225,25.0575164478485,26.206740500858928,1.1112134809645644,1.1384866228393493,True
31.32,3.1486805338737507,25.080285706142938,26.228966240016696,1.111360262286387,1.1384392609282439,True
31.34,3.1481408840212786,25.103054020451545,26.25119490447283,1.111506011973699,1.1383922239049231,True
31.36,3.147605076413789,25.125821397251055,26.273426473664852,1.1116507370407946,1.1383455096701323,True
31.38,3.1470730841937766,25.14858784297635,26.295660927170136,1.111794444457731,1.1382991161363603,True
31.4,3.1465448806843277,25.171353364020675,26.31789824470501,1.1119371411505545,1.1382530412277978,True
31.42,3.1460204393880127,25.194117966735874,26.34013840612389,1.1120788340015284,1.1382072828803005,True
31.44,3.145499733985778,25.216881657432612,26.362381391418396,1.1122195298493593,1.1381618390413468,True
31.46,3.1449827383358433,25.23964444238064,26.38462718071649,1.1123592354894243,1.1381167076699987,True
31.48,3.144469426472609,25.262406327808996,26.40687575428161,1.112497957673996,1.1380718867368598,True
31.5,3.1439597726055646,25.285167319906247,26.429127092511816,1.1126357031124676,1.1380273742240368,True
31.52,3.1434537511182032,25.307927424820715,26.45138117593892,1.11277247847158,1.1379831681250958,True
31.54,3.1429513365669433,25.330686648660706,26.473637985227654,1.1129082903756444,1.137939266445023,True
31.560000000000002,3.142452503680052,25.35344499749475,26.495897501174806,1.1130431454067675,1.1378956672001823,True
31.58,3.14195722735658,25.376202477351796,26.51815970470838,1.1131770501050748,1.1378523684182738,True
31.6,3.1414654826652932,25.398959094221492,26.54042457688679,1.113310010968935,1.1378093681382913,True
31.62,3.1409772448436186,25.421714854054347,26.562692098897966,1.1134420344551799,1.1377666644104811,True
31.64,3.140492489296588,25.444469762762,26.584962252058588,1.113573126979331,1.1377242552962996,True
31.66,3.140011191595792,25.467223826217435,26.60723501781323,1.113703294915817,1.1376821388683696,True
31.68,3.139533327478337,25.4899770502552,26.629510377733535,1.1138325445981982,1.137640313210439,True
31.7,3.139058872845807,25.512729440671617,26.651788313517425,1.1139608823193856,1.1375987764173368,True
31.72,3.138587803763234,25.535481003225026,26.674068806988263,1.114088314331861,1.137557526594931,True
31.740000000000002,3.138120096458069,25.558231743635996,26.696351840094067,1.1142148468478974,1.1375165618600844,True
31.759999999999998,3.137655727319161,25.58098166758753,26.71863739490669,1.1143404860397776,1.137475880340613,True
31.78,3.137194672895742,25.603730780725314,26.740925453621056,1.1144652380400129,1.13743548017524,True
31.8,3.1367369098964137,25.6264790886579,26.763215998554312,1.1145891089415603,1.1373953595135544,True
31.82,3.136282415188145,25.649226596956947,26.78550901214509,1.1147121047980404,1.1373555165159657,True
31.84,3.1358311657952687,25.671973311157437,26.807804476952704,1.1148342316239548,1.1373159493536606,True
31.86,3.1353831388984865,25.69471923675787,26.83010237565636,1.1149554953949001,1.13727665620856,True
31.88,3.1349383118338805,25.717464379220505,26.852402691054387,1.1150759020477856,1.1372376352732727,True
31.9,3.1344966620919266,25.740208743971554,26.87470540606348,1.1151954574810465,1.137198884751053,True
31.92,3.1340581673165153,25.762952336401394,26.89701050371791,1.1153141675548586,1.137160402855755,True
31.94,3.1336228053039767,25.785695161864794,26.91931796716877,1.115432038091353,1.1371221878117894,True
31.96,3.133190554002113,25.808437225681107,26.94162777968322,1.115549074874826,1.1370842378540789,True
31.98,3.1327613915092307,25.831178533134498,26.96393992464373,1.115665283651955,1.1370465512280108,True
32.0,3.1323352960731845,25.85391908947414,26.986254385547326,1.1157806701320072,1.1370091261893973,True
32.019999999999996,3.1319122460904216,25.876658899914425,27.008571146004844,1.115895239987052,1.1369719610044267,True
32.04,3.1314922201050326,25.89939796963518,27.030890189740216,1.116008998852171,1.1369350539496197,True
32.06,3.1310751968078097,25.922136303781862,27.05321150058967,1.1161219523256665,1.1368984033117844,True
32.08,3.1306611550353054,25.944873907465745,27.07553506250105,1.1162341059692713,1.1368620073879725,True
32.1,3.1302500737688996,25.967610785764183,27.097860859533085,1.1163454653083569,1.1368258644854323,True
32.120000000000005,3.1298419321338726,25.990346943720755,27.12018887585463,1.11645603583214,1.136789972921565,True
32.14,3.1294367093984783,26.013082386345484,27.142519095743964,1.1165658229938902,1.1367543310238797,True
32.16,3.129034384973028,26.035817118615057,27.16485150358809,1.1166748322111357,1.1367189371299462,True
32.18,3.1286349384089767,26.05855114547302,27.187186083882,1.1167830688658675,1.1366837895873532,True
32.2,3.1282383493980137,26.08128447182995,27.209522821227967,1.1168905383047454,1.1366488867536602,True
32.22,3.127844597771159,26.104017102563674,27.231861700334836,1.1169972458393007,1.1366142269963533,True
32.24,3.127453663497865,26.126749042519492,27.25420270601736,1.11710319674614,1.1365798086927992,True
32.26,3.127065526685124,26.149480296510323,27.27654582319545,1.1172083962671473,1.1365456302302024,True
32.28,3.1266801675765765,26.172210869316952,27.29889103689353,1.1173128496096847,1.1365116900055556,True
32.3,3.126297566551631,26.194940765688173,27.321238332239805,1.1174165619467942,1.1364779864255987,True
32.32,3.125917704124583,26.217669990341047,27.34358769446563,1.1175195384173977,1.1364445179067715,True
32.34,3.1255405609437408,26.24039854796103,27.365939108904772,1.1176217841264953,1.136411282875167,True
32.36,3.1251661177905583,26.263126443202204,27.388292560992763,1.1177233041453647,1.1363782797664885,True
32.38,3.124794355578768,26.285853680687474,27.410648036266245,1.1178241035117593,1.1363455070260033,True
32.4,3.1244252553535246,26.308580265008725,27.43300552036225,1.1179241872301033,1.1363129631084978,True
32.42,3.124058798290548,26.33130620072706,27.45536499901761,1.11802356027169,1.1362806464782313,True
32.44,3.1236949656952766,26.354031492372922,27.477726458068204,1.1181222275748754,1.1362485556088913,True
32.46,3.1233337390020184,26.37675614444637,27.500089883448393,1.1182201940452747,1.1362166889835483,True
32.480000000000004,3.122975099773114,26.39948016141718,27.5224552611903,1.1183174645559546,1.13618504509461,True
32.5,3.1226190296981007,26.422203547725072,27.54482257742318,1.118414043947626,1.1361536224437783,True
32.519999999999996,3.1222655105928805,26.444926307779916,27.567191818372798,1.1185099370288387,1.1361224195419999,True
32.54,3.121914524398896,26.467648445961878,27.589562970360777,1.1186051485761694,1.1360914349094255,True
32.56,3.1215660531823084,26.49036996662162,27.611936019803935,1.1186996833344158,1.1360606670753628,True
32.58,3.1212200791331814,26.51309087408047,27.634310953213657,1.1187935460167828,1.1360301145782306,True
32.6,3.1208765845646695,26.53581117263064,27.656687757195318,1.1188867413050754,1.1359997759655158,True
32.620000000000005,3.12053555191221,26.558530866535367,27.679066418447583,1.1189792738498838,1.1359696497937268,True
32.64,3.1201969637327225,26.581249960029098,27.701446923761825,1.1190711482707718,1.1359397346283506,True
32.66,3.119860802703809,26.6039684573177,27.723829260021514,1.1191623691564652,1.1359100290438042,True
32.68,3.1195270516229625,26.62668636257861,27.746213414201577,1.1192529410650343,1.135880531623394,True
32.7,3.1191956934067777,26.649403679961015,27.7685993733678,1.1193428685240814,1.1358512409592696,True
32.72,3.1188667110901673,26.672120413586025,27.7909871246762,1.1194321560309235,1.1358221556523773,True
32.74,3.118540087825582,26.694836567546886,27.813376655372476,1.1195208080527779,1.1357932743124182,True
32.76,3.1182158068822363,26.71755214590909,27.835767952791333,1.1196088290269417,1.1357645955578028,True
32.78,3.1178938516453387,26.74026715271061,27.858161004355956,1.119696223360975,1.135736118015606,True
32.8,3.1175742056153246,26.76298159196203,27.88055579757736,1.1197829954328828,1.1357078403215217,True
32.82,3.117256852407096,26.785695467646754,27.902952320053856,1.1198691495912934,1.1356797611198228,True
32.84,3.1169417757492637,26.80840878372113,27.925350559470402,1.119954690155638,1.1356518790633108,True
32.86,3.1166289594833967,26.83112154411466,27.947750503598062,1.1200396214163306,1.1356241928132778,True
32.88,3.1163183875632723,26.853833752730168,27.970152140293447,1.120123947634943,1.135596701039457,True
32.9,3.1160100440541343,26.87654541344393,27.99255545749807,1.1202076730443842,1.1355694024199832,True
32.92,3.1157039131319526,26.899256530105905,28.01496044323786,1.120290801849075,1.1355422956413463,True
32.94,3.1153999790826896,26.92196710653982,28.037367085622513,1.1203733382251229,1.1355153793983483,True
32.96,3.115098226301569,26.944677146543427,28.059775372845,1.1204552863204973,1.1354886523940597,True
32.980000000000004,3.1147986392923506,26.967386653888585,28.082185293180945,1.1205366502552025,1.1354621133397755,True
33.0,3.1145012026666077,26.990095632321477,28.10459683498809,1.1206174341214505,1.135435760954973,True
33.019999999999996,3.114205901143011,27.012804085562756,28.127009986705772,1.1206976419838328,1.1354095939672662,True
33.04,3.1139127195466147,27.035512017307717,28.14942473685434,1.1207772778794907,1.135383611112364,True
33.06,3.1136216428081473,27.058219431226433,28.17184107403459,1.1208563458182874,1.1353578111340275,True
33.08,3.1133326559633097,27.08092633096393,28.19425898692725,1.1209348497829752,1.1353321927840254,True
33.1,3.1130457441520707,27.10363272014038,28.216678464292457,1.1210127937293655,1.1353067548220923,True
33.120000000000005,3.112760892617975,27.12633860235119,28.239099494969174,1.1210901815864958,1.1352814960158855,True
33.14,3.1124780867074486,27.149043981167218,28.261522067874676,1.1211670172567965,1.1352564151409408,True
33.16,3.1121973118691133,27.171748860134915,28.283946172004036,1.1212433046162578,1.1352315109806326,True
33.18,3.1119185536531018,27.19445324277648,28.306371796429588,1.1213190475145938,1.1352067823261303,True
33.2,3.111641797710378,27.217157132589996,28.328798930300383,1.1213942497754084,1.1351822279763535,True
33.22,3.1113670297920635,27.239860533049608,28.35122756284168,1.1214689151963573,1.1351578467379342,True
33.24,3.111094235748765,27.262563447605682,28.373657683354455,1.1215430475493116,1.1351336374251706,True
33.26,3.1108234015299074,27.28526587968493,28.396089281214845,1.1216166505805196,1.135109598859987,True
33.28,3.110554513183073,27.307967832690593,28.418522345873676,1.1216897280107687,1.1350857298718922,True
33.3,3.1102875568533395,27.330669310002563,28.44095686685591,1.1217622835355439,1.1350620292979363,True
33.32,3.110022518782626,27.353370314977568,28.4633928337602,1.121834320825189,1.1350384959826703,True
33.34,3.109759385309044,27.376070850949283,28.48583023625833,1.1219058435250653,1.135015128778104,True
33.36,3.109498142866249,27.39877092122849,28.508269064094744,1.1219768552557077,1.134991926543664,True
33.38,3.1092387779827977,27.421470529103274,28.530709307086074,1.1220473596129836,1.134968888146154,True
33.4,3.108981277281509,27.444169677839078,28.55315095512059,1.1221173601682484,1.1349460124597122,True
33.42,3.1087256274788295,27.46686837067894,28.575593998157775,1.1221868604685012,1.1349232983657707,True
33.44,3.108471815384202,27.48956661084358,28.598038426227784,1.122255864036539,1.134900744753015,True
33.46,3.10821982789944,27.512264401531574,28.620484229431018,1.1223243743711104,1.1348783505173434,True
33.480000000000004,3.1079696520181015,27.534961745919478,28.642931397937584,1.1223923949470698,1.1348561145618243,True
33.5,3.107721274824871,27.55765864716198,28.665379921986855,1.1224599292155282,1.134834035796659,True
33.519999999999996,3.1074746834949454,27.58035510839205,28.687829791887,1.1225269806040048,1.1348121131391395,True
33.54,3.10722986529342,27.603051132721088,28.710280998014515,1.122593552516579,1.1347903455136081,True
33.56,3.1069868075746814,27.625746723239025,28.73273353081371,1.1226596483340385,1.1347687318514172,True
33.58,3.106745497781804,27.64844188301449,28.755187380796297,1.1227252714140286,1.1347472710908915,True
33.6,3.1065059234459484,27.67113661509497,28.777642538540924,1.1227904250912015,1.1347259621772847,True
33.620000000000005,3.1062680721857663,27.693830922506912,28.800098994692686,1.1228551126773627,1.1347048040627434,True
33.64,3.106031931706806,27.716524808255866,28.82255673996268,1.1229193374616175,1.1346837957062659,True
33.66,3.1057974898009255,27.739218275326646,28.845015765127577,1.1229831027105175,1.1346629360736615,True
33.68,3.1055647343457027,27.761911326683453,28.867476061029162,1.1230464116682048,1.1346422241375151,True
33.7,3.105333653303859,27.78460396526999,28.889937618573853,1.1231092675565575,1.1346216588771436,True
33.72,3.1051042347226767,27.807296194009616,28.912400428732298,1.1231716735753323,1.1346012392785603,True
33.74,3.1048764667334274,27.829988015805494,28.934864482538927,1.1232336329023065,1.1345809643344351,True
33.76,3.1046503375508006,27.852679433540683,28.957329771091487,1.1232951486934213,1.1345608330440555,True
33.78,3.1044258354723335,27.875370450078318,28.979796285550655,1.1233562240829222,1.1345408444132887,True
33.8,3.104202948877852,27.898061068261693,29.002264017139545,1.1234168621834986,1.1345209974545434,True
33.82,3.1039816662289077,27.92075129091444,29.024732957143346,1.1234770660864253,1.1345012911867296,True
33.84,3.10376197606822,27.94344112084061,29.04720309690883,1.1235368388616995,1.1344817246352241,True
33.86,3.1035438670191264,27.96613056082483,29.06967442784396,1.1235961835581794,1.1344622968318303,True
33.88,3.1033273277850317,27.988819613632455,29.09214694141749,1.1236551032037214,1.134443006814741,True
33.9,3.1031123471488598,28.011508282009626,29.114620629158487,1.123713600805317,1.1344238536284998,True
33.92,3.1028989139725143,28.03419656868347,29.137095482655987,1.1237716793492278,1.134404836323967,True
33.94,3.102687017196337,28.056884476362175,29.159571493558513,1.1238293418011203,1.134385953958277,True
33.96,3.102476645838574,28.07957200773515,29.182048653573723,1.123886591106202,1.134367205594807,True
33.980000000000004,3.1022677889948405,28.102259165473118,29.20452695446796,1.123943430189352,1.1343485903031363,True
34.0,3.1020604358375965,28.124945952228256,29.227006388065853,1.1239998619552556,1.1343301071590095,True
34.019999999999996,3.101854575615616,28.14763237063433,29.24948694624995,1.1240558892885364,1.134311755244303,True
34.04,3.1016501976534694,28.17031842330681,29.27196862096028,1.124111515053885,1.1342935336469837,True
34.06,3.1014472913510014,28.19300411284296,29.29445140419396,1.124166742096193,1.1342754414610787,True
34.08,3.1012458461828176,28.215689441821993,29.31693528800481,1.1242215732406797,1.1342574777866328,True
34.1,3.101045851697771,28.238374412805207,29.339420264502976,1.1242760112930235,1.1342396417296767,True
34.120000000000005,3.1008472975184547,28.26105902833605,29.361906325854502,1.124330059039487,1.1342219324021907,True
34.14,3.1006501733406937,28.283743290940276,29.384393464280965,1.1243837192470478,1.1342043489220666,True
34.16,3.100454468933045,28.306427203126066,29.406881672059107,1.124436994663523,1.1341868904130752,True
34.18,3.1002601741362965,28.329110767384137,29.42937094152043,1.1244898880176968,1.1341695560048284,True
34.2,3.100067278862974,28.35179398618784,29.45186126505081,1.1245424020194432,1.1341523448327464,True
34.22,3.099875773096845,28.374476861993294,29.474352635090135,1.124594539359854,1.1341352560380207,True
34.24,3.0996856468924316,28.39715939723952,29.49684504413195,1.1246463027113593,1.1341182887675783,True
34.26,3.0994968903745224,28.419841594348508,29.519338484723026,1.1246976947278535,1.134101442174051,True
34.28,3.0993094937376906,28.442523455725382,29.541832949463068,1.1247487180448155,1.1340847154157365,True
34.3,3.0991234472458142,28.46520498375846,29.56432843100427,1.1247993752794312,1.1340681076565664,True
34.32,3.098938741231597,28.487886180819434,29.586824922051026,1.124849669030715,1.1340516180660705,True
34.34,3.0987553660960976,28.5105670492634,29.609322415359493,1.1248996018796287,1.1340352458193446,True
34.36,3.0985733123082553,28.533247591429035,29.63182090373728,1.1249491763892023,1.1340189900970143,True
34.38,3.098392570404426,28.555927809638682,29.654320380043103,1.1249983951046523,1.1340028500852026,True
34.4,3.0982131309879137,28.578607706198454,29.676820837186362,1.1250472605534996,1.133986824975496,True
34.42,3.0980349847285122,28.601287283398364,29.699322268126867,1.1250957752456874,1.1339709139649103,True
34.44,3.097858122362045,28.623966543512392,29.72182466587443,1.1251439416736975,1.1339551162558588,True
34.46,3.0976825346899086,28.646645488798654,29.74432802348856,1.1251917623126668,1.133939431056117,True
34.480000000000004,3.0975082125786217,28.669324121499457,29.766832334078074,1.1252392396205024,1.1339238575787924,True
34.5,3.097335146959374,28.69200244384141,29.78933759080078,1.1252863760379963,1.1339083950422881,True
34.519999999999996,3.0971633288275813,28.714680458035566,29.811843786863143,1.1253331739889387,1.1338930426702736,True
34.54,3.096992749242439,28.73735816627751,29.83435091551994,1.1253796358802328,1.1338777996916494,True
34.56,3.0968233993264827,28.760035570747423,29.8568589700739,1.125425764102006,1.1338626653405175,True
34.58,3.096655270265151,28.782712673610238,29.879367943875383,1.1254715610277226,1.1338476388561456,True
34.6,3.0964883533063485,28.80538947701574,29.901877830322082,1.125517029014295,1.1338327194829387,True
34.620000000000005,3.0963226397600145,28.828065983098632,29.92438862285864,1.1255621704021939,1.1338179064704048,True
34.64,3.0961581209976927,28.850742193978657,29.946900314976343,1.1256069875155583,1.1338031990731237,True
34.66,3.0959947884521064,28.873418111760714,29.969412900212813,1.1256514826623054,1.1337885965507157,True
34.68,3.095832633616732,28.896093738534947,29.99192637215167,1.1256956581342386,1.1337740981678104,True
34.7,3.0956716480453808,28.918769076376826,30.014440724422197,1.125739516207155,1.1337597031940148,True
34.72,3.095511823351777,28.94144412734726,30.03695595069903,1.1257830591409546,1.1337454109038814,True
34.74,3.0953531512091472,28.96411889349273,30.059472044701874,1.1258262891797444,1.1337312205768804,True
34.76,3.0951956233498024,28.986793376845316,30.081989000195115,1.125869208551946,1.1337171314973655,True
34.78,3.0950392315647317,29.009467579422868,30.104506810987594,1.1259118194704005,1.133703142954544,True
34.8,3.094883967703194,29.032141503229035,30.127025470932224,1.1259541241324738,1.1336892542424484,True
34.82,3.094729823672311,29.05481515025343,30.149544973925735,1.1259961247201589,1.1336754646599023,True
34.84,3.0945767914366695,29.077488522471658,30.172065313908323,1.1260378234001818,1.1336617735104946,True
34.86,3.094424863017919,29.100161621845455,30.194586484863372,1.126079222324102,1.1336481801025458,True
34.88,3.094274030494376,29.122834450322788,30.21710848081716,1.1261203236284163,1.1336346837490805,True
34.9,3.094124286000629,29.1455070098379,30.23963129583852,1.1261611294346594,1.133621283767796,True
34.92,3.0939756217271484,29.16817930231146,30.262154924038605,1.1262016418495053,1.133607979481034,True
34.94,3.093828029919899,29.190851329650613,30.284679359570507,1.1262418629648667,1.1335947702157512,True
34.96,3.093681502879949,29.21352309374911,30.307204596629052,1.1262817948579964,1.1335816553034879,True
34.980000000000004,3.093536032963092,29.236194596487355,30.32973062945044,1.1263214395915842,1.133568634080343,True
35.0,3.0933916125794623,29.25886583973252,30.352257452311978,1.1263607992138567,1.1335557058869403,True
35.019999999999996,3.0932482341931573,29.28153682533865,30.374785059531806,1.1263998757586748,1.1335428700684034,True
35.04,3.093105890321862,29.30420755514675,30.397313445468605,1.1264386712456307,1.1335301259743253,True
35.06,3.092964573536474,29.326878030984822,30.419842604521293,1.1264771876801456,1.1335174729587403,True
35.08,3.0928242764607354,29.34954825466801,30.44237253112874,1.1265154270535631,1.133504910380095,True
35.1,3.0926849917708603,29.37221822799869,30.464903219769546,1.1265533913432477,1.1334924376012223,True
35.120000000000005,3.092546712195172,29.394887952766513,30.48743466496168,1.1265910825126775,1.1334800539893102,True
35.14,3.092409430513739,29.417557430748516,30.50996686126225,1.1266285025115392,1.1334677589158773,True
35.16,3.0922731395580105,29.440226663709232,30.53249980326724,1.1266656532758217,1.1334555517567413,True
35.18,3.092137832210462,29.46289565340075,30.555033485611204,1.1267025367279087,1.1334434318919948,True
35.2,3.092003501404237,29.48556440156278,30.577567902967008,1.1267391547766716,1.1334313987059759,True
35.22,3.091870140122792,29.508232909922768,30.600103050045554,1.1267755093175615,1.1334194515872427,True
35.24,3.091737741399548,29.530901180196,30.62263892159554,1.1268116022326997,1.1334075899285432,True
35.26,3.091606298317537,29.55356921408562,30.64517551240315,1.1268474353909694,1.1333958131267914,True
35.28,3.0914758040090584,29.57623701328279,30.66771281729184,1.126883010648105,1.1333841205830388,True
35.3,3.091346251655333,29.598904579466694,30.69025083112202,1.1269183298467822,1.133372511702448,True
35.32,3.0912176344861613,29.621571914304702,30.712789548790855,1.126953394816707,1.1333609858942657,True
35.34,3.0910899457795833,29.644239019452375,30.735328965231954,1.1269882073747033,1.1333495425717988,True
35.36,3.0909631788615415,29.66690589655359,30.757869075415126,1.1270227693248023,1.1333381811523837,True
35.38,3.0908373271055445,29.68957254724063,30.78040987434617,1.1270570824583281,1.133326901057364,True
35.4,3.0907123839323334,29.712238973134212,30.802951357066544,1.127091148553986,1.1333157017120636,True
35.42,3.0905883428095535,29.734905175843636,30.825493518653186,1.127124969377948,1.1333045825457593,True
35.44,3.090465197251423,29.75757115696679,30.84803635421821,1.1271585466839376,1.1332935429916577,True
35.46,3.090342940818409,29.780236918090296,30.8705798589087,1.1271918822133167,1.133282582486867,True
35.480000000000004,3.0902215671168993,29.80290246078954,30.893124027906435,1.1272249776951688,1.1332717004723747,True
35.5,3.090101069798886,29.825567786628756,30.91566885642764,1.127257834846384,1.1332608963930186,True
35.519999999999996,3.08998144256164,29.84823289716114,30.93821433972278,1.1272904553717413,1.1332501696974646,True
35.54,3.089862679147398,29.870897793928894,30.96076047307629,1.127322840963993,1.1332395198381817,True
35.56,3.089744773343044,29.89356247846329,30.983307251806334,1.1273549933039457,1.1332289462714151,True
35.58,3.0896277189797967,29.916226952284767,31.00585467126456,1.1273869140605433,1.1332184484571637,True
35.6,3.0895115099329,29.938891216903016,31.028402726835917,1.1274186048909476,1.1332080258591541,True
35.620000000000005,3.0893961401213095,29.96155527381703,31.05095141393834,1.1274500674406196,1.133197677944817,True
35.64,3.089281603507391,29.984219124515175,31.073500728022566,1.1274813033434,1.1331874041852619,True
35.66,3.0891678940966107,30.006882770475293,31.096050664571905,1.1275123142215884,1.1331772040552557,True
35.68,3.089055005937236,30.029546213164767,31.118601219102004,1.1275431016860231,1.1331670770331954,True
35.7,3.088942933120032,30.05220945404056,31.14115238716059,1.1275736673361594,1.1331570226010863,True
35.72,3.0888316697779645,30.07487249454931,31.163704164327278,1.1276040127601485,1.1331470402445172,True
35.74,3.088721210085901,30.097535336127436,31.18625654621334,1.1276341395349152,1.1331371294526373,True
35.76,3.08861154826032,30.120197980201134,31.20880952846145,1.1276640492262335,1.133127289718134,True
35.78,3.0885026785590126,30.14286042818652,31.231363106745533,1.1276937433888072,1.1331175205372073,True
35.8,3.088394595280798,30.16552268148964,31.25391727677044,1.1277232235663408,1.1331078214095482,True
35.82,3.0882872927652296,30.188184741506607,31.27647203427184,1.1277524912916206,1.1330981918383156,True
35.84,3.0881807653923112,30.2108466096236,31.299027375015914,1.1277815480865865,1.133088631330113,True
35.86,3.0880750075822103,30.233508287216964,31.321583294799176,1.1278103954624077,1.1330791393949649,True
35.88,3.0879700137949775,30.256169775653305,31.344139789448285,1.1278390349195577,1.1330697155462965,True
35.9,3.0878657785302632,30.278831076289503,31.366696854819768,1.127867467947887,1.13306035930091,True
35.92,3.08776229632704,30.30149219047283,31.389254486799874,1.127895696026698,1.1330510701789611,True
35.94,3.0876595617633247,30.32415311954097,31.4118126813043,1.1279237206248156,1.1330418477039381,True
35.96,3.0875575694559045,30.346813864822142,31.434371434278052,1.1279515432006615,1.1330326914026398,True
35.980000000000004,3.087456314060062,30.369474427635108,31.456930741695174,1.1279791652023252,1.1330236008051537,True
36.0,3.0873557902693043,30.392134809289264,31.47949059955857,1.128006588067636,1.133014575444833,True
36.0,3.0873557902693043,30.392134809289264,31.47949059955857,0.4073357123577574,0.26437006760379433,False
36.02,3.0902116908040336,30.39742280891076,31.487634499714797,0.40705443665596297,0.2644298568245501,False
36.04,3.093060780294164,30.402712002057395,31.49577278235156,0.4067739599670333,0.26448942031717254,False
36.06,3.0959030791959163,30.408002384226563,31.50390546342248,0.4064942796286976,0.26454875927662086,False
36.08,3.0987386078885315,30.413293950939483,31.512032558828015,0.40621539298706294,0.2646078748895132,False
36.1,3.1015673866746103,30.418586697741024,31.520154084415633,0.4059372973966149,0.26466676833419867,False
36.12,3.1043894357804382,30.423880620199533,31.52827005597997,0.405659990220219,0.26472544078082866,False
36.14,3.1072047753563243,30.429175713906684,31.53638048926301,0.4053834688291207,0.2647838933914281,False
36.16,3.110013425476922,30.43447197447731,31.544485399954233,0.4051077306029451,0.2648421273199646,False
36.18,3.1128154061415665,30.439769397549245,31.552584803690813,0.40483277292969577,0.26490014371241816,False
36.2,3.1156107372745927,30.445067978783158,31.56067871605775,0.4045585932057541,0.2649579437068496,False
36.22,3.118399438725665,30.450367713862402,31.568767152588066,0.40428518883587644,0.2650155284334686,False
36.24,3.1211815302701025,30.455668598492863,31.576850128762963,0.4040125572331921,0.2650728990147005,False
36.26,3.1239570316091965,30.460970628402787,31.58492766001198,0.40374069581920047,0.2651300565652529,False
36.28,3.126725962370538,30.466273799342652,31.592999761713187,0.4034696020237669,0.26518700219218155,False
36.3,3.129488342108329,30.471578107084984,31.60106644919331,0.4031992732851199,0.2652437369949551,False
36.32,3.1322441903037115,30.476883547424237,31.609127737727945,0.4029297070498451,0.26530026206552043,False
36.34,3.134993526365073,30.48219011617662,31.617183642541693,0.40266090077288175,0.2653565784883652,False
36.36,3.13773636962837,30.487497809179967,31.625234178808334,0.4023928519175166,0.26541268734058204,False
36.38,3.140472739357441,30.492806622293575,31.633279361651013,0.40212555795537824,0.26546858969193055,False
36.4,3.143202654744315,30.498116551398056,31.64131920614237,0.4018590163664308,0.2655242866048996,False
36.42,3.145926134909529,30.503427592395216,31.649353727304742,0.4015932246389669,0.26557977913476805,False
36.44,3.1486431989024326,30.508739741207883,31.657382940110313,0.40132818026960143,0.2656350683296659,False
36.46,3.1513538657015023,30.514052993779778,31.66540685948128,0.40106388076326277,0.2656901552306343,False
36.48,3.154058154214642,30.519367346075377,31.673425500290016,0.40080032363318585,0.26574504087168455,False
36.5,3.1567560832794967,30.524682794079762,31.681438877359255,0.4005375064009031,0.2657997262798577,False
36.52,3.1594476716637505,30.52999933379849,31.689447005462238,0.4002754265962361,0.2658542124752822,False
36.54,3.1621329380654326,30.535316961257443,31.697449899322876,0.40001408175728653,0.26590850047123177,False
36.56,3.1648119011132234,30.54063567250272,31.705447573615942,0.3997534694304258,0.2659625912741827,False
36.58,3.1674845793667457,30.545955463600457,31.713440042967203,0.39949358717028643,0.2660164858838702,False
36.6,3.1701509913168753,30.55127633063674,31.721427321953616,0.39923443253975077,0.2660701852933447,False
36.62,3.1728111553860288,30.556598269717433,31.729409425103462,0.39897600310994114,0.26612369048902684,False
36.64,3.1754650899284687,30.561921276968075,31.737386366896544,0.39871829646020807,0.26617700245076265,False
36.66,3.1781128132305914,30.567245348533728,31.74535816176432,0.3984613101781202,0.266230122151878,False
36.68,3.1807543435112295,30.57257048057886,31.75332482409009,0.3982050418594514,0.2662830505592322,False
36.7,3.183389698921936,30.577896669287213,31.761286368209145,0.39794948910816974,0.2663357886332714,False
36.72,3.1860188975472803,30.583223910861665,31.769242808408944,0.3976946495364251,0.26638833732808137,False
36.74,3.188641957405142,30.588552201524127,31.777194158929266,0.397440520764536,0.26644069759143973,False
36.76,3.1912588964469895,30.59388153751539,31.78514043396238,0.39718710042097793,0.26649287036486774,False
36.78,3.19386973255818,30.599211915095022,31.793081647653203,0.3969343861423689,0.26654485658368154,False
36.8,3.1964744835582346,30.604543330541233,31.80101781409947,0.39668237557345726,0.26659665717704273,False
36.82,3.1990731672011328,30.60987578015076,31.80894894735189,0.39643106636710673,0.2666482730680088,False
36.84,3.201665801175589,30.61520926023872,31.81687506141431,0.39618045618428344,0.26669970517358305,False
36.86,3.2042524031053374,30.62054376713854,31.82479617024388,0.3959305426940416,0.2667509544047632,False
36.88,3.2068329905494175,30.625879297201784,31.832712287751203,0.39568132357350805,0.26680202166659117,False
36.9,3.209407581002445,30.63121584679807,31.840623427800512,0.39543279650786867,0.26685290785820037,False
36.92,3.2119761918949012,30.636553412314935,31.848529604209833,0.39518495919035235,0.26690361387286454,False
36.94,3.2145388405934003,30.641891990157724,31.856430830751123,0.3949378093222169,0.2669541405980445,False
36.96,3.2170955444009746,30.647231576749473,31.864327121150446,0.3946913446127322,0.26700448891543516,False
36.98,3.2196463205573407,30.652572168530796,31.872218489088134,0.3944455627791657,0.2670546597010123,False
37.0,3.222191186239182,30.657913761959772,31.88010494819895,0.39420046154676547,0.2671046538250783,False
37.02,3.224730158560414,30.663256353511827,31.887986512072235,0.3939560386487446,0.26715447215230825,False
37.04,3.2272632545724584,30.668599939679616,31.89586319425207,0.39371229182626494,0.2672041155417943,False
37.06,3.2297904912645152,30.673944516972938,31.903735008237447,0.39346921882841973,0.2672535848470911,False
37.08,3.232311885563827,30.679290081918595,31.911601967482415,0.39322681741221777,0.26730288091626,False
37.1,3.234827454335951,30.6846366310603,31.919464085396246,0.39298508534256543,0.26735200459191266,False
37.12,3.237337214385021,30.689984160958563,31.927321375343578,0.39274402039225054,0.26740095671125463,False
37.14,3.2398411824540174,30.695332668190588,31.9351738506446,0.39250362034192376,0.2674497381061287,False
37.16,3.242339375225026,30.700682149350154,31.943021524575176,0.39226388298008213,0.2674983496030572,False
37.18,3.2448318093195057,30.706032601047532,31.950864410367032,0.39202480610305046,0.26754679202328424,False
37.2,3.2473185012985453,30.71138401990935,31.95870252120789,0.3917863875149641,0.2675950661828178,False
37.22,3.2497994676631268,30.716736402578512,31.966535870241636,0.3915486250277503,0.2676431728924712,False
37.24,3.2522747248543853,30.722089745714086,31.97436447056847,0.39131151646110995,0.2676911129579039,False
37.26,3.254744289253863,30.727444045991202,31.982188335245063,0.3910750596424997,0.26773888717966216,False
37.28,3.257208177183772,30.732799300100954,31.990007477284724,0.39083925240711276,0.2677864963532199,False
37.3,3.259666404907242,30.73815550475028,31.99782190965752,0.3906040925978604,0.2678339412690179,False
37.32,3.262118988628583,30.7435126566619,32.00563164529048,0.3903695780653531,0.26788122271250364,False
37.34,3.264565944493533,30.748870752574174,32.013436697067704,0.39013570666788144,0.26792834146417055,False
37.36,3.2670072885895105,30.754229789241027,32.021237077830534,0.3899024762713971,0.267975298299597,False
37.38,3.26944303694587,30.759589763431855,32.02903280037772,0.38966988474949305,0.2680220939894841,False
37.4,3.2718732055341446,30.76495067193141,32.036823877465544,0.3894379299833848,0.26806872929969444,False
37.42,3.2742978102683025,30.770312511539718,32.044610321808015,0.38920660986189026,0.2681152049912895,False
37.44,3.2767168670049878,30.77567527907198,32.05239214607696,0.3889759222814105,0.2681615218205672,False
37.46,3.2791303915437715,30.78103897135847,32.060169362902236,0.3887458651459092,0.2682076805390986,False
37.48,3.2815383996273932,30.78640358524445,32.06794198487184,0.3885164363668939,0.2682536818937652,False
37.5,3.2839409069420085,30.791769117590075,32.07571002453208,0.38828763386339465,0.2682995266267948,False
37.52,3.286337929117429,30.797135565270295,32.08347349438772,0.38805945556194493,0.2683452154757975,False
37.54,3.288729481727365,30.802502925174768,32.09123240690213,0.3878318993965606,0.2683907491738017,False
37.56,3.29111558028967,30.807871194207767,32.09898677449743,0.38760496330871996,0.2684361284492893,False
37.58,3.293496240266573,30.81324036928808,32.10673660955465,0.3873786452473433,0.26848135402623075,False
37.6,3.2958714770649244,30.818610447348956,32.11448192441388,0.387152943168772,0.2685264266241198,False
37.62,3.298241306036427,30.823981425337955,32.12222273137438,0.38692785503674837,0.26857134695800766,False
37.64,3.3006057424778783,30.82935330021692,32.1299590426948,0.3867033788223943,0.26861611573853766,False
37.66,3.3029648016314,30.83472606896185,32.13769087059325,0.3864795125041912,0.2686607336719781,False
37.68,3.305318498684678,30.84009972856283,32.14541822724751,0.3862562540679583,0.2687052014602569,False
37.7,3.3076668487711904,30.845474276023946,32.153141124795134,0.3860336015068322,0.26874951980099354,False
37.72,3.3100098669704408,30.850849708363178,32.16085957533362,0.38581155282124563,0.26879368938753273,False
37.74,3.312347568308192,30.856226022612347,32.16857359092054,0.3855901060189061,0.26883771090897685,False
37.76,3.3146799677566916,30.861603215817002,32.176283183573695,0.38536925911477515,0.2688815850502178,False
37.78,3.3170070802349043,30.86698128503636,32.18398836527127,0.3851490101310468,0.2689253124919695,False
37.8,3.319328920608737,30.872360227343194,32.191689147951934,0.38492935709712606,0.26896889391079914,False
37.82,3.3216455036912675,30.877740039823788,32.199385543515056,0.3847102980496076,0.26901232997915886,False
37.84,3.3239568442429683,30.883120719577818,32.20707756382079,0.38449183103225476,0.2690556213654169,False
37.86,3.326262956971931,30.888502263718287,32.21476522069022,0.38427395409597737,0.26909876873388794,False
37.88,3.328563856534093,30.893884669371456,32.22244852590555,0.3840566652988104,0.26914177274486434,False
37.9,3.3308595575334556,30.89926793367674,32.2301274912102,0.38383996270589243,0.269184634054646,False
37.92,3.333150074522309,30.904652053786652,32.237802128308964,0.3836238443894439,0.26922735331557046,False
37.94,3.3354354220014493,30.910037026866696,32.24547244886814,0.38340830842874546,0.26926993117604253,False
37.96,3.337715614420402,30.91542285009532,32.25313846451572,0.3831933529101159,0.26931236828056404,False
37.98,3.3399906661776337,30.920809520663816,32.26080018684145,0.382978975926891,0.26935466526976287,False
38.0,3.3422605916207795,30.926197035776255,32.268457627397034,0.38276517557940065,0.2693968227804218,False
38.02,3.344525405046849,30.9315853926494,32.27611079769625,0.382551949974948,0.2694388414455075,False
38.04,3.346785120702446,30.936974588512633,32.283759709215076,0.38233929722778714,0.2694807218941985,False
38.06,3.349039752783986,30.942364620607893,32.29140437339188,0.38212721545910067,0.2695224647519141,False
38.08,3.3512893154379033,30.947755486189582,32.29904480162748,0.38191570279697856,0.2695640706403415,False
38.1,3.3535338227608684,30.9531471825245,32.30668100528536,0.3817047573763954,0.269605540177464,False
38.12,3.3557732887999943,30.95853970689177,32.31431299569176,0.38149437733918895,0.2696468739775884,False
38.14,3.3580077275530527,30.963933056582764,32.32194078413581,0.38128456083403744,0.269688072651372,False
38.16,3.3602371529686774,30.96932722890103,32.3295643818697,0.38107530601643824,0.2697291368058497,False
38.18,3.3624615789465784,30.974722221162224,32.3371838001088,0.3808666110486849,0.2697700670444607,False
38.2,3.3646810193377443,30.980118030694037,32.344799050031774,0.3806584740998457,0.269810863967075,False
38.22,3.3668954879446495,30.985514654836113,32.352410142780755,0.3804508933457415,0.2698515281700196,False
38.24,3.369104998521465,30.990912090939993,32.36001708946145,0.38024386696892265,0.2698920602461048,False
38.26,3.3713095647742537,30.99631033636904,32.367619901143286,0.38003739315864843,0.2699324607846493,False
38.28,3.3735092003611835,31.00170938849837,32.375218588859546,0.37983147011086293,0.2699727303715068,False
38.3,3.3757039188927216,31.007109244714773,32.38281316360749,0.37962609602817476,0.27001286958909043,False
38.32,3.3778937339318422,31.012509902416664,32.3904036363485,0.3794212691198334,0.2700528790163985,False
38.34,3.3800786589942233,31.017911359014,32.397990018008215,0.37921698760170786,0.2700927592290388,False
38.36,3.3822587075484476,31.02331361192821,32.405572319476654,0.37901324969626393,0.27013251079925416,False
38.38,3.3844338930162032,31.02871665859215,32.41315055160835,0.37881005363254244,0.27017213429594605,False
38.4,3.3866042287724776,31.034120496449997,32.42072472522247,0.37860739764613666,0.27021163028469924,False
38.42,3.3887697281457587,31.039525122957233,32.42829485110298,0.3784052799791702,0.27025099932780616,False
38.44,3.390930404418228,31.04493053558053,32.435860939998754,0.37820369888027483,0.2702902419842901,False
38.46,3.393086270825956,31.05033673179773,32.44342300262368,0.37800265260456845,0.2703293588099294,False
38.48,3.395237340559098,31.05574370909774,32.45098104965683,0.3778021394136325,0.2703683503572805,False
38.5,3.3973836267620863,31.061151464980497,32.458535091742576,0.37760215757549,0.27040721717570165,False
38.52,3.3995251425338213,31.066559996956883,32.4660851394907,0.3774027053645834,0.27044595981137537,False
38.54,3.401661900927864,31.071969302548684,32.47363120347654,0.37720378106175256,0.2704845788073317,False
38.56,3.40379391495263,31.077379379288512,32.48117329424114,0.37700538295421177,0.2705230747034708,False
38.58,3.405921197571571,31.08279022471974,32.4887114222913,0.3768075093355288,0.2705614480365852,False
38.6,3.408043761703373,31.08820183639645,32.49624559809981,0.3766101585056016,0.2705996993403823,False
38.62,3.4101616202221354,31.093614211883363,32.50377583210549,0.3764133287706372,0.2706378291455062,False
38.64,3.412274785957566,31.099027348755797,32.511302134713354,0.3762170184431289,0.2706758379795601,False
38.66,3.4143832716951605,31.10444124459957,32.51882451629472,0.3760212258418343,0.27071372636712693,False
38.68,3.416487090176393,31.10985589701098,32.52634298718736,0.3758259492917533,0.2707514948297922,False
38.7,3.418586254098896,31.11527130359672,32.533857557695605,0.37563118712410615,0.27078914388616426,False
38.72,3.420680776116645,31.120687461973823,32.541368238090456,0.37543693767631153,0.27082667405189603,False
38.74,3.4227706688401462,31.12610436976961,32.54887503860975,0.37524319929196387,0.270864085839706,False
38.76,3.4248559448366094,31.131522024621624,32.556377969458225,0.3750499703208121,0.2709013797593982,False
38.78,3.4269366166301363,31.136940424177578,32.56387704080771,0.3748572491187374,0.2709385563178841,False
38.8,3.4290126967018963,31.14235956609529,32.57137226279718,0.3746650340477312,0.27097561601920206,False
38.82,3.4310841974903097,31.14777944804264,32.57886364553294,0.37447332347587325,0.2710125593645379,False
38.84,3.433151131391221,31.15320006769749,32.58635119908871,0.37428211577730985,0.27104938685224517,False
38.86,3.4352135107580803,31.15862142274765,32.593834933505725,0.37409140933223206,0.2710860989778648,False
38.88,3.437271347902121,31.16404351089081,32.601314858792925,0.3739012025268536,0.27112269623414514,False
38.9,3.4393246550925287,31.16946632983449,32.60879098492701,0.37371149375338925,0.2711591791110612,False
38.92,3.4413734445566266,31.17488987729597,32.6162633218526,0.373522281410033,0.2711955480958346,False
38.94,3.443417728480041,31.18031415100227,32.62373187948231,0.3733335639009365,0.27123180367295235,False
38.96,3.445457519006879,31.18573914869005,32.631196667696926,0.37314533963618696,0.2712679463241861,False
38.98,3.4474928282398998,31.19116486810559,32.63865769634549,0.37295760703178593,0.27130397652861127,False
39.0,3.4495236682406882,31.196591307004727,32.64611497524541,0.3727703645096273,0.2713398947626257,False
39.02,3.451550051029823,31.202018463152786,32.65356851418261,0.37258361049747596,0.2713757014999683,False
39.04,3.453571988587048,31.207446334324555,32.6610183229116,0.3723973434289461,0.27141139721173746,False
39.06,3.455589492851444,31.21287491830421,32.668464411155654,0.37221156174347964,0.27144698236640946,False
39.08,3.4576025757215927,31.218304212885272,32.67590678860686,0.37202626388632504,0.2714824574298568,False
39.1,3.4596112490557496,31.223734215870554,32.6833454649263,0.3718414483085153,0.27151782286536597,False
39.12,3.461615524672006,31.229164925072105,32.69078044974411,0.3716571134668471,0.2715530791336553,False
39.14,3.46361541434846,31.23459633831117,32.69821175265963,0.37147325782385915,0.27158822669289295,False
39.16,3.465610929823378,31.24002845341813,32.705639383241504,0.37128987984781087,0.2716232659987145,False
39.18,3.4676020827953633,31.245461268232454,32.71306335102781,0.3711069780126611,0.27165819750424014,False
39.2,3.4695888849235152,31.25089478060264,32.72048366552615,0.37092455079804704,0.2716930216600918,False
39.22,3.4715713478275956,31.25632898838618,32.72790033621377,0.3707425966892629,0.27172773891441115,False
39.24,3.4735494830881914,31.26176388944951,32.7353133725377,0.37056111417723847,0.27176234971287555,False
39.26,3.475523302246874,31.267199481667944,32.74272278391482,0.37038010175851865,0.2717968544987159,False
39.28,3.4774928168063637,31.272635762925646,32.750128579732014,0.3701995579352416,0.2718312537127323,False
39.3,3.4794580382306832,31.278072731115564,32.757530769346246,0.3700194812151186,0.27186554779331185,False
39.32,3.4814189779453266,31.283510384139397,32.76492936208472,0.369839870111412,0.2718997371764444,False
39.34,3.4833756473374082,31.288948719907534,32.77232436724494,0.36966072314291537,0.2719338222957386,False
39.36,3.485328057755826,31.29438773633901,32.779715794094834,0.369482038833932,0.271967803582439,False
39.38,3.4872762205114194,31.29982743136147,32.78710365187289,0.36930381571425397,0.2720016814654414,False
39.4,3.489220146877121,31.305267802911114,32.794487949788234,0.36912605231914175,0.27203545637130894,False
39.42,3.4911598480881185,31.31070884893264,32.80186869702076,0.3689487471893031,0.2720691287242883,False
39.44,3.493095335342002,31.316150567379214,32.809245902721216,0.36877189887087286,0.2721026989463247,False
39.46,3.4950266197989266,31.321592956212417,32.81661957601135,0.3685955059153916,0.2721361674570781,False
39.48,3.496953712581758,31.327036013402203,32.823989725983964,0.3684195668797857,0.272169534673938,False
39.5,3.4988766247762317,31.33247973692685,32.83135636170309,0.3682440803263464,0.2722028010120396,False
39.52,3.5007953674311003,31.337924124772915,32.83871949220402,0.3680690448227095,0.272235966884278,False
39.54,3.502709951558287,31.343369174935187,32.84607912649348,0.3678944589418348,0.272269032701324,False
39.56,3.5046203881330373,31.348814885416655,32.85343527354969,0.3677203212619857,0.27230199887163864,False
39.58,3.506526688094066,31.35426125422845,32.86078794232252,0.3675466303667091,0.2723348658014883,False
39.6,3.5084288623437097,31.359708279389807,32.86813714173352,0.3673733848448148,0.27236763389495905,False
39.62,3.5103269217480713,31.365155958928018,32.87548288067609,0.3672005832903554,0.27240030355397166,False
39.64,3.512220877137173,31.3706042908784,32.88282516801558,0.367028224302606,0.27243287517829545,False
39.66,3.514110739305097,31.376053273284235,32.89016401258934,0.3668563064860447,0.27246534916556364,False
39.68,3.5159965190101397,31.381502904196747,32.89749942320689,0.3666848284503314,0.2724977259112865,False
39.7,3.51787822697495,31.386953181675036,32.90483140864999,0.36651378881028884,0.272530005808866,False
39.72,3.519755873886678,31.392404103786056,32.91215997767274,0.3663431861858821,0.27256218924961,False
39.74,3.521629470397121,31.39785566860457,32.919485139001694,0.3661730192021987,0.27259427662274577,False
39.76,3.5234990271228637,31.403307874213095,32.926806901335965,0.3660032864894289,0.27262626831543396,False
39.78,3.525364554645423,31.408760718701885,32.93412527334731,0.365833986682846,0.2726581647127822,False
39.8,3.5272260635113897,31.41421420016886,32.941440263680256,0.3656651184227863,0.2726899661978588,False
39.82,3.5290835642325726,31.41966831671959,32.94875188095217,0.3654966803546296,0.2727216731517062,False
39.84,3.530937067286136,31.42512306646725,32.95606013375339,0.3653286711287796,0.27275328595335424,False
39.86,3.5327865831147407,31.430578447532557,32.9633650306473,0.3651610894006444,0.27278480497983326,False
39.88,3.534632122126688,31.436034458043775,32.970666580170466,0.3649939338306165,0.2728162306061877,False
39.9,3.536473694696053,31.441491096136627,32.97796479083269,0.3648272030840541,0.2728475632054888,False
39.92,3.5383113111628273,31.446948359954288,32.98525967111712,0.36466089583126093,0.2728788031488476,False
39.94,3.5401449818330533,31.452406247647335,32.99255122948039,0.3644950107474677,0.2729099508054278,False
39.96,3.5419747169789653,31.457864757373706,32.999839474352676,0.3643295465128122,0.27294100654245873,False
39.98,3.5438005268391217,31.46332388729867,33.0071244141378,0.36416450181232024,0.2729719707252474,False
40.0,3.545622421618546,31.46878363559478,33.01440605721333,0.36399987533588646,0.27300284371719186,False
40.02,3.5474404114888562,31.474244000441832,33.02168441193069,0.3638356657782556,0.27303362587979285,False
40.04,3.5492545065884036,31.47970498002684,33.02895948661524,0.3636718718390029,0.2730643175726667,False
40.06,3.5510647170224066,31.485166572543992,33.0362312895664,0.3635084922225154,0.27309491915355755,False
40.08,3.5528710528630807,31.490628776194605,33.043499829057694,0.36334552563797295,0.27312543097834896,False
40.1,3.554673524149776,31.49609158918711,33.050765113336894,0.3631829707993294,0.27315585340107673,False
40.12,3.5564721408891056,31.501555009736983,33.058027150626096,0.36302082642529365,0.2731861867739403,False
40.14,3.5582669130550793,31.507019036066737,33.06528594912182,0.36285909123931087,0.2732164314473151,False
40.16,3.5600578505892315,31.51248366640587,33.07254151699511,0.36269776396954445,0.2732465877697638,False
40.18,3.561844963400757,31.517948898990834,33.0797938623916,0.36253684334885616,0.27327665608804846,False
40.2,3.5636282613666355,31.523414732065,33.087042993431645,0.36237632811478854,0.273306636747142,False
40.22,3.5654077543317606,31.528881163878612,33.09428891821038,0.3622162170095464,0.27333653009023956,False
40.24,3.5671834521090746,31.53434819268878,33.10153164479786,0.3620565087799775,0.27336633645877,False
40.26,3.5689553644796876,31.539815816759397,33.10877118123909,0.3618972021775552,0.27339605619240753,False
40.28,3.5707235011930134,31.545284034361163,33.11600753555418,0.3617382959583593,0.2734256896290826,False
40.3,3.572487871966888,31.55075284377149,33.12324071573838,0.3615797888830585,0.2734552371049931,False
40.32,3.574248486487704,31.55622224327452,33.13047072976223,0.36142167971689126,0.27348469895461575,False
40.34,3.5760053544105284,31.561692231161054,33.13769758557159,0.36126396722964865,0.27351407551071666,False
40.36,3.5777584853592312,31.567162805728533,33.14492129108777,0.36110665019565585,0.27354336710436256,False
40.38,3.579507888926613,31.57263396528101,33.15214185420763,0.36094972739375364,0.27357257406493163,False
40.4,3.5812535746745215,31.578105708129094,33.15935928280362,0.3607931976072813,0.273601696720124,False
40.42,3.582995552133982,31.58357803258995,33.16657358472394,0.36063705962405795,0.27363073539597277,False
40.44,3.5847338308053134,31.589050936987235,33.173784767792554,0.36048131223636537,0.2736596904168541,False
40.46,3.5864684201582575,31.594524419651076,33.18099283980934,0.3603259542409295,0.27368856210549836,False
40.480000000000004,3.5881993296320935,31.59999847891805,33.18819780855015,0.3601709844389033,0.2737173507829999,False
40.5,3.589926568635763,31.60547311313112,33.195399681766894,0.3600164016358488,0.2737460567688279,False
40.52,3.591650146547991,31.610948320639643,33.20259846718765,0.3598622046417196,0.2737746803808364,False
40.54,3.5933700727174025,31.616424099799303,33.209794172516716,0.3597083922708433,0.2738032219352745,False
40.56,3.595086356462645,31.621900448972102,33.21698680543476,0.3595549633419039,0.2738316817467965,False
40.58,3.596799007072504,31.627377366526307,33.22417637359882,0.35940191667792465,0.273860060128472,False
40.6,3.5985080338060262,31.63285485083645,33.23136288464249,0.35924925110625044,0.2738883573917958,False
40.62,3.60021344589263,31.638332900283256,33.2385463461759,0.35909696545853076,0.27391657384669776,False
40.64,3.601915252532231,31.643811513253652,33.245726765785896,0.35894505857070186,0.27394470980155256,False
40.66,3.6036134628953502,31.649290688140695,33.25290415103606,0.35879352928297065,0.2739727655631899,False
40.68,3.6053080861232374,31.654770423343592,33.26007850946685,0.3586423764397964,0.27400074143690323,False
40.7,3.606999131327981,31.660250717267612,33.26724984859561,0.35849159888987464,0.2740286377264604,False
40.72,3.6086866075926265,31.665731568324105,33.27441817591675,0.3583411954861194,0.2740564547341125,False
40.74,3.61037052397129,31.671212974930437,33.281583498901746,0.3581911650856471,0.2740841927606035,False
40.76,3.6120508894892702,31.676694935509982,33.288745824999275,0.35804150654975886,0.2741118521051796,False
40.78,3.613727713143166,31.682177448492084,33.29590516163527,0.3578922187439241,0.2741394330655985,False
40.8,3.6154010039009856,31.68766051231202,33.30306151621303,0.357743300537764,0.2741669359381392,False
40.82,3.6170707707022602,31.69314412541099,33.310214896113266,0.35759475080503433,0.27419436101761013,False
40.84,3.6187370224581556,31.69862828623606,33.317365308694235,0.35744656842360917,0.27422170859735906,False
40.86,3.620399768051583,31.704112993240166,33.32451276129177,0.35729875227546426,0.274248978969282,False
40.88,3.622059016337313,31.709598244882052,33.331657261219384,0.35715130124666034,0.27427617242383184,False
40.9,3.6237147761420805,31.715084039626262,33.338798815768364,0.35700421422732714,0.2743032892500277,False
40.92,3.6253670562647,31.720570375943115,33.34593743220783,0.35685749011164625,0.2743303297354634,False
40.94,3.6270158654761695,31.72605725230865,33.35307311778484,0.3567111277978357,0.2743572941663166,False
40.96,3.6286612125197855,31.731544667204634,33.36020587972444,0.3565651261881331,0.274384182827357,False
40.980000000000004,3.630303106111245,31.737032619118505,33.367335725229765,0.35641948418877933,0.2744109960019556,False
41.0,3.6319415549387575,31.74252110654335,33.37446266148213,0.35627420071000315,0.27443773397209287,False
41.02,3.6335765676631513,31.748010127977896,33.38158669564106,0.35612927466600414,0.27446439701836733,False
41.04,3.6352081529179787,31.753499681926456,33.38870783484445,0.35598470497493767,0.27449098542000394,False
41.06,3.636836319309626,31.758989766898917,33.39582608620856,0.355840490558898,0.2745174994548629,False
41.08,3.6384610754174145,31.764480381410714,33.402941456828145,0.3556966303439031,0.27454393939944755,False
41.1,3.6400824297937104,31.769971523982797,33.41005395377652,0.3555531232598785,0.27457030552891265,False
41.12,3.6417003909640258,31.775463193141597,33.41716358410564,0.35540996824064147,0.27459659811707293,False
41.14,3.6433149674271275,31.78095538741902,33.42427035484616,0.3552671642238854,0.274622817436411,False
41.16,3.644926167655135,31.786448105352402,33.43137427300755,0.35512471015116426,0.2746489637580853,False
41.18,3.646534000093631,31.791941345484492,33.438475345578134,0.3549826049678767,0.2746750373519386,False
41.2,3.648138473161758,31.79743510636342,33.44557357952519,0.35484084762325074,0.27470103848650557,False
41.22,3.6497395952523246,31.802929386542672,33.45266898179501,0.35469943707032847,0.2747269674290208,False
41.24,3.651337374731907,31.808424184581074,33.45976155931299,0.35455837226594994,0.27475282444542665,False
41.26,3.6529318199409486,31.813919499042747,33.46685131898371,0.35441765217073873,0.2747786098003813,False
41.28,3.654522939193864,31.8194153284971,33.473938267690976,0.35427727574908574,0.2748043237572661,False
41.3,3.656110740779138,31.824911671518798,33.481022412297946,0.35413724196913465,0.27482996657819353,False
41.32,3.6576952329594254,31.83040852668773,33.48810375964717,0.3539975498027665,0.2748555385240146,False
41.34,3.659276423971652,31.83590589258899,33.49518231656065,0.35385819822558434,0.27488103985432705,False
41.36,3.660854322027112,31.841403767812857,33.50225808983998,0.3537191862168986,0.2749064708274819,False
41.38,3.662428935311571,31.846902150954758,33.509331086266336,0.35358051275971153,0.27493183170059177,False
41.4,3.6640002719853584,31.852401040615252,33.51640131260062,0.353442176840703,0.2749571227295377,False
41.42,3.66556834018347,31.85790043540001,33.52346877558349,0.35330417745021475,0.27498234416897716,False
41.44,3.667133148015664,31.86340033391977,33.53053348193544,0.35316651358223633,0.27500749627235077,False
41.46,3.668694703566558,31.868900734790344,33.53759543835691,0.3530291842343898,0.27503257929188973,False
41.480000000000004,3.6702530148957244,31.874401636632562,33.54465465152829,0.3528921884079153,0.2750575934786234,False
41.5,3.671808090037789,31.879903038072268,33.551711128110064,0.3527555251076562,0.2750825390823858,False
41.52,3.673359937002527,31.885404937740294,33.55876487474283,0.35261919334204467,0.27510741635182323,False
41.54,3.6749085637749537,31.890907334272427,33.56581589804739,0.35248319212308715,0.2751322255344011,False
41.56,3.6764539783154255,31.8964102263094,33.57286420462483,0.3523475204663496,0.27515696687641117,False
41.58,3.677996188559729,31.90191361249685,33.57990980105658,0.35221217739094346,0.27518164062297823,False
41.6,3.679535202419179,31.907417491485308,33.58695269390449,0.352077161919511,0.27520624701806695,False
41.62,3.681071027780711,31.91292186193018,33.5939928897109,0.3519424730782111,0.27523078630448927,False
41.64,3.682603672506972,31.91842672249171,33.60103039499869,0.35180810989670497,0.27525525872391055,False
41.66,3.6841331444364176,31.923932071834958,33.60806521627138,0.35167407140814205,0.2752796645168567,False
41.68,3.6856594513834002,31.9294379086298,33.61509736001321,0.3515403566491458,0.2753040039227209,False
41.7,3.6871826011382636,31.934944231550876,33.62212683268914,0.3514069646597995,0.2753282771797702,False
41.72,3.6887026014674325,31.94045103927758,33.62915364074502,0.3512738944836325,0.275352484525152,False
41.74,3.690219460113507,31.945958330494044,33.636177790607555,0.35114114516760586,0.27537662619490094,False
41.76,3.691733184795348,31.951466103889107,33.64319928868446,0.35100871576209913,0.27540070242394504,False
41.78,3.6932437832081733,31.95697435815629,33.65021814136446,0.3508766053208955,0.27542471344611263,False
41.8,3.6947512630236425,31.96248309199379,33.65723435501743,0.35074481290116877,0.27544865949413827,False
41.82,3.6962556318899504,31.967992304104442,33.66424793599439,0.3506133375634694,0.2754725407996696,False
41.84,3.6977568974319133,31.9735019931957,33.67125889062761,0.35048217837171064,0.2754963575932735,False
41.86,3.6992550672510576,31.97901215797962,33.67826722523068,0.35035133439315536,0.2755201101044424,False
41.88,3.7007501489257124,31.98452279717285,33.68527294609856,0.35022080469840167,0.2755437985616004,False
41.9,3.702242150011091,31.990033909496578,33.69227605950766,0.3500905883613703,0.27556742319210964,False
41.92,3.703731078039384,31.995545493676534,33.69927657171591,0.34996068445929035,0.2755909842222767,False
41.94,3.705216940519841,32.001057548442965,33.706274488962805,0.3498310920726867,0.27561448187735815,False
41.96,3.706699744938864,32.00657007253062,33.71326981746948,0.3497018102853657,0.2756379163815672,False
41.980000000000004,3.7081794987600865,32.01208306467871,33.720262563438794,0.3495728381844025,0.27566128795807937,False
42.0,3.7096562094244643,32.01759652363091,33.727252733055366,0.34944417486012797,0.2756845968290388,False
42.02,3.71112988435036,32.02311044813531,33.73424033248566,0.3493158194061147,0.2757078432155638,False
42.04,3.712600530933628,32.02862483694443,33.74122536787805,0.34918777091916464,0.27573102733775307,False
42.06,3.714068156547698,32.03413968881519,33.74820784536288,0.34906002849929557,0.2757541494146917,False
42.08,3.7155327685436608,32.03965500250884,33.75518777105249,0.3489325912497284,0.27577720966445674,False
42.1,3.716994374250353,32.04517077679103,33.76216515104137,0.34880545827687376,0.275800208304123,False
42.12,3.7184529809744387,32.050687010431716,33.76913999140614,0.34867862869031946,0.2758231455497689,False
42.14,3.719908596000494,32.05620370220516,33.776112298205646,0.34855210160281747,0.2758460216164823,False
42.16,3.7213612265910894,32.06172085088994,33.78308207748102,0.348425876130271,0.275868836718366,False
42.18,3.722810879986874,32.067238455268885,33.79004933525575,0.34829995139172193,0.2758915910685434,False
42.2,3.7242575634066544,32.07275651412909,33.797014077535735,0.3481743265093379,0.27591428487916403,False
42.22,3.725701284047479,32.07827502626186,33.80397631030934,0.3480490006083999,0.27593691836140954,False
42.24,3.7271420490847196,32.08379399046276,33.81093603954747,0.34792397281728926,0.2759594917254988,False
42.26,3.7285798656721503,32.08931340553149,33.81789327120364,0.34779924226747577,0.2759820051806931,False
42.28,3.7300147409420323,32.09483327027198,33.824848011214,0.3476748080935041,0.2760044589353027,False
42.3,3.731446682005189,32.10035358349228,33.83180026549746,0.3475506694329825,0.2760268531966908,False
42.32,3.732875695951089,32.105874344004604,33.838750039955684,0.3474268254265698,0.27604918817128027,False
42.34,3.7343017898479274,32.11139555062526,33.84569734047318,0.3473032752179629,0.2760714640645579,False
42.36,3.7357249707427,32.11691720217467,33.85264217291736,0.34718001795388503,0.2760936810810806,False
42.38,3.737145245661288,32.12243929747735,33.859584543138624,0.34705705278407295,0.2761158394244799,False
42.4,3.738562621608532,32.127961835361845,33.866524456970375,0.34693437886126527,0.2761379392974677,False
42.42,3.7399771055683146,32.13348481466079,33.87346192022909,0.34681199534118967,0.27615998090184113,False
42.44,3.741388704503633,32.1390082342108,33.880396938714426,0.34668990138255146,0.2761819644384881,False
42.46,3.742797425356682,32.14453209285254,33.887329518209214,0.34656809614702105,0.276203890107392,False
42.480000000000004,3.744203275048927,32.15005638943064,33.894259664479556,0.3464465787992223,0.27622575810763705,False
42.5,3.745606260481183,32.15558112279371,33.90118738327488,0.3463253485067204,0.27624756863741334,False
42.52,3.7470063885336913,32.16110629179432,33.908112680327996,0.34620440444000994,0.27626932189402176,False
42.54,3.7484036660661944,32.16663189528896,33.91503556135514,0.3460837457725031,0.276291018073879,False
42.56,3.7497980999180136,32.17215793213806,33.921956032056066,0.345963371680518,0.2763126573725226,False
42.58,3.751189696908122,32.177684401205944,33.928874098114065,0.3458432813432668,0.2763342399846157,False
42.6,3.752578463835223,32.18321130136083,33.93578976519604,0.34572347394284403,0.27635576610395235,False
42.62,3.753964407477821,32.18873863147477,33.94270303895259,0.345603948664215,0.27637723592346164,False
42.64,3.7553475345943013,32.194266390423714,33.94961392501801,0.3454847046952042,0.2763986496352132,False
42.66,3.756727851922999,32.1997945770874,33.9565224290104,0.34536574122648356,0.2764200074304217,False
42.68,3.758105366182276,32.20532319034942,33.963428556531696,0.3452470574515613,0.2764413094994517,False
42.7,3.759480084070595,32.210852229097135,33.97033231316773,0.3451286525667703,0.27646255603182207,False
42.72,3.760852012266588,32.2163816922217,33.97723370448829,0.3450105257712566,0.2764837472162112,False
42.74,3.762221157429138,32.22191157861805,33.98413273604719,0.3448926762669681,0.27650488324046124,False
42.76,3.7635875261974414,32.22744188718483,33.99102941338228,0.3447751032586436,0.2765259642915831,False
42.78,3.764951125191089,32.23297261682446,33.99792374201556,0.3446578059538007,0.2765469905557606,False
42.8,3.7663119610101314,32.23850376644305,34.00481572745319,0.3445407835627256,0.27656796221835545,False
42.82,3.7676700402351555,32.24403533495042,34.01170537518558,0.34442403529846144,0.27658887946391164,False
42.84,3.7690253694273523,32.24956732126006,34.01859269068741,0.344307560376797,0.27660974247615994,False
42.86,3.77037795512859,32.25509972428913,34.025477679417726,0.34419135801625594,0.2766305514380222,False
42.88,3.771727803861485,32.26063254295846,34.03236034681995,0.3440754274380857,0.27665130653161624,False
42.9,3.77307492212947,32.26616577619249,34.039240698321954,0.34395976786624666,0.27667200793825997,False
42.92,3.7744193164168665,32.27169942291928,34.04611873933615,0.3438443785274008,0.27669265583847585,False
42.94,3.775760993188953,32.277233482070514,34.05299447525947,0.34372925865090126,0.2767132504119951,False
42.96,3.777099958892036,32.282767952581445,34.05986791147348,0.34361440746878125,0.27673379183776253,False
42.980000000000004,3.7784362199535177,32.288302833390894,34.06673905334441,0.3434998242157435,0.27675428029394,False
43.0,3.779769782781965,32.293838123441255,34.073607906223216,0.34338550812914936,0.2767747159579117,False
43.02,3.78110065376718,32.299373821678444,34.08047447544562,0.3432714584490078,0.2767950990062876,False
43.04,3.782428839280265,32.3049099270519,34.08733876633217,0.34315767441796546,0.27681542961490807,False
43.06,3.783754345673695,32.3104464385146,34.0942007841883,0.3430441552812954,0.276835707958848,False
43.08,3.7850771792813798,32.315983355022986,34.10106053430437,0.342930900286887,0.276855934212421,False
43.1,3.786397346418737,32.32152067553699,34.107918021955726,0.34281790868523504,0.2768761085491835,False
43.12,3.7877148533827536,32.32705839902,34.11477325240275,0.3427051797294296,0.27689623114193856,False
43.14,3.789029706452059,32.33259652443885,34.12162623089092,0.34259271267514546,0.2769163021627409,False
43.16,3.790341911886985,32.33813505076383,34.12847696265082,0.3424805067806316,0.2769363217828996,False
43.18,3.7916514759296382,32.34367397696863,34.13532545289828,0.342368561306701,0.2769562901729834,False
43.2,3.7929584048039615,32.34921330203035,34.14217170683432,0.3422568755167205,0.27697620750282403,False
43.22,3.7942627047158,32.35475302492947,34.14901572964528,0.3421454486766004,0.2769960739415201,False
43.24,3.795564381852971,32.36029314464986,34.15585752650284,0.34203428005478403,0.27701588965744156,False
43.26,3.7968634423853223,32.36583366017873,34.16269710256407,0.341923368922238,0.27703565481823333,False
43.28,3.7981598924648035,32.37137457050667,34.169534462971484,0.3418127145524418,0.27705536959081917,False
43.3,3.799453738225525,32.37691587462755,34.17636961285309,0.3417023162213778,0.2770750341414055,False
43.32,3.800744985783826,32.38245757153861,34.18320255732245,0.34159217320752155,0.2770946486354857,False
43.34,3.802033641238338,32.38799966024036,34.190033301478714,0.341482284791831,0.27711421323784335,False
43.36,3.8033197106700465,32.39354213973661,34.19686185040667,0.34137265025773744,0.2771337281125565,False
43.38,3.804603200142356,32.39908500903444,34.2036882091768,0.341263268891135,0.2771531934230011,False
43.4,3.805884115701154,32.40462826714418,34.21051238284535,0.3411541399803711,0.27717260933185506,False
43.42,3.8071624633748713,32.410171913079445,34.21733437645433,0.34104526281623637,0.27719197600110185,False
43.44,3.808438249174546,32.41571594585704,34.2241541950316,0.3409366366919553,0.27721129359203395,False
43.46,3.8097114790938886,32.42126036449701,34.230971843590915,0.3408282609031759,0.2772305622652573,False
43.480000000000004,3.8109821591093387,32.426805168022604,34.237787327131954,0.3407201347479607,0.2772497821806939,False
43.5,3.8122502951801294,32.432350355460244,34.24460065064039,0.3406122575267766,0.2772689534975863,False
43.52,3.813515893248351,32.43789592583957,34.25141181908794,0.3405046285424854,0.2772880763745009,False
43.54,3.8147789592390096,32.44344187819335,34.258220837432376,0.3403972471003343,0.2773071509693316,False
43.56,3.8160394990600883,32.44898821155751,34.265027710617616,0.34029011250794616,0.27732617743930316,False
43.58,3.8172975186026084,32.454534924971135,34.27183244357376,0.34018322407531054,0.27734515594097514,False
43.6,3.818553023740691,32.4600820174764,34.27863504121711,0.3400765811147736,0.2773640866302449,False
43.62,3.819806020331615,32.46562948811863,34.285435508450256,0.33997018294102915,0.2773829696623518,False
43.64,3.82105651421588,32.47117733594621,34.292233850162106,0.33986402887110906,0.27740180519188007,False
43.66,3.8223045112172622,32.47672556001064,34.29903007122792,0.3397581182243741,0.27742059337276237,False
43.68,3.8235500171428787,32.48227415936648,34.30582417650938,0.33965245032250446,0.27743933435828355,False
43.7,3.8247930377832415,32.48782313307136,34.31261617085461,0.33954702448949076,0.2774580283010838,False
43.72,3.82603357891232,32.493372480185926,34.319406059098256,0.3394418400516248,0.27747667535316195,False
43.74,3.8272716462876,32.49892219977389,34.3261938460615,0.3393368963374901,0.27749527566587917,False
43.76,3.8285072456501386,32.50447229090197,34.33297953655212,0.3392321926779531,0.2775138293899621,False
43.78,3.8297403827246272,32.5100227526399,34.339763135364535,0.339127728406154,0.2775323366755062,False
43.8,3.830971063219445,32.5155735840604,34.346544647279856,0.33902350285749766,0.27755079767197904,False
43.82,3.832199292826721,32.52112478423918,34.35332407706591,0.3389195153696447,0.2775692125282237,False
43.84,3.833425077222387,32.52667635225492,34.36010142947731,0.33881576528250235,0.2775875813924618,False
43.86,3.834648422066237,32.53222828718925,34.36687670925549,0.33871225193821586,0.2776059044122971,False
43.88,3.835869333001987,32.53778058812676,34.37364992112876,0.3386089746811591,0.2776241817347184,False
43.9,3.8370878156573265,32.543333254154966,34.3804210698123,0.33850593285792624,0.277642413506103,False
43.92,3.838303875643979,32.5488862843643,34.38719016000829,0.33840312581732257,0.27766059987221975,False
43.94,3.839517518557755,32.55443967784812,34.39395719640588,0.33830055291035604,0.2776787409782318,False
43.96,3.8407287499786125,32.559993433702665,34.40072218368128,0.33819821349022805,0.2776968369687009,False
43.980000000000004,3.8419375754707077,32.56554755102706,34.407485126497775,0.3380961069123254,0.2777148879875894,False
44.0,3.8431440005824546,32.57110202892331,34.41424602950577,0.337994232534211,0.2777328941782636,False
44.019999999999996,3.844348030846578,32.576656866496286,34.42100489734287,0.3378925897156158,0.2777508556834973,False
44.04,3.84554967178017,32.5822120628537,34.427761734633876,0.33779117781842966,0.2777687726454745,False
44.06,3.846748928884743,32.587767617106095,34.434516545990846,0.33768999620669327,0.2777866452057923,False
44.08,3.847945807646287,32.59332352836686,34.44126933601315,0.33758904424658936,0.27780447350546444,False
44.1,3.849140313535322,32.59887979575218,34.448020109287505,0.3374883213064344,0.2778222576849238,False
44.120000000000005,3.850332452006952,32.604436418381056,34.45476887038801,0.33738782675666995,0.27783999788402575,False
44.14,3.8515222285009205,32.60999339537527,34.46151562387619,0.33728755996985466,0.27785769424205087,False
44.16,3.852709648441663,32.615550725859386,34.46826037430105,0.3371875203206553,0.27787534689770804,False
44.18,3.853894717238362,32.621108408960744,34.47500312619911,0.3370877071858389,0.27789295598913744,False
44.2,3.855077440284997,32.62666644380944,34.48174388409444,0.33698811994426453,0.2779105216539131,False
44.22,3.8562578229604005,32.6322248295383,34.48848265249871,0.3368887579768745,0.2779280440290466,False
44.24,3.857435870628312,32.637783565282916,34.49521943591123,0.3367896206666867,0.2779455232509889,False
44.26,3.8586115886374253,32.64334265018156,34.50195423881899,0.3366907073987862,0.27796295945563415,False
44.28,3.8597849823214467,32.64890208337526,34.50868706569671,0.33659201756031704,0.27798035277832184,False
44.3,3.860956056999143,32.654461864007715,34.515417921006865,0.3364935505404742,0.2779977033538401,False
44.32,3.8621248179743968,32.66002199122533,34.52214680919973,0.3363953057304955,0.27801501131642825,False
44.34,3.863291270536255,32.66558246417718,34.528873734713436,0.33629728252365343,0.2780322767997798,False
44.36,3.8644554199589813,32.67114328201501,34.535598701973996,0.3361994803152476,0.2780494999370451,False
44.38,3.865617271502111,32.676704443893236,34.54232171539535,0.33610189850259603,0.27806668086083386,False
44.4,3.866776830410495,32.6822659489689,34.5490427793794,0.336004536485028,0.2780838197032185,False
44.42,3.867934101914358,32.6878277964017,34.555761898316064,0.3359073936638754,0.27810091659573627,False
44.44,3.869089091229344,32.69338998535394,34.56247907658329,0.33581046944246545,0.2781179716693924,False
44.46,3.8702418035565698,32.69895251499055,34.569194318547126,0.3357137632261127,0.27813498505466255,False
44.480000000000004,3.871392244082674,32.704515384479066,34.57590762856175,0.3356172744221108,0.2781519568814955,False
44.5,3.872540417979865,32.71007859298962,34.58261901096949,0.33552100243972555,0.27816888727931605,False
44.519999999999996,3.873686330405975,32.7156421396949,34.58932847010089,0.3354249466901864,0.27818577637702724,False
44.54,3.874829986504509,32.721206023770215,34.59603601027474,0.3353291065866791,0.27820262430301346,False
44.56,3.875971391404689,32.7267702443934,34.6027416357981,0.335233481544338,0.27821943118514264,False
44.58,3.877110550221508,32.73233480074485,34.60944535096636,0.3351380709802387,0.27823619715076914,False
44.6,3.87824746805578,32.7378996920075,34.61614716006329,0.3350428743133896,0.2782529223267363,False
44.620000000000005,3.879382149994184,32.74346491736683,34.62284706736102,0.33494789096472527,0.2782696068393788,False
44.64,3.880514601109317,32.74903047601083,34.62954507712015,0.3348531203570985,0.2782862508145254,False
44.66,3.881644826459739,32.75459636713,34.63624119358975,0.33475856191527276,0.2783028543775015,False
44.68,3.882772831090026,32.76016258991734,34.64293542100738,0.3346642150659146,0.2783194176531316,False
44.7,3.8838986200308105,32.76572914356837,34.64962776359919,0.3345700792375868,0.2783359407657417,False
44.72,3.8850221982988367,32.771296027281046,34.656318225579895,0.3344761538607403,0.27835242383916203,False
44.74,3.886143570897004,32.77686324025583,34.66300681115285,0.33438243836770715,0.27836886699672914,False
44.76,3.8872627428144155,32.78243078169563,34.66969352451006,0.33428893219269307,0.2783852703612889,False
44.78,3.8883797190264247,32.78799865080581,34.67637836983225,0.33419563477177033,0.27840163405519847,False
44.8,3.889494504494683,32.79356684679418,34.68306135128887,0.33410254554287017,0.278417958200329,False
44.82,3.890607104167187,32.79913536887098,34.68974247303817,0.3340096639457757,0.27843424291806795,False
44.84,3.891717522978324,32.80470421624886,34.6964217392272,0.3339169894221148,0.2784504883293215,False
44.86,3.892825765848918,32.81027338814291,34.703099153991836,0.33382452141535285,0.278466694554517,False
44.88,3.893931837686279,32.8158428837706,34.70977472145689,0.3337322593707853,0.27848286171360515,False
44.9,3.895035743384244,32.82141270235181,34.71644844573606,0.33364020273553124,0.2784989899260627,False
44.92,3.8961374878232293,32.82698284310879,34.72312033093203,0.33354835095852536,0.2785150793108944,False
44.94,3.8972370758702692,32.83255330526618,34.72979038113647,0.3334567034905117,0.2785311299866358,False
44.96,3.8983345123790674,32.83812408805098,34.73645860043006,0.3333652597840363,0.278547142071355,False
44.980000000000004,3.8994298021900384,32.84369519069254,34.7431249928826,0.33327401929344014,0.27856311568265546,False
45.0,3.9005229501303535,32.849266612422575,34.74978956255295,0.33318298147485226,0.27857905093767793,False
45.019999999999996,3.9016139610139877,32.85483835247512,34.75645231348913,0.3330921457861829,0.27859494795310313,False
45.04,3.9027028396417625,32.860410410086544,34.76311324972833,0.33300151168711634,0.27861080684515355,False
45.06,3.9037895908013907,32.86598278449554,34.76977237529695,0.3329110786391042,0.27862662772959595,False
45.08,3.9048742192675197,32.871555474943115,34.77642969421065,0.3328208461053588,0.27864241072174367,False
45.1,3.9059567298017788,32.87712848067256,34.78308521047436,0.3327308135508459,0.2786581559364586,False
45.120000000000005,3.9070371271528215,32.88270180092948,34.78973892808233,0.3326409804422779,0.27867386348815376,False
45.14,3.9081154160563667,32.88827543496176,34.79639085101815,0.33255134624810784,0.27868953349079506,False
45.16,3.9091916012352472,32.893849382019546,34.80304098325482,0.33246191043852175,0.27870516605790385,False
45.18,3.9102656873994506,32.899423641355256,34.809689328754736,0.3323726724854323,0.2787207613025589,False
45.2,3.9113376792461616,32.90499821222358,34.81633589146977,0.33228363186247223,0.2787363193373987,False
45.22,3.9124075814598065,32.91057309388143,34.82298067534127,0.3321947880449879,0.2787518402746232,False
45.24,3.913475398712098,32.916148285587994,34.829623684300124,0.3321061405100318,0.27876732422599676,False
45.26,3.914541135662073,32.921723786604645,34.83626492226675,0.33201768873635706,0.27878277130284934,False
45.28,3.91560479695614,32.92729959619501,34.84290439315119,0.3319294322044102,0.27879818161607933,False
45.3,3.916666387228119,32.93287571362493,34.84954210085308,0.3318413703963247,0.2788135552761552,False
45.32,3.917725911099285,32.93845213816244,34.85617804926175,0.3317535027959148,0.27882889239311776,False
45.34,3.9187833731784085,32.94402886907777,34.862812242256204,0.33166582888866863,0.2788441930765823,False
45.36,3.9198387780617985,32.94960590564334,34.86944468370517,0.331578348161742,0.2788594574357404,False
45.38,3.9208921303333457,32.95518324713376,34.87607537746714,0.33149106010395185,0.27887468557936246,False
45.4,3.9219434345645605,32.9607608928258,34.88270432739039,0.33140396420577006,0.2788898776157991,False
45.42,3.9229926953146173,32.9663388419984,34.88933153731304,0.3313170599593169,0.27890503365298364,False
45.44,3.924039917130395,32.97191709393264,34.89595701106307,0.3312303468583548,0.278920153798434,False
45.46,3.925085104546517,32.97749564791177,34.90258075245832,0.3311438243982818,0.2789352381592548,False
45.480000000000004,3.9261282620853946,32.98307450322116,34.90920276530658,0.3310574920761257,0.2789502868421389,False
45.5,3.927169394257264,32.98865365914831,34.9158230534056,0.33097134939053746,0.27896529995337005,False
45.519999999999996,3.928208505560231,32.994233114982855,34.92244162054312,0.33088539584178506,0.2789802775988244,False
45.54,3.9292456004803085,32.99981287001653,34.92905847049687,0.3307996309317473,0.2789952198839725,False
45.56,3.930280683491458,33.005392923543184,34.93567360703467,0.3307140541639077,0.2790101269138815,False
45.58,3.9313137590556284,33.01097327485875,34.942287033914404,0.33062866504334826,0.27902499879321674,False
45.6,3.932344831622798,33.01655392326126,34.9488987548841,0.3305434630767434,0.2790398356262439,False
45.620000000000005,3.9333739056310124,33.02213486805085,34.95550877368189,0.33045844777235384,0.27905463751683085,False
45.64,3.934400985506425,33.02771610852968,34.96211709403614,0.3303736186400205,0.27906940456844953,False
45.66,3.935426075663337,33.03329764400201,34.968723719665384,0.3302889751911584,0.27908413688417794,False
45.68,3.9364491805042348,33.03887947377416,34.97532865427843,0.330204516938751,0.27909883456670176,False
45.7,3.9374703044198314,33.04446159715447,34.98193190157434,0.33012024339734364,0.2791134977183167,False
45.72,3.938489451789103,33.05004401345336,34.988533465242504,0.3300361540830381,0.27912812644092966,False
45.74,3.9395066269793304,33.05562672198326,34.99513334896263,0.3299522485134863,0.27914272083606123,False
45.76,3.940521834346135,33.06120972205863,35.001731556404806,0.32986852620788465,0.2791572810048472,False
45.78,3.94153507823352,33.06679301299595,35.00832809122951,0.3297849866869678,0.2791718070480405,False
45.8,3.942546362973906,33.07237659411372,35.01492295708766,0.32970162947300335,0.27918629906601283,False
45.82,3.943555692888172,33.07796046473243,35.02151615762064,0.3296184540897854,0.2792007571587568,False
45.84,3.9445630722856917,33.083544624174564,35.028107696460296,0.329535460062629,0.2792151814258873,False
45.86,3.9455685054643697,33.08912907176462,35.034697577229025,0.3294526469183648,0.2792295719666436,False
45.88,3.9465719967106847,33.09471380682905,35.04128580353977,0.32937001418533224,0.2792439288798912,False
45.9,3.947573550299721,33.10029882869629,35.04787237899605,0.32928756139337484,0.27925825226412304,False
45.92,3.9485731704952096,33.10588413669674,35.05445730719199,0.32920528807383415,0.279272542217462,False
45.94,3.9495708615495646,33.11146973016276,35.06104059171237,0.32912319375954363,0.27928679883766216,False
45.96,3.9505666277039198,33.11705560842867,35.067622236132635,0.32904127798482363,0.2793010222221107,False
45.980000000000004,3.951560473188167,33.122641770830725,35.074202244018934,0.3289595402854753,0.27931521246782937,False
46.0,3.95255240222099,33.12822821670711,35.08078061892814,0.32887798019877545,0.27932936967147665,False
46.019999999999996,3.953542419009906,33.133814945397944,35.08735736440789,0.32879659726347027,0.2793434939293491,False
46.04,3.9545305277512974,33.13940195624528,35.09393248399662,0.3287153910197703,0.2793575853373834,False
46.06,3.9555167326304512,33.14498924859308,35.10050598122357,0.3286343610093449,0.2793716439911573,False
46.08,3.956501037821594,33.1505768217872,35.107077859608836,0.32855350677531625,0.27938566998589254,False
46.1,3.957483447487929,33.15616467517542,35.11364812266339,0.32847282786225446,0.2793996634164551,False
46.120000000000005,3.9584639657816703,33.161752808107394,35.120216773889105,0.32839232381617145,0.27941362437735806,False
46.14,3.9594425968440805,33.16734121993468,35.1267838167788,0.3283119941845163,0.27942755296276217,False
46.16,3.9604193448055063,33.17292991001069,35.13334925481624,0.32823183851616905,0.2794414492664786,False
46.18,3.9613942137854132,33.17851887769074,35.1399130914762,0.3281518563614356,0.2794553133819699,False
46.2,3.9623672078924215,33.184108122332,35.14647533022447,0.3280720472720426,0.2794691454023513,False
46.22,3.9633383312243393,33.189697643293485,35.15303597451788,0.32799241080113173,0.2794829454203935,False
46.24,3.9643075878682033,33.19528743993608,35.159595027804336,0.32791294650325437,0.27949671352852273,False
46.26,3.965274981900307,33.20087751162251,35.166152493522866,0.32783365393436653,0.2795104498188239,False
46.28,3.9662405173862405,33.20646785771733,35.172708375103625,0.3277545326518234,0.27952415438304085,False
46.3,3.967204198380923,33.21205847758693,35.179262675967905,0.3276755822143742,0.2795378273125788,False
46.32,3.968166028928638,33.21764937059954,35.18581539952823,0.32759680218215664,0.27955146869850567,False
46.34,3.9691260130630663,33.22324053612519,35.19236654918831,0.3275181921166921,0.2795650786315533,False
46.36,3.970084154807324,33.22883197353572,35.19891612834309,0.3274397515808802,0.2795786572021196,False
46.38,3.971040458173992,33.23442368220479,35.20546414037883,0.3273614801389937,0.2795922045002697,False
46.4,3.971994927165154,33.24001566150785,35.212010588673046,0.3272833773566732,0.2796057206157374,False
46.42,3.972947565772428,33.24560791082213,35.21855547659461,0.3272054428009222,0.2796192056379272,False
46.44,3.973898377977001,33.25120042952666,35.22509880750371,0.3271276760401019,0.279632659655915,False
46.46,3.9748473677496623,33.25679321700226,35.23164058475197,0.3270500766439262,0.2796460827584505,False
46.480000000000004,3.9757945390508382,33.262386272631495,35.238180811682376,0.3269726441834564,0.27965947503395816,False
46.5,3.9767398958306224,33.26797959579869,35.24471949162937,0.3268953782310965,0.27967283657053876,False
46.519999999999996,3.977683442028813,33.27357318588997,35.251256627918835,0.32681827836058774,0.279686167455971,False
46.54,3.9786251815749436,33.279167042293174,35.25779222386817,0.3267413441470041,0.2796994677777127,False
46.56,3.979565118388317,33.284761164397906,35.26432628278627,0.32666457516674685,0.2797127376229029,False
46.58,3.980503256378036,33.290355551595496,35.27085880797358,0.32658797099754,0.2797259770783625,False
46.6,3.981439599443039,33.29595020327902,35.277389802722105,0.32651153121842497,0.27973918623059635,False
46.620000000000005,3.9823741514721323,33.30154511884327,35.28391927031546,0.326435255409756,0.2797523651657942,False
46.64,3.983306916344019,33.307140297684775,35.290447214028845,0.3263591431531951,0.2797655139698327,False
46.66,3.984237897927337,33.31273573920176,35.29697363712915,0.32628319403170714,0.2797786327282762,False
46.68,3.985167100080687,33.318331442794175,35.303498542874905,0.32620740762955514,0.27979172152637866,False
46.7,3.986094526652666,33.32392740786365,35.310021934516364,0.3261317835322951,0.2798047804490849,False
46.72,3.9870201814818986,33.32952363381353,35.316543815295475,0.32605632132677187,0.27981780958103175,False
46.74,3.9879440683970704,33.33512012004885,35.32306418844597,0.32598102060111345,0.27983080900655005,False
46.76,3.9888661912169585,33.34071686597631,35.32958305719331,0.325905880944727,0.2798437788096652,False
46.78,3.9897865537504633,33.34631387100431,35.33610042475482,0.3258309019482935,0.2798567190740994,False
46.8,3.99070515979664,33.35191113454291,35.34261629433959,0.32575608320376365,0.27986962988327246,False
46.82,3.991622013144731,33.35750865600383,35.34913066914861,0.3256814243043523,0.2798825113203034,False
46.84,3.992537117574195,33.36310643480046,35.3556435523747,0.32560692484453485,0.2798953634680116,False
46.86,3.993450476854739,33.368704470347836,35.362154947202626,0.32553258442004135,0.27990818640891835,False
46.88,3.994362094746352,33.374302762062655,35.36866485680905,0.32545840262785297,0.27992098022524825,False
46.9,3.995271974999331,33.379901309363234,35.3751732843626,0.3253843790661966,0.2799337449989303,False
46.92,3.9961801213543158,33.385500111669536,35.3816802330239,0.32531051333454053,0.27994648081159945,False
46.94,3.9970865375423172,33.391099168403166,35.388185705945524,0.3252368050335899,0.2799591877445976,False
46.96,3.99799122728475,33.39669847898733,35.394689706272125,0.3251632537652821,0.27997186587897555,False
46.980000000000004,3.998894194293461,33.40229804284687,35.40119223714038,0.32508985913278193,0.2799845152954935,False
47.0,3.999795442270759,33.40789785940824,35.40769330167904,0.3250166207404776,0.27999713607462295,False
47.019999999999996,4.000694974909448,33.413497928099474,35.41419290300897,0.32494353819397576,0.28000972829654786,False
47.04,4.001592795892855,33.41909824835025,35.42069104424314,0.3248706111000971,0.28002229204116563,False
47.06,4.002488908894861,33.424698819591804,35.42718772848671,0.324797839066872,0.2800348273880889,False
47.08,4.003383317579928,33.43029964125699,35.433682958836954,0.3247252217035362,0.2800473344166462,False
47.1,4.004276025603134,33.43590071278021,35.44017673838338,0.32465275862052567,0.2800598132058839,False
47.120000000000005,4.005167036610197,33.44150203359748,35.44666907020772,0.32458044942947323,0.28007226383456696,False
47.14,4.006056354237509,33.447103603146374,35.453159957383924,0.324508293743203,0.2800846863811804,False
47.16,4.006943982112162,33.45270542086603,35.459649402978236,0.32443629117572714,0.28009708092393043,False
47.18,4.00782992385198,33.45830748619716,35.46613741004918,0.3243644413422406,0.28010944754074574,False
47.2,4.008714183065546,33.46390979858201,35.472623981647594,0.32429274385911727,0.2801217863092788,False
47.22,4.009596763352231,33.469512357464396,35.479109120816666,0.32422119834390567,0.2801340973069071,False
47.24,4.010477668302228,33.47511516228966,35.48559283059193,0.3241498044153239,0.2801463806107341,False
47.26,4.011356901496571,33.48071821250471,35.492075114001324,0.32407856169325655,0.28015863629759086,False
47.28,4.012234466507174,33.48632150755796,35.49855597406518,0.32400746979874934,0.2801708644440368,False
47.3,4.013110366896852,33.491925046899375,35.50503541379627,0.32393652835400544,0.2801830651263614,False
47.32,4.0139846062193545,33.49752882998043,35.51151343619983,0.3238657369823811,0.2801952384205848,False
47.34,4.01485718801939,33.50313285625412,35.51799004427355,0.32379509530838163,0.2802073844024595,False
47.36,4.015728115832658,33.508737125174946,35.524465241007654,0.3237246029576567,0.2802195031474714,False
47.38,4.016597393185876,33.51434163619894,35.53093902938486,0.32365425955699645,0.28023159473084075,False
47.4,4.017465023596802,33.5199463887836,35.53741141238045,0.3235840647343275,0.2802436592275236,False
47.42,4.018331010574275,33.52555138238796,35.543882392962274,0.32351401811870845,0.2802556967122128,False
47.44,4.019195357618227,33.53115661647251,35.55035197409078,0.32344411934032613,0.28026770725933914,False
47.46,4.020058068219726,33.536762090499245,35.55682015871901,0.32337436803049097,0.2802796909430728,False
47.480000000000004,4.020919145860994,33.54236780393163,35.56328694979267,0.32330476382163326,0.2802916478373241,False
47.5,4.0217785940154345,33.547973756234626,35.569752350250106,0.32323530634729913,0.2803035780157447,False
47.519999999999996,4.022636416147666,33.55357994687464,35.576216363022354,0.32316599524214634,0.2803154815517289,False
47.54,4.023492615713546,33.55918637531957,35.582678991033156,0.32309683014194,0.2803273585184149,False
47.56,4.024347196160195,33.56479304103874,35.589140237198976,0.32302781068354913,0.28033920898868536,False
47.58,4.02520016092603,33.570399943502956,35.59560010442903,0.3229589365049422,0.28035103303516906,False
47.6,4.0260515134407875,33.57600708218447,35.6020585956253,0.32289020724518275,0.2803628307302419,False
47.620000000000005,4.02690125712555,33.58161445655697,35.608515713682564,0.32282162254442665,0.28037460214602766,False
47.64,4.027749395392774,33.5872220660956,35.61497146148841,0.322753182043917,0.28038634735439955,False
47.66,4.0285959316463185,33.59282991027691,35.62142584192327,0.3226848853859804,0.2803980664269811,False
47.68,4.029440869281469,33.59843798857891,35.62787885786042,0.3226167322140234,0.2804097594351472,False
47.7,4.0302842116849655,33.60404630048102,35.63433051216604,0.32254872217252833,0.28042142645002505,False
47.72,4.031125962235025,33.60965484546409,35.640780807699166,0.32248085490704936,0.28043306754249575,False
47.74,4.031966124301376,33.61526362301038,35.647229747311805,0.32241313006420885,0.2804446827831948,False
47.76,4.032804701245277,33.62087263260354,35.65367733384887,0.3223455472916929,0.2804562722425134,False
47.78,4.033641696419545,33.62648187372867,35.660123570148265,0.3222781062382484,0.28046783599059966,False
47.8,4.034477113168584,33.632091345872226,35.66656845904086,0.32221080655367856,0.2804793740973592,False
47.82,4.0353109548284065,33.63770104852208,35.67301200335054,0.3221436478888391,0.28049088663245675,False
47.84,4.036143224726665,33.64331098116751,35.67945420589423,0.3220766298956347,0.28050237366531683,False
47.86,4.036973926182671,33.64892114329914,35.685895069481866,0.32200975222701517,0.2805138352651248,False
47.88,4.037803062507424,33.65453153440902,35.692334596916496,0.32194301453697177,0.28052527150082807,False
47.9,4.038630637003642,33.66014215399054,35.698772790994234,0.32187641648053256,0.280536682441137,False
47.92,4.039456652965778,33.665753001538484,35.705209654504316,0.3218099577137604,0.28054806815452593,False
47.94,4.040281113680048,33.671364076549,35.7116451902291,0.32174363789374755,0.2805594287092341,False
47.96,4.041104022424461,33.67697537851958,35.7180794009441,0.321677456678613,0.28057076417326704,False
47.980000000000004,4.0419253824688415,33.682586906949105,35.724512289418,0.321611413727498,0.28058207461439694,False
48.0,4.042745197074849,33.688198661337786,35.73094385841269,0.3215455087005634,0.2805933601001643,False
